filename,true_label,condition,input,width,height,dtype,mode,native_mean_0_255,native_std,native_zero_fraction,native_255_fraction,resized_mean_0_255,resized_std
CASIA2_REAL_Au_cha_10151_aug1.png,0,casia_prepared_validation,rgb,528,318,uint8,RGB,98.66296613938124,71.77744437896162,0.009670208373038561,0.00245775363699892,98.65156648596938,68.52446550722604
CASIA2_REAL_Au_cha_10151_aug1.png,0,casia_prepared_validation,ela,528,318,uint8,RGB,61.718432358172926,53.097386872240186,0.06547392160599708,0.007065545391017089,61.713355654761905,27.907796479919032
CASIA2_REAL_Au_arc_30635_aug1.png,0,casia_prepared_validation,rgb,384,256,uint8,RGB,113.84635077582465,57.86872068977848,0.010189480251736112,0.0,113.87761080994898,56.3043034496206
CASIA2_REAL_Au_arc_30635_aug1.png,0,casia_prepared_validation,ela,384,256,uint8,RGB,40.003696017795136,51.71229805562328,0.2141791449652778,0.007039388020833333,40.044609640731295,39.198616878646575
CASIA2_REAL_Au_arc_30178_aug1.png,0,casia_prepared_validation,rgb,256,384,uint8,RGB,119.18008761935764,73.7409485756372,0.0008951822916666666,1.6954210069444445e-05,119.21502311862245,73.0173238679664
CASIA2_REAL_Au_arc_30178_aug1.png,0,casia_prepared_validation,ela,256,384,uint8,RGB,39.822608100043404,43.31494238420339,0.1993679470486111,0.001468234592013889,39.818140146683675,30.86379578863028
CASIA2_REAL_Au_ind_00043_aug1.png,0,casia_prepared_validation,rgb,256,384,uint8,RGB,66.36134168836806,60.065991315084844,0.018934461805555556,0.00047471788194444444,66.4085087159864,59.23666820654498
CASIA2_REAL_Au_ind_00043_aug1.png,0,casia_prepared_validation,ela,256,384,uint8,RGB,0.5677625868055556,3.0145036463015815,0.9604831271701388,0.0,0.5712624893707483,2.388663434935487
CASIA2_REAL_Au_nat_10126_aug1.png,0,casia_prepared_validation,rgb,384,256,uint8,RGB,66.11423068576389,63.00322040478805,0.046162923177083336,0.007473415798611111,66.16106637967687,60.14715933971504
CASIA2_REAL_Au_nat_10126_aug1.png,0,casia_prepared_validation,ela,384,256,uint8,RGB,9.537116156684029,13.508612468900107,0.44818115234375,0.0,9.572411777210885,10.25261572977249
CASIA2_REAL_Au_pla_20035_aug1.png,0,casia_prepared_validation,rgb,600,368,uint8,RGB,65.82305404589371,48.55541139831149,0.007019927536231884,4.528985507246377e-06,65.8249893707483,47.74381136548608
CASIA2_REAL_Au_pla_20035_aug1.png,0,casia_prepared_validation,ela,600,368,uint8,RGB,12.841206219806763,14.725881076684251,0.3464356884057971,4.528985507246377e-06,12.83757174744898,10.260508702373421
CASIA2_REAL_Au_sec_30470_aug1.png,0,casia_prepared_validation,rgb,256,384,uint8,RGB,95.08841281467014,61.12646889578407,0.012678358289930556,3.0517578125e-05,95.12777024872449,59.32295346839869
CASIA2_REAL_Au_sec_30470_aug1.png,0,casia_prepared_validation,ela,256,384,uint8,RGB,43.619723849826386,46.0277155725151,0.12239244249131945,0.003953721788194444,43.62080808886054,33.44948398327697
CASIA2_REAL_Au_nat_30397_aug1.png,0,casia_prepared_validation,rgb,384,256,uint8,RGB,124.64716254340277,54.698732140973036,0.009151882595486112,6.781684027777777e-06,124.68864264455782,53.577286714885204
CASIA2_REAL_Au_nat_30397_aug1.png,0,casia_prepared_validation,ela,384,256,uint8,RGB,22.419026692708332,22.265965089189827,0.19785902235243055,0.0,22.429428411989797,15.23252715725608
CASIA2_REAL_Au_pla_30508_aug1.png,0,casia_prepared_validation,rgb,384,256,uint8,RGB,49.60130140516493,61.26828566258258,0.06554497612847222,8.477105034722222e-05,49.63567575467687,59.5772666444747
CASIA2_REAL_Au_pla_30508_aug1.png,0,casia_prepared_validation,ela,384,256,uint8,RGB,7.2381591796875,9.329112352189963,0.5142415364583334,0.0,7.27186968537415,6.102559372962717
CASIA2_REAL_Au_art_30516_aug1.png,0,casia_prepared_validation,rgb,384,256,uint8,RGB,64.04023573133681,54.40954626018431,0.00933837890625,1.0172526041666666e-05,64.08299452593538,53.07249044026848
CASIA2_REAL_Au_art_30516_aug1.png,0,casia_prepared_validation,ela,384,256,uint8,RGB,47.933264838324654,47.12393893639502,0.09137641059027778,0.005957709418402778,47.962917198129254,32.56203841012995
CASIA2_REAL_Au_cha_10211_aug1.png,0,casia_prepared_validation,rgb,800,531,uint8,RGB,147.75131669805398,86.51739893918246,0.032743251726302575,0.006268832391713748,147.74782764668367,84.65522253041672
CASIA2_REAL_Au_cha_10211_aug1.png,0,casia_prepared_validation,ela,800,531,uint8,RGB,35.88071249215317,47.394694086496834,0.2532823289391086,0.005635593220338983,35.879663584183675,32.44520767013864
CASIA2_REAL_Au_nat_30043_aug1.png,0,casia_prepared_validation,rgb,384,256,uint8,RGB,88.35991753472223,65.23651752639056,0.0033976236979166665,0.0,88.40403114370748,64.98637205639812
CASIA2_REAL_Au_nat_30043_aug1.png,0,casia_prepared_validation,ela,384,256,uint8,RGB,16.316121419270832,18.285154964172886,0.2689005533854167,6.781684027777777e-06,16.36064386692177,13.15834077340262
CASIA2_REAL_Au_cha_30483_aug1.png,0,casia_prepared_validation,rgb,256,384,uint8,RGB,57.93700154622396,63.439814430996115,0.018449571397569444,3.3908420138888887e-06,57.97238387542517,63.12292032632487
CASIA2_REAL_Au_cha_30483_aug1.png,0,casia_prepared_validation,ela,256,384,uint8,RGB,1.820068359375,5.008490278029764,0.8611348470052084,0.0,1.835133662840136,3.5170294455774127
CASIA2_REAL_Au_nat_30694_aug1.png,0,casia_prepared_validation,rgb,384,256,uint8,RGB,112.86369154188368,53.779047016009955,0.005181206597222222,0.00020684136284722222,112.9011612457483,51.772469023812036
CASIA2_REAL_Au_nat_30694_aug1.png,0,casia_prepared_validation,ela,384,256,uint8,RGB,2.2548421223958335,5.851086465582458,0.8423563639322916,0.0,2.261639030612245,4.159073870958396
CASIA2_REAL_Au_cha_30222_aug1.png,0,casia_prepared_validation,rgb,384,256,uint8,RGB,37.43401082356771,63.43303972096162,0.006371392144097222,7.798936631944444e-05,37.454227784863946,62.997711117228405
CASIA2_REAL_Au_cha_30222_aug1.png,0,casia_prepared_validation,ela,384,256,uint8,RGB,6.966078016493055,12.24418528352819,0.6219109429253472,0.0,6.9760443239795915,9.971515426295289
CASIA2_REAL_Au_ani_30278_aug1.png,0,casia_prepared_validation,rgb,256,384,uint8,RGB,118.28331841362848,80.20398966046523,0.003994411892361111,2.712673611111111e-05,118.3157419217687,79.50050486353338
CASIA2_REAL_Au_ani_30278_aug1.png,0,casia_prepared_validation,ela,256,384,uint8,RGB,1.9406806098090277,4.925315109848459,0.8451809353298612,0.0,1.958353263180272,3.44878512124089
CASIA1_REAL_Au_txt_0033_aug1.png,0,casia_prepared_validation,rgb,384,256,uint8,RGB,108.66958618164062,75.39757615133381,0.0032958984375,3.3908420138888887e-06,108.7071840454932,74.13323123302635
CASIA1_REAL_Au_txt_0033_aug1.png,0,casia_prepared_validation,ela,384,256,uint8,RGB,18.335469563802082,18.064659370704305,0.2172309027777778,0.0,18.367493090986393,12.063405660083884
CASIA2_REAL_Au_arc_30703_aug1.png,0,casia_prepared_validation,rgb,384,256,uint8,RGB,103.22585042317708,62.00924184430803,0.019866943359375,0.00014580620659722222,103.26197119472789,56.312617937848096
CASIA2_REAL_Au_arc_30703_aug1.png,0,casia_prepared_validation,ela,384,256,uint8,RGB,1.5532769097222223,5.231937046651705,0.9025539822048612,0.0,1.5591982886904763,4.325869425376272
CASIA2_REAL_Au_ani_30219_aug1.png,0,casia_prepared_validation,rgb,384,256,uint8,RGB,106.03153822157118,51.18447131010757,0.004438612196180556,0.0,106.06463913690476,50.59629741502199
CASIA2_REAL_Au_ani_30219_aug1.png,0,casia_prepared_validation,ela,384,256,uint8,RGB,4.547085232204861,7.5328653138348995,0.6761237250434028,0.0,4.562679368622449,6.0213912255928905
CASIA2_REAL_Au_ind_30105_aug1.png,0,casia_prepared_validation,rgb,256,384,uint8,RGB,92.75478786892361,53.4170287895772,0.0027025010850694445,5.425347222222222e-05,92.79090268920068,51.96298103611291
CASIA2_REAL_Au_ind_30105_aug1.png,0,casia_prepared_validation,ela,256,384,uint8,RGB,0.005120171440972222,0.25840544018659156,0.9995659722222222,0.0,0.005042251275510204,0.19012429591178548
CASIA2_REAL_Au_pla_30158_aug1.png,0,casia_prepared_validation,rgb,256,384,uint8,RGB,62.429846869574654,59.60354880540628,0.030592176649305556,1.6954210069444445e-05,62.46734826743197,57.601569813710945
CASIA2_REAL_Au_pla_30158_aug1.png,0,casia_prepared_validation,ela,256,384,uint8,RGB,45.81873575846354,43.24873024460005,0.09684244791666667,0.0029127332899305555,45.82998511904762,28.159850735993224
CASIA1_REAL_Au_ani_0083_aug1.png,0,casia_prepared_validation,rgb,256,384,uint8,RGB,123.27218288845486,55.82353301711557,0.004157172309027778,0.001247829861111111,123.31311118197279,53.42490070343357
CASIA1_REAL_Au_ani_0083_aug1.png,0,casia_prepared_validation,ela,256,384,uint8,RGB,27.969682481553818,27.843607755135046,0.143798828125,0.00014580620659722222,27.956606079931973,18.906771010789647
CASIA2_REAL_Au_cha_30311_aug1.png,0,casia_prepared_validation,rgb,256,384,uint8,RGB,102.419189453125,58.45100935541117,0.006432427300347222,0.0004848904079861111,102.4585724914966,56.70501093050672
CASIA2_REAL_Au_cha_30311_aug1.png,0,casia_prepared_validation,ela,256,384,uint8,RGB,17.464090983072918,16.766361346894524,0.22298177083333334,0.0,17.469254889455783,10.952982152123788
CASIA2_REAL_Au_nat_30149_aug1.png,0,casia_prepared_validation,rgb,384,256,uint8,RGB,76.35379706488715,61.41961566687476,0.0011088053385416667,6.781684027777777e-06,76.39589312287416,60.580743176841885
CASIA2_REAL_Au_nat_30149_aug1.png,0,casia_prepared_validation,ela,384,256,uint8,RGB,34.55634223090278,35.40508014640332,0.1293707953559028,0.0008884006076388889,34.586150085034014,24.61918624686683
CASIA2_REAL_Au_arc_20025_aug1.png,0,casia_prepared_validation,rgb,800,600,uint8,RGB,106.17643402777777,66.07221314218303,0.005563194444444444,0.0018256944444444445,106.1834941007653,62.47492634323213
CASIA2_REAL_Au_arc_20025_aug1.png,0,casia_prepared_validation,ela,800,600,uint8,RGB,19.728875,23.491763440995832,0.3118986111111111,2.777777777777778e-06,19.72951876062925,14.80074044628907
CASIA2_REAL_Au_nat_30552_aug1.png,0,casia_prepared_validation,rgb,384,256,uint8,RGB,110.51657443576389,62.41391475392707,0.018161349826388888,0.0017225477430555555,110.52425462372449,53.62721769215707
CASIA2_REAL_Au_nat_30552_aug1.png,0,casia_prepared_validation,ela,384,256,uint8,RGB,9.56729465060764,9.670067633134318,0.3544887966579861,0.0,9.60453869047619,5.623088169035885
CASIA2_REAL_Au_sec_00074_aug1.png,0,casia_prepared_validation,rgb,384,256,uint8,RGB,108.42197672526042,63.920809514047136,0.0021192762586805555,0.04754299587673611,108.45978156887755,62.13044369837721
CASIA2_REAL_Au_sec_00074_aug1.png,0,casia_prepared_validation,ela,384,256,uint8,RGB,4.987657335069445,6.940764966366794,0.5968017578125,0.0,5.020454666241497,4.461330882304949
CASIA2_REAL_Au_pla_30721_aug1.png,0,casia_prepared_validation,rgb,384,256,uint8,RGB,107.0801018608941,74.01913834155471,0.0001220703125,0.0,107.113387542517,73.46077485695974
CASIA2_REAL_Au_pla_30721_aug1.png,0,casia_prepared_validation,ela,384,256,uint8,RGB,0.8199734157986112,3.3787564838113813,0.9366828070746528,0.0,0.8246306335034014,2.3475700154204953
CASIA2_REAL_Au_ani_00073_aug1.png,0,casia_prepared_validation,rgb,256,384,uint8,RGB,100.34246148003473,46.296685918494575,0.000579833984375,8.138020833333333e-05,100.3841477997449,44.964144295777935
CASIA2_REAL_Au_ani_00073_aug1.png,0,casia_prepared_validation,ela,256,384,uint8,RGB,36.93608601888021,33.03521772234701,0.09861585828993055,0.0003696017795138889,36.9016262755102,22.791129749326515
CASIA2_REAL_Au_ind_30077_aug1.png,0,casia_prepared_validation,rgb,384,256,uint8,RGB,92.67462836371527,57.222594212030664,0.004099527994791667,1.0172526041666666e-05,92.71531542304422,55.532800186941614
CASIA2_REAL_Au_ind_30077_aug1.png,0,casia_prepared_validation,ela,384,256,uint8,RGB,1.3880072699652777,4.353802622634249,0.8953280978732638,0.0,1.3951490752551021,2.6909944279896414
CASIA2_REAL_Au_pla_30567_aug1.png,0,casia_prepared_validation,rgb,384,256,uint8,RGB,59.574863009982636,54.67926870017703,0.034888373480902776,0.00020005967881944444,59.61725393282313,52.74705347830947
CASIA2_REAL_Au_pla_30567_aug1.png,0,casia_prepared_validation,ela,384,256,uint8,RGB,17.94182671440972,18.49648950202058,0.23988850911458334,0.0,17.966637436224488,12.400933553144634
CASIA2_REAL_Au_ind_30069_aug1.png,0,casia_prepared_validation,rgb,256,384,uint8,RGB,41.75213623046875,51.528131553393095,0.017808702256944444,0.000274658203125,41.786491549744895,50.709023469175264
CASIA2_REAL_Au_ind_30069_aug1.png,0,casia_prepared_validation,ela,256,384,uint8,RGB,8.149515787760416,11.168359011554974,0.5065884060329862,0.0,8.15293500212585,8.29195066712243
CASIA2_FAKE_Tp_D_NRN_M_N_nat10116_cha00029_11673_aug1.png,1,casia_prepared_validation,rgb,384,256,uint8,RGB,133.602786593967,65.15285471701408,0.0033772786458333335,0.003238254123263889,133.64390013818027,63.53957540430142
CASIA2_FAKE_Tp_D_NRN_M_N_nat10116_cha00029_11673_aug1.png,1,casia_prepared_validation,ela,384,256,uint8,RGB,25.753614637586807,23.853346393141404,0.14735582139756945,8.816189236111111e-05,25.7763671875,15.87844050189001
CASIA2_FAKE_Tp_S_NNN_S_N_nat00012_nat00012_00938_aug1.png,1,casia_prepared_validation,rgb,384,256,uint8,RGB,112.96635606553819,80.56509167035436,0.004201253255208333,0.0,113.00079055059524,80.38077004276566
CASIA2_FAKE_Tp_S_NNN_S_N_nat00012_nat00012_00938_aug1.png,1,casia_prepared_validation,ela,384,256,uint8,RGB,2.6820543077256946,5.455302011985455,0.7780931260850694,0.0,2.7000425170068025,3.639732188239111
CASIA2_FAKE_Tp_D_NRN_S_N_arc00075_cha00063_00295_aug1.png,1,casia_prepared_validation,rgb,384,256,uint8,RGB,157.13264973958334,66.704990986866,0.007663302951388889,0.001739501953125,157.1759340454932,64.1684291866342
CASIA2_FAKE_Tp_D_NRN_S_N_arc00075_cha00063_00295_aug1.png,1,casia_prepared_validation,ela,384,256,uint8,RGB,8.223758273654514,16.220187226339196,0.5927971733940972,0.00014580620659722222,8.243908110119047,13.791007841337105
CASIA2_FAKE_Tp_S_NNN_S_N_arc20081_arc20081_01721_aug1.png,1,casia_prepared_validation,rgb,600,430,uint8,RGB,139.63358527131783,77.80974308400958,0.001851421188630491,0.0001537467700258398,139.63796104379253,77.28630442269007
CASIA2_FAKE_Tp_S_NNN_S_N_arc20081_arc20081_01721_aug1.png,1,casia_prepared_validation,ela,600,430,uint8,RGB,0.2508268733850129,2.1557280438329283,0.9830581395348837,0.0,0.2496279761904762,1.832674888462863
CASIA2_FAKE_Tp_D_NRN_S_N_sec00022_sec00023_10809_aug1.png,1,casia_prepared_validation,rgb,384,256,uint8,RGB,88.63504706488715,69.41840707443262,0.012295193142361112,9.494357638888889e-05,88.6831287202381,67.86205280020549
CASIA2_FAKE_Tp_D_NRN_S_N_sec00022_sec00023_10809_aug1.png,1,casia_prepared_validation,ela,384,256,uint8,RGB,5.259433322482639,8.07626584519277,0.6199883355034722,0.0,5.287235597363946,5.817076659503668
CASIA2_FAKE_Tp_D_CRD_S_N_sec00037_art00028_00058_aug1.png,1,casia_prepared_validation,rgb,256,384,uint8,RGB,158.2018025716146,71.75288785047084,0.003916422526041667,0.00016615125868055556,158.24117107780611,70.58405261281085
CASIA2_FAKE_Tp_D_CRD_S_N_sec00037_art00028_00058_aug1.png,1,casia_prepared_validation,ela,256,384,uint8,RGB,2.7226426866319446,5.4480888480336365,0.770050048828125,0.0,2.7403672406462585,3.7097802706900276
CASIA2_FAKE_Tp_S_CND_S_N_art00047_art00047_10507_aug1.png,1,casia_prepared_validation,rgb,384,256,uint8,RGB,85.87907579210069,74.32031655149379,0.020429823133680556,0.002231174045138889,85.91877923044218,73.00162754028831
CASIA2_FAKE_Tp_S_CND_S_N_art00047_art00047_10507_aug1.png,1,casia_prepared_validation,ela,384,256,uint8,RGB,3.9847819010416665,8.805404117549232,0.7572597927517362,0.0,3.9907459077380953,6.879761275036168
CASIA2_FAKE_Tp_D_NRN_S_B_art00087_art00087_01010_aug1.png,1,casia_prepared_validation,rgb,256,384,uint8,RGB,77.96826171875,59.01192751591984,0.027486165364583332,0.000579833984375,78.00615167942176,57.912965100939964
CASIA2_FAKE_Tp_D_NRN_S_B_art00087_art00087_01010_aug1.png,1,casia_prepared_validation,ela,256,384,uint8,RGB,5.797051323784722,9.780933334140755,0.6445821126302084,0.0,5.79905399659864,7.525210862899323
CASIA1_FAKE_Sp_S_NNN_A_nat0037_nat0037_0207_aug1.png,1,casia_prepared_validation,rgb,384,256,uint8,RGB,125.77392239040799,54.52704647568679,0.009429931640625,1.0172526041666666e-05,125.81874468537416,52.95128314227268
CASIA1_FAKE_Sp_S_NNN_A_nat0037_nat0037_0207_aug1.png,1,casia_prepared_validation,ela,384,256,uint8,RGB,25.127427842881943,22.454562898381223,0.16224839952256945,0.0,25.13898410926871,14.145105386216947
CASIA2_FAKE_Tp_S_NNN_S_B_arc00099_arc00099_01031_aug1.png,1,casia_prepared_validation,rgb,256,384,uint8,RGB,109.97220187717014,90.94722114538602,0.006279839409722222,3.3908420138888887e-06,110.00551392431973,90.15611634851692
CASIA2_FAKE_Tp_S_NNN_S_B_arc00099_arc00099_01031_aug1.png,1,casia_prepared_validation,ela,256,384,uint8,RGB,10.474785698784721,15.79457896211788,0.5006544325086806,0.0,10.489483684098639,11.995917382952856
CASIA2_FAKE_Tp_S_CRN_S_O_ind00002_ind00002_10053_aug1.png,1,casia_prepared_validation,rgb,384,256,uint8,RGB,99.06802707248264,85.54235467431731,0.046471489800347224,0.006171332465277778,99.11626408375851,83.58225719132778
CASIA2_FAKE_Tp_S_CRN_S_O_ind00002_ind00002_10053_aug1.png,1,casia_prepared_validation,ela,384,256,uint8,RGB,23.09906005859375,23.709426152770554,0.2089267306857639,0.0,23.13390199829932,16.622488164286903
CASIA2_FAKE_Tp_S_NRN_S_N_txt00084_txt00084_11302_aug1.png,1,casia_prepared_validation,rgb,384,256,uint8,RGB,66.72652859157986,68.2563872657397,0.046973334418402776,8.138020833333333e-05,66.76912600977892,67.40650409807664
CASIA2_FAKE_Tp_S_NRN_S_N_txt00084_txt00084_11302_aug1.png,1,casia_prepared_validation,ela,384,256,uint8,RGB,7.555948893229167,14.268691963550362,0.6123487684461806,0.0,7.565609056122449,11.780771545663232
CASIA2_FAKE_Tp_S_CNN_M_N_pla00090_pla00090_10605_aug1.png,1,casia_prepared_validation,rgb,256,384,uint8,RGB,149.16749742296008,64.18395924598832,0.010704888237847222,0.00146484375,149.20356345663265,61.218185242222724
CASIA2_FAKE_Tp_S_CNN_M_N_pla00090_pla00090_10605_aug1.png,1,casia_prepared_validation,ela,256,384,uint8,RGB,28.279062906901043,31.837341077711706,0.20598347981770834,0.00026109483506944444,28.30080117984694,22.43323116821061
CASIA2_FAKE_Tp_D_NRN_S_N_nat00020_ani00005_00638_aug1.png,1,casia_prepared_validation,rgb,384,256,uint8,RGB,95.48044162326389,65.53155335271826,0.008717854817708334,3.729926215277778e-05,95.52161724064626,64.8950712127482
CASIA2_FAKE_Tp_D_NRN_S_N_nat00020_ani00005_00638_aug1.png,1,casia_prepared_validation,ela,384,256,uint8,RGB,11.039903428819445,14.131099847912791,0.4035983615451389,1.3563368055555555e-05,11.078928837159864,10.35163391516429
CASIA2_FAKE_Tp_S_NNN_S_N_nat10132_nat10132_12141_aug1.png,1,casia_prepared_validation,rgb,600,600,uint8,RGB,111.0944574074074,59.323419942920616,0.004059259259259259,0.000737037037037037,111.07950015943878,59.05635381434391
CASIA2_FAKE_Tp_S_NNN_S_N_nat10132_nat10132_12141_aug1.png,1,casia_prepared_validation,ela,600,600,uint8,RGB,1.595175925925926,4.837215573662921,0.8848157407407408,0.0,1.5824298469387754,2.7742093133686345
CASIA2_FAKE_Tp_S_NNN_S_B_sec00096_sec00096_00116_aug1.png,1,casia_prepared_validation,rgb,384,256,uint8,RGB,128.40585327148438,50.50133006598381,0.0,0.021477593315972224,128.45519770408163,48.922281911138256
CASIA2_FAKE_Tp_S_NNN_S_B_sec00096_sec00096_00116_aug1.png,1,casia_prepared_validation,ela,384,256,uint8,RGB,0.2617390950520833,1.975648221974087,0.9804314507378472,0.0,0.26353900935374147,1.612708219980833
CASIA2_FAKE_Tp_S_CRN_M_N_art00016_art00016_10277_aug1.png,1,casia_prepared_validation,rgb,384,256,uint8,RGB,115.63879055447049,66.37620851226495,0.005184597439236111,0.00011867947048611111,115.67229352678571,63.49883388753436
CASIA2_FAKE_Tp_S_CRN_M_N_art00016_art00016_10277_aug1.png,1,casia_prepared_validation,ela,384,256,uint8,RGB,0.7069227430555556,3.7228749637568375,0.9551595052083334,0.0,0.709157100340136,3.2166935610251364
CASIA2_FAKE_Tp_S_NNN_S_N_sec00010_sec00010_10856_aug1.png,1,casia_prepared_validation,rgb,384,256,uint8,RGB,122.44100613064236,74.89022138895362,0.018141004774305556,0.00026787651909722225,122.47852226828232,74.30771000275912
CASIA2_FAKE_Tp_S_NNN_S_N_sec00010_sec00010_10856_aug1.png,1,casia_prepared_validation,ela,384,256,uint8,RGB,18.04694281684028,18.305113198279006,0.2434455023871528,0.0,18.065595769557824,13.700322943936225
CASIA2_FAKE_Tp_D_NRN_S_N_pla00093_sec00097_11288_aug1.png,1,casia_prepared_validation,rgb,384,256,uint8,RGB,80.66356404622395,53.16534958442256,0.00982666015625,0.0007900661892361111,80.70174984056122,48.47767501249033
CASIA2_FAKE_Tp_D_NRN_S_N_pla00093_sec00097_11288_aug1.png,1,casia_prepared_validation,ela,384,256,uint8,RGB,19.07809787326389,17.718015242505295,0.216705322265625,0.0,19.112437553146258,10.941854695060428
CASIA2_FAKE_Tp_S_NRD_S_B_arc00047_arc00047_01079_aug1.png,1,casia_prepared_validation,rgb,384,256,uint8,RGB,105.16080729166667,78.37170919985927,0.001556396484375,0.017249213324652776,105.17812632865646,77.48461781334301
CASIA2_FAKE_Tp_S_NRD_S_B_arc00047_arc00047_01079_aug1.png,1,casia_prepared_validation,ela,384,256,uint8,RGB,2.4059380425347223,5.909419022698544,0.8246832953559028,0.0,2.415995695153061,4.409041944238328
CASIA2_FAKE_Tp_D_NRN_M_N_nat10126_cha00063_11652_aug1.png,1,casia_prepared_validation,rgb,384,256,uint8,RGB,68.26291910807292,64.1562270559884,0.044806586371527776,0.006571451822916667,68.31286538052721,61.46457270830878
CASIA2_FAKE_Tp_D_NRN_M_N_nat10126_cha00063_11652_aug1.png,1,casia_prepared_validation,ela,384,256,uint8,RGB,21.10477023654514,20.76296341365152,0.2062140570746528,0.0,21.146743463010203,13.616202571491199
CASIA2_FAKE_Tp_S_NNN_S_N_sec00090_sec00090_00110_aug1.png,1,casia_prepared_validation,rgb,384,256,uint8,RGB,119.88518948025174,44.458170634802435,0.0002848307291666667,2.712673611111111e-05,119.9282990539966,42.488030178051226
CASIA2_FAKE_Tp_S_NNN_S_N_sec00090_sec00090_00110_aug1.png,1,casia_prepared_validation,ela,384,256,uint8,RGB,11.20449490017361,11.052032299396979,0.3157857259114583,0.0,11.24202806122449,7.523847094150129
CASIA2_FAKE_Tp_S_NNN_S_B_ind00022_ind00022_00893_aug1.png,1,casia_prepared_validation,rgb,384,256,uint8,RGB,119.79147677951389,59.1836229742061,0.0029737684461805555,6.781684027777778e-05,119.82593271683673,58.24212031120208
CASIA2_FAKE_Tp_S_NNN_S_B_ind00022_ind00022_00893_aug1.png,1,casia_prepared_validation,ela,384,256,uint8,RGB,1.6024102105034723,4.74482061214185,0.8793979220920138,0.0,1.6063257334183674,3.24494948756501
CASIA2_FAKE_Tp_S_NNN_S_N_nat10162_nat10162_12087_aug1.png,1,casia_prepared_validation,rgb,561,390,uint8,RGB,96.68412480765421,53.80244316539471,0.016435851729969378,0.00047229458994164876,96.71625212585035,53.21969554940921
CASIA2_FAKE_Tp_S_NNN_S_N_nat10162_nat10162_12087_aug1.png,1,casia_prepared_validation,ela,561,390,uint8,RGB,0.24374971433794962,2.043191351547937,0.9824778707131648,0.0,0.2394703975340136,1.6461511251762966
CASIA2_FAKE_Tp_S_CNN_M_N_art00053_art00053_10532_aug1.png,1,casia_prepared_validation,rgb,384,256,uint8,RGB,99.62245686848958,69.72927864867698,0.038564046223958336,0.021626790364583332,99.67229352678571,66.79380409843249
CASIA2_FAKE_Tp_S_CNN_M_N_art00053_art00053_10532_aug1.png,1,casia_prepared_validation,ela,384,256,uint8,RGB,18.11004638671875,22.54217995442006,0.2885335286458333,2.712673611111111e-05,18.14653087797619,17.693135416660684
CASIA2_FAKE_Tp_S_NNN_S_N_pla20072_pla20072_01972_aug1.png,1,casia_prepared_validation,rgb,750,566,uint8,RGB,89.68630938358854,81.69092418423651,0.05939458186101296,0.0073741656851197485,89.68260390093538,79.71482061199862
CASIA2_FAKE_Tp_S_NNN_S_N_pla20072_pla20072_01972_aug1.png,1,casia_prepared_validation,ela,750,566,uint8,RGB,12.331507656065959,15.047618976803747,0.37072006281900277,7.852375343541422e-07,12.324139030612244,9.00791848616869
CASIA2_FAKE_Tp_S_NNN_S_N_art00061_art00061_01399_aug1.png,1,casia_prepared_validation,rgb,384,256,uint8,RGB,65.93568250868056,53.58604893427996,0.0021192762586805555,0.00018649631076388888,65.98489981930273,52.14278724038304
CASIA2_FAKE_Tp_S_NNN_S_N_art00061_art00061_01399_aug1.png,1,casia_prepared_validation,ela,384,256,uint8,RGB,11.737772623697916,12.090670605374473,0.3287726508246528,0.0,11.764635150935375,8.108213075552225
CASIA2_FAKE_Tp_S_CNN_S_N_txt00059_txt00059_00692_aug1.png,1,casia_prepared_validation,rgb,384,256,uint8,RGB,141.0535413953993,56.347670454256544,0.0027058919270833335,0.0014546712239583333,141.10379464285714,49.18570827750373
CASIA2_FAKE_Tp_S_CNN_S_N_txt00059_txt00059_00692_aug1.png,1,casia_prepared_validation,ela,384,256,uint8,RGB,40.09143405490451,31.267332404813914,0.08124457465277778,1.6954210069444445e-05,40.154961203231295,16.330600283721466
CASIA2_FAKE_Tp_S_NND_S_N_art20063_art20063_02326_aug1.png,1,casia_prepared_validation,rgb,600,428,uint8,RGB,72.86046599169262,75.20665029496172,0.03050752855659398,0.0071677050882658355,72.86458333333333,69.15779949346835
CASIA2_FAKE_Tp_S_NND_S_N_art20063_art20063_02326_aug1.png,1,casia_prepared_validation,ela,600,428,uint8,RGB,11.45353712357217,18.906740052009507,0.5073286604361371,3.894080996884735e-06,11.448454772534014,13.903576202043203
CASIA2_FAKE_Tp_D_NNN_S_N_pla10126_pla00049_12130_aug1.png,1,casia_prepared_validation,rgb,640,480,uint8,RGB,108.55710720486111,69.89439650510111,0.015464409722222221,0.0013096788194444445,108.56701078869048,69.08784626148653
CASIA2_FAKE_Tp_D_NNN_S_N_pla10126_pla00049_12130_aug1.png,1,casia_prepared_validation,ela,640,480,uint8,RGB,4.988129340277778,9.428784960086261,0.6910080295138888,0.0,4.978920865221088,6.377502653721379
CASIA2_FAKE_Tp_S_CRN_M_B_nat00038_nat00038_10076_aug1.png,1,casia_prepared_validation,rgb,384,256,uint8,RGB,95.53174167209201,69.8062806544002,0.00010511610243055556,6.781684027777777e-06,95.54946588010205,69.32696844186461
CASIA2_FAKE_Tp_S_CRN_M_B_nat00038_nat00038_10076_aug1.png,1,casia_prepared_validation,ela,384,256,uint8,RGB,1.2691243489583333,4.3114463076347365,0.9072536892361112,0.0,1.276805644132653,3.1522676635029114
CASIA2_FAKE_Tp_S_NNN_S_N_cha10206_cha10206_12345_aug1.png,1,casia_prepared_validation,rgb,800,600,uint8,RGB,120.53496319444444,79.00835629903355,0.0029118055555555555,0.010166666666666666,120.53327620110544,76.25393260494798
CASIA2_FAKE_Tp_S_NNN_S_N_cha10206_cha10206_12345_aug1.png,1,casia_prepared_validation,ela,800,600,uint8,RGB,17.21973611111111,21.482917003654745,0.2896916666666667,7.638888888888889e-05,17.21804581207483,13.85928118194191
4cam_auth/4cam_auth/canong3_02_sub_01.tif,0,raw_replay,rgb,757,568,uint8,RGB,130.59360832542592,41.80062903395459,0.0003387785984954199,0.0,130.60835857780611,41.107460947843514
4cam_auth/4cam_auth/canong3_02_sub_01.tif,0,raw_replay,ela,757,568,uint8,RGB,14.428386700653059,12.873163551433606,0.23264166682171408,0.0,14.427701158588436,5.665680544872271
4cam_auth/4cam_auth/canong3_02_sub_02.tif,0,raw_replay,rgb,757,568,uint8,RGB,108.83285656253682,51.455526659433424,0.0003356776502254389,0.0443652668986176,108.83128055909864,50.39778694439562
4cam_auth/4cam_auth/canong3_02_sub_02.tif,0,raw_replay,ela,757,568,uint8,RGB,15.609805353477093,15.399602927010976,0.24844642491673954,5.42665947246668e-06,15.607435161564625,8.144253156169317
4cam_auth/4cam_auth/canong3_02_sub_03.tif,0,raw_replay,rgb,757,568,uint8,RGB,129.88103367009631,45.91431462297339,0.0014520190274185847,0.0001759788143214195,129.88194223001702,44.73849718104235
4cam_auth/4cam_auth/canong3_02_sub_03.tif,0,raw_replay,ela,757,568,uint8,RGB,15.72545909539137,14.617333520098315,0.2199029713286323,0.0,15.724004836309524,7.032105853488732
4cam_auth/4cam_auth/canong3_02_sub_04.tif,0,raw_replay,rgb,757,568,uint8,RGB,127.7250815549395,44.489454951975354,5.194088352218108e-05,7.7523706749524e-07,127.73733790391157,44.16080716866761
4cam_auth/4cam_auth/canong3_02_sub_04.tif,0,raw_replay,ela,757,568,uint8,RGB,14.394470078950143,12.838359850955595,0.23227265397758634,0.0,14.396172140731293,5.6068793979015155
4cam_auth/4cam_auth/canong3_02_sub_05.tif,0,raw_replay,rgb,757,568,uint8,RGB,112.00759499755026,44.76991427709313,8.605131449197164e-05,0.0004728946111720964,112.00429156037416,43.323129115290854
4cam_auth/4cam_auth/canong3_02_sub_05.tif,0,raw_replay,ela,757,568,uint8,RGB,17.980270991869315,17.036669588934114,0.20051274179644135,8.52760774244764e-06,17.978615274234695,8.736282129271492
4cam_auth/4cam_auth/canong3_02_sub_06.tif,0,raw_replay,rgb,757,568,uint8,RGB,117.58898248584417,42.49646641832626,0.000781438964035202,0.0,117.5897441007653,42.003649980762525
4cam_auth/4cam_auth/canong3_02_sub_06.tif,0,raw_replay,ela,757,568,uint8,RGB,14.80933819562022,13.49488621768671,0.22923139896180253,0.0,14.809012276785714,6.293533703120968
4cam_auth/4cam_auth/canong3_02_sub_07.tif,0,raw_replay,rgb,757,568,uint8,RGB,111.8695934966913,53.777634533876295,3.10094826998096e-06,0.0,111.88637329931973,52.6366597377521
4cam_auth/4cam_auth/canong3_02_sub_07.tif,0,raw_replay,ela,757,568,uint8,RGB,21.87881029018674,20.545637228444708,0.170766895516649,0.0,21.879597151360546,10.030621105666093
4cam_auth/4cam_auth/canong3_02_sub_08.tif,0,raw_replay,rgb,757,568,uint8,RGB,114.28361738019487,53.223657984073824,1.1628556012428601e-05,3.8761853374762e-06,114.2828975340136,51.23517361988978
4cam_auth/4cam_auth/canong3_02_sub_08.tif,0,raw_replay,ela,757,568,uint8,RGB,27.2718322262948,23.586748213472507,0.12911030693185976,3.10094826998096e-06,27.274061968537413,9.668199258375177
4cam_auth/4cam_auth/canong3_02_sub_09.tif,0,raw_replay,rgb,757,568,uint8,RGB,105.2214278626404,51.8650553840747,2.170663788986672e-05,0.0,105.224715667517,50.35516916407135
4cam_auth/4cam_auth/canong3_02_sub_09.tif,0,raw_replay,ela,757,568,uint8,RGB,23.86150234741784,22.165938685843404,0.15789408401089053,6.20189653996192e-06,23.861049107142858,10.666329214700857
4cam_auth/4cam_auth/canong3_05_sub_01.tif,0,raw_replay,rgb,757,568,uint8,RGB,124.39025356454003,34.22113561001865,0.001072152864345917,0.0,124.39130261479592,32.80472833674282
4cam_auth/4cam_auth/canong3_05_sub_01.tif,0,raw_replay,ela,757,568,uint8,RGB,17.021806643471574,16.26001824876819,0.21021715940734675,7.7523706749524e-07,17.01844175170068,8.293821402991469
4cam_auth/4cam_auth/canong3_05_sub_02.tif,0,raw_replay,rgb,757,568,uint8,RGB,106.8521374836425,44.10649260016609,0.0008403569811648402,0.0,106.8534159757653,43.713011166411405
4cam_auth/4cam_auth/canong3_05_sub_02.tif,0,raw_replay,ela,757,568,uint8,RGB,14.88376870647044,14.38280809808327,0.23406112589229786,0.0,14.883031728316327,7.475468996414975
4cam_auth/4cam_auth/canong3_05_sub_03.tif,0,raw_replay,rgb,757,568,uint8,RGB,110.43707710817968,35.350475825912014,0.000991528209326412,0.0,110.43656329719387,33.863689356959746
4cam_auth/4cam_auth/canong3_05_sub_03.tif,0,raw_replay,ela,757,568,uint8,RGB,16.684946756718205,17.359818028965517,0.22202712089356924,3.10094826998096e-06,16.68431786777211,9.900174743878727
4cam_auth/4cam_auth/canong3_05_sub_04.tif,0,raw_replay,rgb,757,568,uint8,RGB,112.37578221420111,50.33154063245066,0.0013946514844239367,1.55047413499048e-06,112.37986288265306,49.580201140518376
4cam_auth/4cam_auth/canong3_05_sub_04.tif,0,raw_replay,ela,757,568,uint8,RGB,16.347226356819917,15.8095184531484,0.2196742763937212,7.7523706749524e-07,16.34628773384354,8.210052207773657
4cam_auth/4cam_auth/canong3_05_sub_05.tif,0,raw_replay,rgb,757,568,uint8,RGB,124.10104594985147,46.85277525730896,0.0003597099993177914,0.0,124.10163557610544,46.404466905358035
4cam_auth/4cam_auth/canong3_05_sub_05.tif,0,raw_replay,ela,757,568,uint8,RGB,15.425581892942862,14.894495659335648,0.22748323937460074,0.0,15.426139987244898,7.750879788248761
4cam_auth/4cam_auth/canong3_05_sub_06.tif,0,raw_replay,rgb,757,568,uint8,RGB,122.54169612567523,37.7991494636304,0.0,0.0,122.54268308886054,37.6820160847439
4cam_auth/4cam_auth/canong3_05_sub_06.tif,0,raw_replay,ela,757,568,uint8,RGB,14.675160163978145,13.369859537806823,0.23085784632940753,0.0,14.673383025085034,6.178933160832389
4cam_auth/4cam_auth/canong3_05_sub_07.tif,0,raw_replay,rgb,757,568,uint8,RGB,123.9663430827147,52.431880510846085,0.0,0.0,123.9680790284864,52.410090626849595
4cam_auth/4cam_auth/canong3_05_sub_07.tif,0,raw_replay,ela,757,568,uint8,RGB,13.464232112179905,11.852808941766906,0.24424231429971285,0.0,13.46227944302721,5.1475826598864804
4cam_auth/4cam_auth/canong3_05_sub_08.tif,0,raw_replay,rgb,757,568,uint8,RGB,126.38760147853213,60.655292875611714,0.0,0.0,126.38863201530613,60.63658746317101
4cam_auth/4cam_auth/canong3_05_sub_08.tif,0,raw_replay,ela,757,568,uint8,RGB,13.195147326052307,11.635344969264453,0.24867899603698812,0.0,13.19585724914966,5.031232000604614
4cam_auth/4cam_auth/canong3_05_sub_09.tif,0,raw_replay,rgb,757,568,uint8,RGB,128.91821481509047,57.33506613490097,0.0,0.0,128.91934390943877,57.315758448468614
4cam_auth/4cam_auth/canong3_05_sub_09.tif,0,raw_replay,ela,757,568,uint8,RGB,13.137147964847651,11.622304459665578,0.24977440601335887,7.7523706749524e-07,13.136858258928571,4.983617122056926
4cam_auth/4cam_auth/canong3_08_sub_01.tif,0,raw_replay,rgb,757,568,uint8,RGB,63.22874377484635,64.78342201916993,0.10382672521257,1.55047413499048e-06,63.227751647534014,64.4772113178387
4cam_auth/4cam_auth/canong3_08_sub_01.tif,0,raw_replay,ela,757,568,uint8,RGB,14.64206916975211,15.791612226219135,0.27456803790599166,3.8761853374762e-06,14.63926312712585,9.323702708996187
4cam_auth/4cam_auth/canong3_08_sub_02.tif,0,raw_replay,rgb,757,568,uint8,RGB,131.21822923449992,56.51310000471581,0.029614831215385665,0.0,131.21876992984693,56.19982578304626
4cam_auth/4cam_auth/canong3_08_sub_02.tif,0,raw_replay,ela,757,568,uint8,RGB,14.255993357768805,14.354917782218807,0.2511039375841132,1.4729504282409561e-05,14.25401918579932,7.73219959202308
4cam_auth/4cam_auth/canong3_08_sub_03.tif,0,raw_replay,rgb,757,568,uint8,RGB,158.3671150637865,13.023992674316752,0.0,0.0,158.37005075467687,12.944798250902373
4cam_auth/4cam_auth/canong3_08_sub_03.tif,0,raw_replay,ela,757,568,uint8,RGB,13.010811456143289,11.422374178225178,0.25093338542926424,0.0,13.010509672619047,4.803781205103885
4cam_auth/4cam_auth/canong3_08_sub_04.tif,0,raw_replay,rgb,757,568,uint8,RGB,28.017773085009395,20.971571171056443,0.00021241495649369576,3.4885668037285804e-05,28.017744207057824,20.244703316290646
4cam_auth/4cam_auth/canong3_08_sub_04.tif,0,raw_replay,ela,757,568,uint8,RGB,11.159731395860854,11.461659553451238,0.29933841268659955,4.961517231969536e-05,11.158947172619047,6.369673264540081
4cam_auth/4cam_auth/canong3_08_sub_05.tif,0,raw_replay,rgb,757,568,uint8,RGB,130.51400155667602,70.29353160952722,0.007179470482073418,0.00013954267214914321,130.51594387755102,69.88474028562578
4cam_auth/4cam_auth/canong3_08_sub_05.tif,0,raw_replay,ela,757,568,uint8,RGB,13.955034699611142,13.826329336658736,0.25235672068518555,3.10094826998096e-06,13.954559948979592,7.328686329930594
4cam_auth/4cam_auth/canong3_08_sub_06.tif,0,raw_replay,rgb,757,568,uint8,RGB,141.47949497956475,49.29606825062019,2.480758615984768e-05,3.9537090442257244e-05,141.48270089285714,48.86234499548429
4cam_auth/4cam_auth/canong3_08_sub_06.tif,0,raw_replay,ela,757,568,uint8,RGB,14.607167996973475,13.6135323930172,0.23378514149626956,7.7523706749524e-07,14.607860331632653,6.766677547727135
4cam_auth/4cam_auth/canong3_08_sub_07.tif,0,raw_replay,rgb,757,568,uint8,RGB,57.63042278328713,59.14920660023971,2.9459008564819122e-05,0.0,57.63139748086735,58.914372110596794
4cam_auth/4cam_auth/canong3_08_sub_07.tif,0,raw_replay,ela,757,568,uint8,RGB,11.757214356150111,11.637153406811908,0.29110229408153016,0.0,11.757586628401361,6.246990312794996
4cam_auth/4cam_auth/canong3_08_sub_08.tif,0,raw_replay,rgb,757,568,uint8,RGB,142.46435925105897,80.83991223943102,5.42665947246668e-06,0.0,142.46866363732994,80.52904942966842
4cam_auth/4cam_auth/canong3_08_sub_08.tif,0,raw_replay,ela,757,568,uint8,RGB,13.929498390607847,13.532451997263962,0.2514109314628413,0.0,13.929581207482993,7.091824561505837
4cam_auth/4cam_auth/canong3_08_sub_09.tif,0,raw_replay,rgb,757,568,uint8,RGB,167.62204634677283,68.45958027497404,0.00012868935320420986,7.7523706749524e-07,167.62932477678572,68.1361707414178
4cam_auth/4cam_auth/canong3_08_sub_09.tif,0,raw_replay,ela,757,568,uint8,RGB,14.107434678524692,13.995447133526426,0.25030079198218813,2.3257112024857202e-06,14.10453869047619,7.651756620478089
4cam_auth/4cam_auth/canonxt_02_sub_01.tif,0,raw_replay,rgb,1152,768,uint8,RGB,97.03170625663098,30.52031140157972,0.0061754768277391976,0.0,97.0327912414966,29.946837877172005
4cam_auth/4cam_auth/canonxt_02_sub_01.tif,0,raw_replay,ela,1152,768,uint8,RGB,10.967271592881945,10.126363555974283,0.29301170066550924,0.0,10.96423256802721,3.8186003422017256
4cam_auth/4cam_auth/canonxt_02_sub_02.tif,0,raw_replay,rgb,1152,768,uint8,RGB,155.0103714554398,30.339108744393293,0.0006909782503858024,0.0,155.01509353741497,29.98484790740761
4cam_auth/4cam_auth/canonxt_02_sub_02.tif,0,raw_replay,ela,1152,768,uint8,RGB,8.858295958719136,8.401035016092582,0.3484071331259645,0.0,8.857196003401361,2.976066536060452
4cam_auth/4cam_auth/canonxt_02_sub_03.tif,0,raw_replay,rgb,1152,768,uint8,RGB,149.08044320565682,18.998375076003622,0.0,0.0,149.08555218962584,18.962058039900747
4cam_auth/4cam_auth/canonxt_02_sub_03.tif,0,raw_replay,ela,1152,768,uint8,RGB,9.248404797212578,8.216854284832163,0.3283374927662037,0.0,9.246744791666666,2.379665860961616
4cam_auth/4cam_auth/canonxt_02_sub_04.tif,0,raw_replay,rgb,1152,768,uint8,RGB,91.58687299563562,40.67157868520696,0.006165304301697531,0.0,91.589950042517,39.99260285792982
4cam_auth/4cam_auth/canonxt_02_sub_04.tif,0,raw_replay,ela,1152,768,uint8,RGB,11.389627338927468,11.496403770945312,0.29186220522280093,1.280984760802469e-05,11.387449511054422,5.355146682667085
4cam_auth/4cam_auth/canonxt_02_sub_05.tif,0,raw_replay,rgb,1152,768,uint8,RGB,115.43477527006173,68.5580229732886,0.002997504340277778,0.0,115.43632413903062,68.20707409303569
4cam_auth/4cam_auth/canonxt_02_sub_05.tif,0,raw_replay,ela,1152,768,uint8,RGB,10.501739125192902,10.52887112837983,0.3103385265962577,5.274643132716049e-06,10.497967155612244,4.988105922414235
4cam_auth/4cam_auth/canonxt_02_sub_06.tif,0,raw_replay,rgb,1152,768,uint8,RGB,150.81182183159723,36.16880519749498,0.0008228443287037037,0.0,150.8127590880102,34.89098075347111
4cam_auth/4cam_auth/canonxt_02_sub_06.tif,0,raw_replay,ela,1152,768,uint8,RGB,12.700807547863619,13.508517879072613,0.2824334038628472,7.1584442515432095e-06,12.697458280187075,7.145403632544022
4cam_auth/4cam_auth/canonxt_02_sub_07.tif,0,raw_replay,rgb,1152,768,uint8,RGB,88.89075460551697,42.58669714227397,0.006439585744598766,0.0,88.8923721832483,41.65765756039702
4cam_auth/4cam_auth/canonxt_02_sub_07.tif,0,raw_replay,ela,1152,768,uint8,RGB,13.617286211178627,14.481895041387299,0.2615443100163966,1.9591531635802468e-05,13.617001488095237,7.385858780737307
4cam_auth/4cam_auth/canonxt_02_sub_08.tif,0,raw_replay,rgb,1152,768,uint8,RGB,110.3297024950569,51.54066702715761,0.008903220847800927,0.0,110.33224383503402,50.64211124151883
4cam_auth/4cam_auth/canonxt_02_sub_08.tif,0,raw_replay,ela,1152,768,uint8,RGB,13.729063434365354,14.572413466461226,0.26146858121141975,2.6373215663580245e-05,13.72592474489796,7.603654443805245
4cam_auth/4cam_auth/canonxt_02_sub_09.tif,0,raw_replay,rgb,1152,768,uint8,RGB,101.23049700701678,34.98311444185599,0.004741904176311728,0.0,101.23185055272108,33.63566632468007
4cam_auth/4cam_auth/canonxt_02_sub_09.tif,0,raw_replay,ela,1152,768,uint8,RGB,14.194268120659721,13.918658118214688,0.24444014937789352,4.521122685185185e-06,14.192522321428571,6.7099717725870525
4cam_auth/4cam_auth/canonxt_05_sub_01.tif,0,raw_replay,rgb,1152,768,uint8,RGB,68.0688016915027,59.46722997690329,0.1214328342013889,0.0,68.06931600765306,58.094002365948455
4cam_auth/4cam_auth/canonxt_05_sub_01.tif,0,raw_replay,ela,1152,768,uint8,RGB,13.562531647858796,15.257881164701052,0.30853761272665897,1.4316888503086419e-05,13.55911856930272,8.507394236512368
4cam_auth/4cam_auth/canonxt_05_sub_02.tif,0,raw_replay,rgb,1152,768,uint8,RGB,93.90683473186728,69.4432064725063,0.04437331211419753,0.0,93.90072943239795,67.43132340277575
4cam_auth/4cam_auth/canonxt_05_sub_02.tif,0,raw_replay,ela,1152,768,uint8,RGB,18.189919554157022,20.552987759893423,0.22875788182388118,0.00013035903742283952,18.185732886904763,11.984698870433087
4cam_auth/4cam_auth/canonxt_05_sub_03.tif,0,raw_replay,rgb,1152,768,uint8,RGB,52.57903864354263,54.604548981805955,0.15009486822434415,3.767602237654321e-07,52.57433168579932,54.03668222145043
4cam_auth/4cam_auth/canonxt_05_sub_03.tif,0,raw_replay,ela,1152,768,uint8,RGB,12.58389131522473,14.270883763104594,0.3224366741415895,1.8461250964506174e-05,12.579380580357142,7.97946145565424
4cam_auth/4cam_auth/canonxt_05_sub_04.tif,0,raw_replay,rgb,1152,768,uint8,RGB,74.70428768205053,54.53143544162633,0.0748792106722608,4.9732349537037034e-05,74.7042543579932,53.88951770015074
4cam_auth/4cam_auth/canonxt_05_sub_04.tif,0,raw_replay,ela,1152,768,uint8,RGB,12.258487277560764,12.89252222387923,0.30147750289351855,6.404923804012345e-06,12.254896099064625,6.571677707197004
4cam_auth/4cam_auth/canonxt_05_sub_05.tif,0,raw_replay,rgb,1152,768,uint8,RGB,88.1648932562934,49.27986583336619,0.02741608796296296,0.0,88.16434151785714,48.53406619222443
4cam_auth/4cam_auth/canonxt_05_sub_05.tif,0,raw_replay,ela,1152,768,uint8,RGB,12.636234613112462,13.181439878140223,0.28044222608024694,1.3940128279320987e-05,12.632546768707483,6.838065322077814
4cam_auth/4cam_auth/canonxt_05_sub_06.tif,0,raw_replay,rgb,1152,768,uint8,RGB,64.07358692310474,44.51541480880252,0.0716552734375,0.0,64.07378693664965,44.05440289080975
4cam_auth/4cam_auth/canonxt_05_sub_06.tif,0,raw_replay,ela,1152,768,uint8,RGB,11.68207992742091,11.792156164320197,0.30597752700617287,8.288724922839506e-06,11.678538212159864,5.6383473690504085
4cam_auth/4cam_auth/canonxt_05_sub_07.tif,0,raw_replay,rgb,1152,768,uint8,RGB,86.68435141481,60.655219543493686,0.07667673369984568,0.0,86.68643707482993,60.096498553844754
4cam_auth/4cam_auth/canonxt_05_sub_07.tif,0,raw_replay,ela,1152,768,uint8,RGB,11.977929009331596,13.74648436478096,0.3177663544077932,8.32640094521605e-05,11.97449643920068,7.885401821574426
4cam_auth/4cam_auth/canonxt_05_sub_08.tif,0,raw_replay,rgb,1152,768,uint8,RGB,98.4668300298997,54.31530340425802,0.014605863594714507,0.002863377700617284,98.46880314625851,53.30220779116733
4cam_auth/4cam_auth/canonxt_05_sub_08.tif,0,raw_replay,ela,1152,768,uint8,RGB,14.079687801408179,15.966413135767692,0.2687890323591821,2.1098572530864196e-05,14.077274659863946,9.25349088569664
4cam_auth/4cam_auth/canonxt_05_sub_09.tif,0,raw_replay,rgb,1152,768,uint8,RGB,65.80277996298707,35.841431639457944,0.031425947024498455,0.0,65.80128613945578,35.40483064944787
4cam_auth/4cam_auth/canonxt_05_sub_09.tif,0,raw_replay,ela,1152,768,uint8,RGB,11.030424141589506,11.175354456966646,0.3053370346257716,3.7676022376543208e-06,11.027988148384354,5.339657156520377
4cam_auth/4cam_auth/canonxt_08_sub_01.tif,0,raw_replay,rgb,768,1152,uint8,RGB,192.43650196216726,17.071126287995874,0.0,0.0017881040219907408,192.44250903486395,17.03404603858226
4cam_auth/4cam_auth/canonxt_08_sub_01.tif,0,raw_replay,ela,768,1152,uint8,RGB,7.683154447579089,7.359148335726015,0.3883904351128472,0.0,7.680610916241497,2.545208963527915
4cam_auth/4cam_auth/canonxt_08_sub_02.tif,0,raw_replay,rgb,768,1152,uint8,RGB,172.57576987184123,22.634280702420384,0.0002173906491126543,0.0,172.58106797406464,22.427136118270308
4cam_auth/4cam_auth/canonxt_08_sub_02.tif,0,raw_replay,ela,768,1152,uint8,RGB,8.318087730878664,8.838415420745651,0.3733757866753472,1.6954210069444445e-05,8.317788052721088,4.2232050761172255
4cam_auth/4cam_auth/canonxt_08_sub_03.tif,0,raw_replay,rgb,768,1152,uint8,RGB,182.86934068467883,21.59765080942239,2.1098572530864196e-05,0.0,182.87462797619048,21.41135530807438
4cam_auth/4cam_auth/canonxt_08_sub_03.tif,0,raw_replay,ela,768,1152,uint8,RGB,8.31502843786169,8.521561184354214,0.37369904694733797,1.9214771412037038e-05,8.31381536989796,3.935572756768688
4cam_auth/4cam_auth/canonxt_08_sub_04.tif,0,raw_replay,rgb,768,1152,uint8,RGB,139.78302793149595,67.33613075673692,0.02471019603587963,0.0024003393856095677,139.78383423681973,66.87626353699328
4cam_auth/4cam_auth/canonxt_08_sub_04.tif,0,raw_replay,ela,768,1152,uint8,RGB,13.646129090108989,15.764999024135994,0.28295144917052467,2.147533275462963e-05,13.644232302295919,9.150576492588646
4cam_auth/4cam_auth/canonxt_08_sub_05.tif,0,raw_replay,rgb,768,1152,uint8,RGB,107.65291680230035,72.09208431893839,0.06129512080439815,0.0,107.65153991284014,71.55555802963197
4cam_auth/4cam_auth/canonxt_08_sub_05.tif,0,raw_replay,ela,768,1152,uint8,RGB,14.171097366898149,16.17118710952657,0.2845033245322145,9.04224537037037e-06,14.16683274872449,8.942240031966833
4cam_auth/4cam_auth/canonxt_08_sub_06.tif,0,raw_replay,rgb,768,1152,uint8,RGB,158.8502133216387,57.22883717860519,0.00922195999710648,0.0,158.8547512755102,56.846994855007765
4cam_auth/4cam_auth/canonxt_08_sub_06.tif,0,raw_replay,ela,768,1152,uint8,RGB,10.24348129460841,11.13016402689207,0.33665861906828703,0.0,10.239696269132653,5.815366059103246
4cam_auth/4cam_auth/canonxt_08_sub_07.tif,0,raw_replay,rgb,768,1152,uint8,RGB,70.78422527548707,46.64004160922606,0.06265786253375771,6.291895736882716e-05,70.78263180272108,46.20640251524669
4cam_auth/4cam_auth/canonxt_08_sub_07.tif,0,raw_replay,ela,768,1152,uint8,RGB,14.448477662639853,16.682302148879614,0.2735607005931713,1.3186607831790123e-05,14.445385576105442,9.774813964176529
4cam_auth/4cam_auth/canonxt_08_sub_08.tif,0,raw_replay,rgb,768,1152,uint8,RGB,69.08335593894675,33.887962987365206,0.040398868513695986,0.0,69.0821308992347,33.53932830978579
4cam_auth/4cam_auth/canonxt_08_sub_08.tif,0,raw_replay,ela,768,1152,uint8,RGB,12.775144223813657,13.752395505808908,0.2807854546440972,3.7676022376543208e-06,12.771896258503402,7.032322683638936
4cam_auth/4cam_auth/canonxt_08_sub_09.tif,0,raw_replay,rgb,768,1152,uint8,RGB,99.86311246141975,40.298019165781625,0.0033885814525462963,0.0,99.86380606930273,40.16893542586958
4cam_auth/4cam_auth/canonxt_08_sub_09.tif,0,raw_replay,ela,768,1152,uint8,RGB,10.466481903452932,9.587009089315591,0.30246913580246915,0.0,10.464212638180273,3.4587154659783637
4cam_auth/4cam_auth/canonxt_11_sub_01.tif,0,raw_replay,rgb,1152,768,uint8,RGB,88.8784337926794,41.47959896278586,0.0007505063657407407,0.0,88.88299186862245,41.34867267625725
4cam_auth/4cam_auth/canonxt_11_sub_01.tif,0,raw_replay,ela,1152,768,uint8,RGB,10.234845950279707,9.495319911033757,0.30792989848572533,0.0,10.231232727465986,3.5749503492080925
4cam_auth/4cam_auth/canonxt_11_sub_02.tif,0,raw_replay,rgb,1152,768,uint8,RGB,107.30415137020158,43.20185584200523,0.0013981571903935186,0.019977334104938273,107.30790949192176,42.65444841693376
4cam_auth/4cam_auth/canonxt_11_sub_02.tif,0,raw_replay,ela,1152,768,uint8,RGB,10.683151056737076,10.741607350094887,0.3089919855565201,1.770773051697531e-05,10.681786777210885,4.943526462608331
4cam_auth/4cam_auth/canonxt_11_sub_03.tif,0,raw_replay,rgb,1152,768,uint8,RGB,112.86316483109086,28.46665381568911,0.0003933376736111111,0.0,112.86166028911565,27.833420437431712
4cam_auth/4cam_auth/canonxt_11_sub_03.tif,0,raw_replay,ela,1152,768,uint8,RGB,11.004811981577932,10.287457034803754,0.29166252230420525,1.8838011188271604e-05,11.003892963435375,3.987425860049753
4cam_auth/4cam_auth/canonxt_11_sub_04.tif,0,raw_replay,rgb,1152,768,uint8,RGB,117.64613285771122,36.34727081546623,0.0004652988763503086,0.0,117.65040391156462,36.16970115908059
4cam_auth/4cam_auth/canonxt_11_sub_04.tif,0,raw_replay,ela,1152,768,uint8,RGB,10.160614767192323,9.576922086959941,0.31111050829475306,3.767602237654321e-07,10.15951849489796,3.775472973743258
4cam_auth/4cam_auth/canonxt_11_sub_05.tif,0,raw_replay,rgb,1152,768,uint8,RGB,117.31775090723862,44.264316459311296,0.005715452594521605,0.004553524064429012,117.33177880527211,43.485234005617954
4cam_auth/4cam_auth/canonxt_11_sub_05.tif,0,raw_replay,ela,1152,768,uint8,RGB,13.346442705319252,13.102264209669327,0.2644642017505787,4.558798707561728e-05,13.34320525085034,6.308046419679359
4cam_auth/4cam_auth/canonxt_11_sub_06.tif,0,raw_replay,rgb,1152,768,uint8,RGB,115.81524356794947,22.686736891166273,0.00030366874035493826,0.0,115.81705729166667,22.166992553286846
4cam_auth/4cam_auth/canonxt_11_sub_06.tif,0,raw_replay,ela,1152,768,uint8,RGB,10.797190725067516,9.945566658390511,0.29542258933738424,0.0,10.796954719387756,3.6435902879302997
4cam_auth/4cam_auth/canonxt_11_sub_07.tif,0,raw_replay,rgb,1152,768,uint8,RGB,95.84924843870563,43.82906792092412,0.0037770212432484567,0.0,95.8546449829932,43.53659669895391
4cam_auth/4cam_auth/canonxt_11_sub_07.tif,0,raw_replay,ela,1152,768,uint8,RGB,11.603836247950424,11.61786452239456,0.29090108989197533,3.3908420138888887e-06,11.602725074404763,5.3926178856960885
4cam_auth/4cam_auth/canonxt_11_sub_08.tif,0,raw_replay,rgb,1152,768,uint8,RGB,117.92969126760224,40.661536385458156,0.001814477237654321,0.0,117.93322172619048,39.9838127543051
4cam_auth/4cam_auth/canonxt_11_sub_08.tif,0,raw_replay,ela,1152,768,uint8,RGB,13.239776234567902,12.787182938351892,0.26123310607156636,3.7676022376543208e-06,13.238613414115646,5.8111097352778325
4cam_auth/4cam_auth/canonxt_11_sub_09.tif,0,raw_replay,rgb,1152,768,uint8,RGB,122.52212034625772,12.272099140490496,0.0,0.0,122.52525111607143,12.161844513774446
4cam_auth/4cam_auth/canonxt_11_sub_09.tif,0,raw_replay,ela,1152,768,uint8,RGB,9.80595718195409,8.664041629753338,0.31314350646219136,0.0,9.804753932823129,2.4079179632993846
4cam_auth/4cam_auth/canonxt_14_sub_01.tif,0,raw_replay,rgb,768,1152,uint8,RGB,177.45536295572916,21.307345646717028,3.466194058641975e-05,0.0,177.4586787840136,21.158842936083346
4cam_auth/4cam_auth/canonxt_14_sub_01.tif,0,raw_replay,ela,768,1152,uint8,RGB,8.310232280213157,8.497126101906645,0.37543327425733025,2.6373215663580245e-06,8.310779389880953,3.8759448847321973
4cam_auth/4cam_auth/canonxt_14_sub_02.tif,0,raw_replay,rgb,768,1152,uint8,RGB,170.95554154007525,44.87272725682551,0.0002324610580632716,0.0,170.95915045705783,44.63982577625975
4cam_auth/4cam_auth/canonxt_14_sub_02.tif,0,raw_replay,ela,768,1152,uint8,RGB,9.002329508463541,9.633343444776854,0.3610655231240355,4.897882908950617e-06,9.000372023809524,4.884837108602976
4cam_auth/4cam_auth/canonxt_14_sub_03.tif,0,raw_replay,rgb,768,1152,uint8,RGB,186.0881204487365,37.511038884038854,0.0002445173852237654,0.0,186.09212239583334,37.40628130510778
4cam_auth/4cam_auth/canonxt_14_sub_03.tif,0,raw_replay,ela,768,1152,uint8,RGB,8.660817087432484,8.6494802824834,0.3598361545138889,0.0,8.65836256377551,3.842697260228627
4cam_auth/4cam_auth/canonxt_14_sub_04.tif,0,raw_replay,rgb,768,1152,uint8,RGB,136.76611817913292,63.902960554139575,0.023861355251736112,0.0,136.76775749362244,63.67947602809617
4cam_auth/4cam_auth/canonxt_14_sub_04.tif,0,raw_replay,ela,768,1152,uint8,RGB,10.254991319444445,11.164558239007285,0.3385021068431713,0.0,10.25601881377551,5.717576913851051
4cam_auth/4cam_auth/canonxt_14_sub_05.tif,0,raw_replay,rgb,768,1152,uint8,RGB,121.73445939429013,66.73259215557431,0.004782971040702161,0.0,121.73785607993197,66.33658624863804
4cam_auth/4cam_auth/canonxt_14_sub_05.tif,0,raw_replay,ela,768,1152,uint8,RGB,11.465469171971451,11.008892317125278,0.29299323941454475,0.0,11.46532206632653,4.841718345309224
4cam_auth/4cam_auth/canonxt_14_sub_06.tif,0,raw_replay,rgb,768,1152,uint8,RGB,129.8111334906684,74.52164413272841,0.008093939887152778,0.0,129.81304474914967,74.2720000390777
4cam_auth/4cam_auth/canonxt_14_sub_06.tif,0,raw_replay,ela,768,1152,uint8,RGB,10.463452751253858,10.07025459898438,0.31255161615065585,0.0,10.461588541666666,4.253092225656144
4cam_auth/4cam_auth/canonxt_14_sub_07.tif,0,raw_replay,rgb,768,1152,uint8,RGB,42.20320524992766,35.530981994638914,0.19003333574459877,0.0,42.193671609268705,35.17499725879133
4cam_auth/4cam_auth/canonxt_14_sub_07.tif,0,raw_replay,ela,768,1152,uint8,RGB,12.628980095003858,13.830554374301329,0.32340306411554787,0.0,12.625710831207483,6.987117818483249
4cam_auth/4cam_auth/canonxt_14_sub_08.tif,0,raw_replay,rgb,768,1152,uint8,RGB,110.52005946783372,57.98213543629352,0.031147521219135804,0.0,110.5188602784864,57.69615536504354
4cam_auth/4cam_auth/canonxt_14_sub_08.tif,0,raw_replay,ela,768,1152,uint8,RGB,11.574043933256172,11.135185377227568,0.28935524269386576,0.0,11.57242506377551,4.70577956642937
4cam_auth/4cam_auth/canonxt_14_sub_09.tif,0,raw_replay,rgb,768,1152,uint8,RGB,123.66420416184414,49.785650518446886,0.0019753538532021604,0.0,123.66660687712584,49.41644433462818
4cam_auth/4cam_auth/canonxt_14_sub_09.tif,0,raw_replay,ela,768,1152,uint8,RGB,11.038234381028163,10.227029009326655,0.2913490577980324,0.0,11.036969866071429,4.002421791823786
4cam_auth/4cam_auth/canonxt_17_sub_01.tif,0,raw_replay,rgb,1152,768,uint8,RGB,67.002007001712,46.614749501455705,0.022929627218364196,0.0007527669270833334,67.00381988732993,45.536166314543024
4cam_auth/4cam_auth/canonxt_17_sub_01.tif,0,raw_replay,ela,1152,768,uint8,RGB,14.710401370201582,18.29079182977561,0.26130054615162035,0.0005150312258873457,14.709967580782314,11.035471614155108
4cam_auth/4cam_auth/canonxt_17_sub_02.tif,0,raw_replay,rgb,1152,768,uint8,RGB,85.6614752875434,63.988354263470086,0.025162308304398147,0.0020311143663194445,85.66255447491497,62.938243539448656
4cam_auth/4cam_auth/canonxt_17_sub_02.tif,0,raw_replay,ela,1152,768,uint8,RGB,14.796709602261767,18.650498695625256,0.27051195686246143,0.0004050172405478395,14.796483046343537,11.475650640580664
4cam_auth/4cam_auth/canonxt_17_sub_03.tif,0,raw_replay,rgb,1152,768,uint8,RGB,41.35833551854263,43.36052501135276,0.17669263298128857,0.0,41.34906462585034,42.94445832745292
4cam_auth/4cam_auth/canonxt_17_sub_03.tif,0,raw_replay,ela,1152,768,uint8,RGB,11.337272738233025,13.929099427455135,0.36733066888503085,2.6373215663580245e-05,11.331964817176871,8.101765460030327
4cam_auth/4cam_auth/canonxt_17_sub_04.tif,0,raw_replay,rgb,1152,768,uint8,RGB,71.48769011320891,55.100229015445166,0.05621413242669753,0.0012855058834876543,71.48764349489795,53.101325821013496
4cam_auth/4cam_auth/canonxt_17_sub_04.tif,0,raw_replay,ela,1152,768,uint8,RGB,18.417136109905478,23.540892006214612,0.2415304301697531,0.0011619285300925927,18.413617400085034,14.69118059955281
4cam_auth/4cam_auth/canonxt_17_sub_05.tif,0,raw_replay,rgb,1152,768,uint8,RGB,89.67708521713445,63.307256090510705,0.04299173237364969,6.668655960648148e-05,89.67962106717687,61.34868368070101
4cam_auth/4cam_auth/canonxt_17_sub_05.tif,0,raw_replay,ela,1152,768,uint8,RGB,17.78110080295139,23.510820969671794,0.24934858157310957,0.0008077739197530864,17.778121014030614,14.721180188780183
4cam_auth/4cam_auth/canonxt_17_sub_06.tif,0,raw_replay,rgb,1152,768,uint8,RGB,71.75830341857157,57.010482850316286,0.07577816056616513,0.0,71.7554474914966,56.454227794424774
4cam_auth/4cam_auth/canonxt_17_sub_06.tif,0,raw_replay,ela,1152,768,uint8,RGB,11.660154366198881,12.880100704957393,0.31975564838927467,1.3940128279320987e-05,11.65833599064626,6.865877054264091
4cam_auth/4cam_auth/canonxt_17_sub_07.tif,0,raw_replay,rgb,1152,768,uint8,RGB,64.08223997516397,51.79285385147887,0.08886304313753858,0.0003063060619212963,64.07891555059524,50.781194306757435
4cam_auth/4cam_auth/canonxt_17_sub_07.tif,0,raw_replay,ela,1152,768,uint8,RGB,14.98252397702064,17.529788914004566,0.2788104775511188,6.819360050154321e-05,14.97642963435374,9.99381663778829
4cam_auth/4cam_auth/canonxt_17_sub_08.tif,0,raw_replay,rgb,1152,768,uint8,RGB,87.29338959116994,67.99703783424111,0.050757514105902776,0.004262665171682099,87.2971872342687,66.85169146903594
4cam_auth/4cam_auth/canonxt_17_sub_08.tif,0,raw_replay,ela,1152,768,uint8,RGB,16.047962330005788,19.97749694298179,0.2606171031057099,0.00044382354359567903,16.045360331632654,12.134583436016843
4cam_auth/4cam_auth/canonxt_17_sub_09.tif,0,raw_replay,rgb,1152,768,uint8,RGB,89.39488239052855,62.563739229311054,0.015238820770640432,0.0,89.3958200467687,62.03030258373065
4cam_auth/4cam_auth/canonxt_17_sub_09.tif,0,raw_replay,ela,1152,768,uint8,RGB,12.072024875217014,12.885316172011612,0.29257616584683643,8.665485146604938e-06,12.068957270408163,6.682685413019355
4cam_auth/4cam_auth/canonxt_20_sub_01.tif,0,raw_replay,rgb,1152,768,uint8,RGB,74.62610541449652,20.27428308162262,7.422176408179013e-05,0.0,74.63056042729592,20.164492839408894
4cam_auth/4cam_auth/canonxt_20_sub_01.tif,0,raw_replay,ela,1152,768,uint8,RGB,10.344777048369984,9.56500311504566,0.3055879569347994,0.0,10.343995801445578,3.450214728662106
4cam_auth/4cam_auth/canonxt_20_sub_02.tif,0,raw_replay,rgb,1152,768,uint8,RGB,92.04861826955536,37.00430717334593,4.295066550925926e-05,0.006961775414737655,92.05302003613946,36.551613830038676
4cam_auth/4cam_auth/canonxt_20_sub_02.tif,0,raw_replay,ela,1152,768,uint8,RGB,11.152957869164737,10.659036165136493,0.29233692310474535,1.8838011188271604e-05,11.154316804846939,4.525448854370221
4cam_auth/4cam_auth/canonxt_20_sub_03.tif,0,raw_replay,rgb,1152,768,uint8,RGB,96.12014280719522,50.39526519894298,0.0017579632040895061,0.0019798749758873457,96.12431574192176,50.03082414292928
4cam_auth/4cam_auth/canonxt_20_sub_03.tif,0,raw_replay,ela,1152,768,uint8,RGB,11.183908721547068,11.410814904636219,0.29625862027391975,4.521122685185185e-06,11.182862988945578,5.68125598311159
4cam_auth/4cam_auth/canonxt_20_sub_04.tif,0,raw_replay,rgb,1152,768,uint8,RGB,60.6868515956549,16.7750267064851,4.935558931327161e-05,0.0,60.693478954081634,16.558309763661313
4cam_auth/4cam_auth/canonxt_20_sub_04.tif,0,raw_replay,ela,1152,768,uint8,RGB,9.571536970727237,8.74404384776825,0.3245307074652778,0.0,9.572504783163266,3.0325336572078996
4cam_auth/4cam_auth/canonxt_20_sub_05.tif,0,raw_replay,rgb,1152,768,uint8,RGB,116.07503933376736,55.06513612062567,0.0008831259645061729,0.04376371407214506,116.0832137542517,54.398587770331666
4cam_auth/4cam_auth/canonxt_20_sub_05.tif,0,raw_replay,ela,1152,768,uint8,RGB,11.867753017095872,16.82106127313485,0.31832471305941357,0.0008759675202546296,11.866317230017007,10.201669731026302
4cam_auth/4cam_auth/canonxt_20_sub_06.tif,0,raw_replay,rgb,1152,768,uint8,RGB,123.81339480553144,50.76491405207372,0.00037487642264660495,0.02575608241705247,123.81568213222789,50.06820676684471
4cam_auth/4cam_auth/canonxt_20_sub_06.tif,0,raw_replay,ela,1152,768,uint8,RGB,14.215500443070024,16.55576836263693,0.26711131908275465,0.00024150330343364196,14.214219281462585,9.387876037648729
4cam_auth/4cam_auth/canonxt_20_sub_07.tif,0,raw_replay,rgb,1152,768,uint8,RGB,62.07587837878569,16.476177805745166,0.002181441695601852,0.0,62.07968617134354,16.224275484113914
4cam_auth/4cam_auth/canonxt_20_sub_07.tif,0,raw_replay,ela,1152,768,uint8,RGB,9.677888846691744,8.805526440678474,0.3209823796778549,0.0,9.677269345238095,3.0142423238223315
4cam_auth/4cam_auth/canonxt_20_sub_08.tif,0,raw_replay,rgb,1152,768,uint8,RGB,83.24215208453897,36.25613506799991,0.005933973524305556,2.2228853202160494e-05,83.24301791028911,35.7408799014859
4cam_auth/4cam_auth/canonxt_20_sub_08.tif,0,raw_replay,ela,1152,768,uint8,RGB,11.71597139334973,11.450583251929434,0.2772371268566744,4.558798707561728e-05,11.714431866496598,5.22943677494376
4cam_auth/4cam_auth/canonxt_20_sub_09.tif,0,raw_replay,rgb,1152,768,uint8,RGB,121.64321145893615,40.453727576530575,2.7880256558641974e-05,0.0015247486255787037,121.64393999787416,40.067214670598645
4cam_auth/4cam_auth/canonxt_20_sub_09.tif,0,raw_replay,ela,1152,768,uint8,RGB,14.158368522738233,13.385838639441637,0.23715285312982254,3.5038700810185185e-05,14.155047565901361,6.025525852035618
4cam_auth/4cam_auth/canonxt_23_sub_01.tif,0,raw_replay,rgb,1152,768,uint8,RGB,71.08650377061632,29.934035051560684,0.012157675660686729,0.0,71.0906675170068,28.691906814400777
4cam_auth/4cam_auth/canonxt_23_sub_01.tif,0,raw_replay,ela,1152,768,uint8,RGB,15.253572817201968,15.32355291303804,0.2342299473138503,5.651403356481481e-06,15.250710831207483,7.614436364963006
4cam_auth/4cam_auth/canonxt_23_sub_02.tif,0,raw_replay,rgb,1152,768,uint8,RGB,149.69684063946758,72.4363762235948,0.0032412682050540122,0.18107360086323301,149.70085299744898,71.71615717576451
4cam_auth/4cam_auth/canonxt_23_sub_02.tif,0,raw_replay,ela,1152,768,uint8,RGB,13.736295346860532,22.14842337255924,0.3823991940345293,0.0012112841194058643,13.734866602891156,14.388151270752989
4cam_auth/4cam_auth/canonxt_23_sub_03.tif,0,raw_replay,rgb,1152,768,uint8,RGB,56.649009045259454,39.546210694955306,0.007887098524305556,0.02549950870466821,56.65159305909864,38.98717949198186
4cam_auth/4cam_auth/canonxt_23_sub_03.tif,0,raw_replay,ela,1152,768,uint8,RGB,11.274263358410494,13.33099892193369,0.3138529459635417,0.000338330680941358,11.27359693877551,7.369989120365807
4cam_auth/4cam_auth/canonxt_23_sub_04.tif,0,raw_replay,rgb,1152,768,uint8,RGB,53.78081747926312,26.78255334062939,0.024608847535686727,0.0,53.780539168792515,25.582140342286845
4cam_auth/4cam_auth/canonxt_23_sub_04.tif,0,raw_replay,ela,1152,768,uint8,RGB,16.667148919753085,16.63635359940105,0.22152144820601852,1.5070408950617283e-05,16.662481398809526,8.165953511689551
4cam_auth/4cam_auth/canonxt_23_sub_05.tif,0,raw_replay,rgb,1152,768,uint8,RGB,103.03665085780767,55.07497504359278,0.010154441550925927,0.0,103.04169988307824,53.86941190824729
4cam_auth/4cam_auth/canonxt_23_sub_05.tif,0,raw_replay,ela,1152,768,uint8,RGB,18.153914463372878,20.358900955144787,0.2168831530912423,0.00018574279031635804,18.150397268282312,11.200408031343365
4cam_auth/4cam_auth/canonxt_23_sub_06.tif,0,raw_replay,rgb,1152,768,uint8,RGB,61.77330525716146,26.169729417783767,0.0057889208381558645,0.0,61.77563642644558,25.337869882809237
4cam_auth/4cam_auth/canonxt_23_sub_06.tif,0,raw_replay,ela,1152,768,uint8,RGB,12.127199526186343,12.598501176313608,0.28536196108217593,3.7676022376543208e-06,12.124016794217686,6.601466982959083
4cam_auth/4cam_auth/canonxt_23_sub_07.tif,0,raw_replay,rgb,1152,768,uint8,RGB,95.58914071542246,52.043248136004166,0.03511782045717592,0.0,95.58973081420068,51.64536747110404
4cam_auth/4cam_auth/canonxt_23_sub_07.tif,0,raw_replay,ela,1152,768,uint8,RGB,14.55574506594811,15.117746803739895,0.24905433183834877,3.353165991512346e-05,14.554169323979592,7.921354863798057
4cam_auth/4cam_auth/canonxt_23_sub_08.tif,0,raw_replay,rgb,1152,768,uint8,RGB,79.10699010778356,49.640693958922114,0.029308554566936727,0.0,79.10950786564626,49.19665481488188
4cam_auth/4cam_auth/canonxt_23_sub_08.tif,0,raw_replay,ela,1152,768,uint8,RGB,14.294166093991127,14.250520284281096,0.2490528247974537,3.0140817901234566e-06,14.291454081632653,7.006165727130693
4cam_auth/4cam_auth/canonxt_23_sub_09.tif,0,raw_replay,rgb,1152,768,uint8,RGB,53.147766866801696,29.237116827179204,0.004668812692901234,0.0,53.14979272959184,28.81186436760282
4cam_auth/4cam_auth/canonxt_23_sub_09.tif,0,raw_replay,ela,1152,768,uint8,RGB,11.49439682195216,10.631844453682753,0.2823475025318287,0.0,11.492041347789115,4.4004033990045315
4cam_auth/4cam_auth/canonxt_26_sub_01.tif,0,raw_replay,rgb,1152,768,uint8,RGB,93.4400634765625,22.0044542682727,0.0005677776572145061,0.0,93.44385097789116,21.93005666037943
4cam_auth/4cam_auth/canonxt_26_sub_01.tif,0,raw_replay,ela,1152,768,uint8,RGB,9.396064664110725,8.49633536699305,0.32599630473572533,0.0,9.396517591411564,2.6100054288050143
4cam_auth/4cam_auth/canonxt_26_sub_02.tif,0,raw_replay,rgb,1152,768,uint8,RGB,103.32343998661747,45.42447144148169,0.0005229431905864198,0.003030659239969136,103.32639774659864,45.02378843092371
4cam_auth/4cam_auth/canonxt_26_sub_02.tif,0,raw_replay,ela,1152,768,uint8,RGB,10.539712788146218,12.071794377979542,0.31537241994598764,0.0002253026138117284,10.53853768069728,6.425373524060456
4cam_auth/4cam_auth/canonxt_26_sub_03.tif,0,raw_replay,rgb,1152,768,uint8,RGB,195.56238207404996,44.87431774223806,0.0005485628858024692,0.00374047550154321,195.57161458333334,44.28527310489067
4cam_auth/4cam_auth/canonxt_26_sub_03.tif,0,raw_replay,ela,1152,768,uint8,RGB,9.275629490981867,12.864291247601502,0.37836936668113424,0.0003096969039351852,9.273922459608844,8.01684223877737
4cam_auth/4cam_auth/canonxt_26_sub_04.tif,0,raw_replay,rgb,1152,768,uint8,RGB,113.47552188826197,37.54513328771585,0.0026267722800925927,0.0,113.47809045493197,37.03624072457138
4cam_auth/4cam_auth/canonxt_26_sub_04.tif,0,raw_replay,ela,1152,768,uint8,RGB,10.838939525462964,11.606376182701684,0.30619077329282407,2.335913387345679e-05,10.836123511904763,5.867333735898979
4cam_auth/4cam_auth/canonxt_26_sub_05.tif,0,raw_replay,rgb,1152,768,uint8,RGB,111.7906271852093,48.06891633058227,0.001539819034529321,0.0,111.79390545280613,47.63912053649209
4cam_auth/4cam_auth/canonxt_26_sub_05.tif,0,raw_replay,ela,1152,768,uint8,RGB,10.252497166763117,10.5480275477791,0.3167400595582562,6.781684027777777e-06,10.251979698129253,4.8508296750300826
4cam_auth/4cam_auth/canonxt_26_sub_06.tif,0,raw_replay,rgb,1152,768,uint8,RGB,131.53646323121623,53.66985925323407,0.0005052354600694445,0.0,131.54077646683675,53.38429068296009
4cam_auth/4cam_auth/canonxt_26_sub_06.tif,0,raw_replay,ela,1152,768,uint8,RGB,11.070690390504437,12.166044804011246,0.3101893295476466,1.620068962191358e-05,11.068738042091837,6.383625621078495
4cam_auth/4cam_auth/canonxt_26_sub_07.tif,0,raw_replay,rgb,1152,768,uint8,RGB,99.34022540810668,47.03346637170589,0.0005120171440972222,0.0,99.34353741496598,46.94780435964634
4cam_auth/4cam_auth/canonxt_26_sub_07.tif,0,raw_replay,ela,1152,768,uint8,RGB,9.744541497878087,8.874516819288736,0.31786506558641975,0.0,9.742001488095237,3.053667554738356
4cam_auth/4cam_auth/canonxt_26_sub_08.tif,0,raw_replay,rgb,1152,768,uint8,RGB,91.17957183461131,46.29595955355033,0.0035909016927083335,0.0,91.18207243835035,46.17354242723672
4cam_auth/4cam_auth/canonxt_26_sub_08.tif,0,raw_replay,ela,1152,768,uint8,RGB,9.858309898847414,9.197611639847098,0.31979633849344136,3.767602237654321e-07,9.855475393282314,3.389147473829167
4cam_auth/4cam_auth/canonxt_26_sub_09.tif,0,raw_replay,rgb,1152,768,uint8,RGB,159.01103266963253,21.06574005802459,0.0,0.0,159.01574457908163,20.94770709631303
4cam_auth/4cam_auth/canonxt_26_sub_09.tif,0,raw_replay,ela,1152,768,uint8,RGB,9.45795883367091,8.80289807779045,0.3302623607494213,0.0,9.456745588860544,3.350796990528269
4cam_auth/4cam_auth/canonxt_29_sub_01.tif,0,raw_replay,rgb,1152,768,uint8,RGB,103.38367565767264,43.08776221861509,0.0010368441358024692,0.02458322784047068,103.38608763818027,42.710900408015874
4cam_auth/4cam_auth/canonxt_29_sub_01.tif,0,raw_replay,ela,1152,768,uint8,RGB,11.632428581331983,13.571164846270866,0.30212666075906636,0.000302538459683642,11.629955888605442,7.16951211617803
4cam_auth/4cam_auth/canonxt_29_sub_02.tif,0,raw_replay,rgb,1152,768,uint8,RGB,136.995120578342,42.94285617540985,0.009873001663773149,0.0009547104070216049,136.99666507227892,42.14254993250445
4cam_auth/4cam_auth/canonxt_29_sub_02.tif,0,raw_replay,ela,1152,768,uint8,RGB,20.985734727647568,21.040027385841157,0.18540332935474538,7.572880497685185e-05,20.984826743197278,11.066323871276255
4cam_auth/4cam_auth/canonxt_29_sub_03.tif,0,raw_replay,rgb,1152,768,uint8,RGB,92.74881508909625,44.136400793336094,0.047954041280864196,3.767602237654321e-07,92.75106956845238,43.932600694745354
4cam_auth/4cam_auth/canonxt_29_sub_03.tif,0,raw_replay,ela,1152,768,uint8,RGB,12.11562356831115,11.844754090415622,0.28544221100983797,8.665485146604938e-06,12.112796290391156,5.49855992942418
4cam_auth/4cam_auth/canonxt_29_sub_04.tif,0,raw_replay,rgb,1152,768,uint8,RGB,99.68267370153356,38.524268704863815,0.01847217701099537,0.0,99.68542065263605,38.2205375257944
4cam_auth/4cam_auth/canonxt_29_sub_04.tif,0,raw_replay,ela,1152,768,uint8,RGB,12.687253598813657,12.962026972488387,0.2738308376736111,7.5352044753086416e-06,12.68565981079932,6.371937292254426
4cam_auth/4cam_auth/canonxt_29_sub_05.tif,0,raw_replay,rgb,1152,768,uint8,RGB,103.05466263382523,48.47999757940063,0.0587365421248071,6.178867669753087e-05,103.05588993409864,47.68422382099692
4cam_auth/4cam_auth/canonxt_29_sub_05.tif,0,raw_replay,ela,1152,768,uint8,RGB,15.889617543161652,17.657776802402434,0.25578063211323304,9.192949459876543e-05,15.887369791666666,9.867024324891853
4cam_auth/4cam_auth/canonxt_29_sub_06.tif,0,raw_replay,rgb,1152,768,uint8,RGB,61.56554233880691,36.68584331673923,0.10297082971643519,0.0,61.567263233418366,36.566280998152266
4cam_auth/4cam_auth/canonxt_29_sub_06.tif,0,raw_replay,ela,1152,768,uint8,RGB,12.728429723668981,13.809328918214428,0.30101295753761576,0.0,12.725659013605442,7.431649294511915
4cam_auth/4cam_auth/canonxt_29_sub_07.tif,0,raw_replay,rgb,1152,768,uint8,RGB,59.76307357976466,26.714818885267377,0.01122142650462963,0.0,59.767578125,26.608818220898836
4cam_auth/4cam_auth/canonxt_29_sub_07.tif,0,raw_replay,ela,1152,768,uint8,RGB,10.010274251302084,9.60031416856098,0.3204496407214506,0.0,10.008895355017007,4.064544462927119
4cam_auth/4cam_auth/canonxt_29_sub_08.tif,0,raw_replay,rgb,1152,768,uint8,RGB,73.80343175817418,39.48259626695206,0.054646433135609566,0.0,73.80585671768708,39.344244679792084
4cam_auth/4cam_auth/canonxt_29_sub_08.tif,0,raw_replay,ela,1152,768,uint8,RGB,11.52184945565683,11.817090127014742,0.30210970654899694,3.767602237654321e-07,11.51826238307823,5.780917206769248
4cam_auth/4cam_auth/canonxt_29_sub_09.tif,0,raw_replay,rgb,1152,768,uint8,RGB,48.98722745165413,33.3921031395526,0.21761482144579475,0.0,48.98138552295919,33.33032045292157
4cam_auth/4cam_auth/canonxt_29_sub_09.tif,0,raw_replay,ela,1152,768,uint8,RGB,9.64618824146412,11.608691629789803,0.3908397533275463,0.0,9.6416015625,6.533822261987163
4cam_auth/4cam_auth/canonxt_32_sub_01.tif,0,raw_replay,rgb,768,1152,uint8,RGB,105.02595651885609,49.19114574629367,0.0008514781057098765,3.3908420138888887e-06,105.02612138605443,48.241724121146866
4cam_auth/4cam_auth/canonxt_32_sub_01.tif,0,raw_replay,ela,768,1152,uint8,RGB,16.73906867886767,17.691552760400857,0.2199891643759645,0.00012357735339506174,16.73578337585034,9.709315318098968
4cam_auth/4cam_auth/canonxt_32_sub_02.tif,0,raw_replay,rgb,768,1152,uint8,RGB,144.89412171163676,61.373811693705,0.002096293885030864,0.1350282268759645,144.89663052721087,60.21776200493545
4cam_auth/4cam_auth/canonxt_32_sub_02.tif,0,raw_replay,ela,768,1152,uint8,RGB,16.907094319661457,22.60742620107333,0.31039164978780864,0.0009143970630787037,16.902782206632654,14.159259263564238
4cam_auth/4cam_auth/canonxt_32_sub_03.tif,0,raw_replay,rgb,768,1152,uint8,RGB,129.43015091507525,54.9922781215722,0.0030852894724151233,0.09695849006558642,129.43581924957482,53.56801551316185
4cam_auth/4cam_auth/canonxt_32_sub_03.tif,0,raw_replay,ela,768,1152,uint8,RGB,18.553167272497106,20.148949040747095,0.2536217960310571,0.0004321439766589506,18.548841411564627,11.124650936449328
4cam_auth/4cam_auth/canonxt_32_sub_04.tif,0,raw_replay,rgb,768,1152,uint8,RGB,92.7193855944975,46.42842781020025,0.018877571011766976,0.0016475724585262345,92.72126116071429,44.44834011658374
4cam_auth/4cam_auth/canonxt_32_sub_04.tif,0,raw_replay,ela,768,1152,uint8,RGB,18.854283462336035,22.70793937322569,0.22074080102237653,0.0006103515625,18.849715667517007,13.540364831743755
4cam_auth/4cam_auth/canonxt_32_sub_05.tif,0,raw_replay,rgb,768,1152,uint8,RGB,117.2300946270978,61.342505402954295,0.005134488329475309,0.08453858928915894,117.23396975977892,60.10685774978837
4cam_auth/4cam_auth/canonxt_32_sub_05.tif,0,raw_replay,ela,768,1152,uint8,RGB,16.637612802010995,20.566809928154896,0.2804275324315201,0.00047358760127314816,16.63567575467687,12.52185565248217
4cam_auth/4cam_auth/canonxt_32_sub_06.tif,0,raw_replay,rgb,768,1152,uint8,RGB,103.05193338276428,61.34345778967472,0.01765310028452932,0.04493958273051697,103.05347177933673,60.02587125838961
4cam_auth/4cam_auth/canonxt_32_sub_06.tif,0,raw_replay,ela,768,1152,uint8,RGB,17.48331517349055,19.70649544579563,0.24416323061342593,0.00033946096161265434,17.47876806972789,11.227507318687945
4cam_auth/4cam_auth/canonxt_32_sub_07.tif,0,raw_replay,rgb,768,1152,uint8,RGB,88.76163209514853,46.53408163607462,0.005407262731481482,8.665485146604938e-06,88.76472151360544,45.463659682535656
4cam_auth/4cam_auth/canonxt_32_sub_07.tif,0,raw_replay,ela,768,1152,uint8,RGB,17.00007497528453,18.270817754116127,0.2230202003761574,0.00015183437017746913,16.997714710884352,10.094390437793503
4cam_auth/4cam_auth/canonxt_32_sub_08.tif,0,raw_replay,rgb,768,1152,uint8,RGB,90.29841180495274,48.231315411057636,0.008743851273148149,0.0,90.30150536777211,47.483237312195584
4cam_auth/4cam_auth/canonxt_32_sub_08.tif,0,raw_replay,ela,768,1152,uint8,RGB,14.481625027126736,14.335881729808216,0.24607792607060186,1.770773051697531e-05,14.481093218537415,7.024677195874111
4cam_auth/4cam_auth/canonxt_32_sub_09.tif,0,raw_replay,rgb,768,1152,uint8,RGB,87.58150152512539,49.386994006642645,0.010255790051118827,0.0,87.5843962585034,48.73946880556272
4cam_auth/4cam_auth/canonxt_32_sub_09.tif,0,raw_replay,ela,768,1152,uint8,RGB,14.226467933183836,14.027979544327057,0.24635484483506945,6.404923804012345e-06,14.221241230867347,6.867465047631066
4cam_auth/4cam_auth/canonxt_35_sub_01.tif,0,raw_replay,rgb,1152,768,uint8,RGB,149.86376915448977,69.01377514640082,0.0019535017602237653,0.13217539846161266,149.86858923256804,67.62766735730443
4cam_auth/4cam_auth/canonxt_35_sub_01.tif,0,raw_replay,ela,1152,768,uint8,RGB,16.752820427035108,25.850353515317316,0.32653017397280093,0.0021347234278549384,16.75036538052721,17.513734148423104
4cam_auth/4cam_auth/canonxt_35_sub_02.tif,0,raw_replay,rgb,1152,768,uint8,RGB,185.4032460907359,77.02317155624195,0.0009012104552469136,0.47051286108699847,185.40719334608843,76.2230579061733
4cam_auth/4cam_auth/canonxt_35_sub_02.tif,0,raw_replay,ela,1152,768,uint8,RGB,10.158107427903163,22.85289092617288,0.5797401710792824,0.0027209623360339506,10.15607063137755,15.860608088238127
4cam_auth/4cam_auth/canonxt_35_sub_03.tif,0,raw_replay,rgb,1152,768,uint8,RGB,222.0101698887201,61.35297604005046,0.0004622847945601852,0.7225157184365355,222.01333971088437,60.818941619724356
4cam_auth/4cam_auth/canonxt_35_sub_03.tif,0,raw_replay,ela,1152,768,uint8,RGB,5.937925739052855,18.758868654427584,0.7746438862364969,0.00140380859375,5.937121332908164,13.7473781546352
4cam_auth/4cam_auth/canonxt_35_sub_04.tif,0,raw_replay,rgb,1152,768,uint8,RGB,93.35095666956019,41.75478596867532,0.008946548273533951,1.3563368055555555e-05,93.35472470238095,39.71716152816133
4cam_auth/4cam_auth/canonxt_35_sub_04.tif,0,raw_replay,ela,1152,768,uint8,RGB,18.504474781177663,19.16493317856527,0.20474959008487653,7.723584587191358e-05,18.50004650297619,10.139761274991827
4cam_auth/4cam_auth/canonxt_35_sub_05.tif,0,raw_replay,rgb,1152,768,uint8,RGB,103.73574942129629,43.40352495444591,0.0032352400414737653,0.0006502881462191358,103.73594281462584,40.767284865434085
4cam_auth/4cam_auth/canonxt_35_sub_05.tif,0,raw_replay,ela,1152,768,uint8,RGB,18.311298511646413,19.197769225920943,0.20309711974344136,0.00023999626253858026,18.30828151573129,10.537703226137252
4cam_auth/4cam_auth/canonxt_35_sub_06.tif,0,raw_replay,rgb,1152,768,uint8,RGB,109.70967610677083,55.299087338498666,0.0018152307581018518,0.03553489402488426,109.70822039753402,53.867381897676246
4cam_auth/4cam_auth/canonxt_35_sub_06.tif,0,raw_replay,ela,1152,768,uint8,RGB,20.052686149691358,22.41182510018538,0.21256849500868055,0.0005176685474537037,20.051631590136054,12.862356519610763
4cam_auth/4cam_auth/canonxt_35_sub_07.tif,0,raw_replay,rgb,1152,768,uint8,RGB,140.66534235448012,63.452543535644736,0.0018562976224922839,0.0007919499903549383,140.6696694302721,62.96856197763317
4cam_auth/4cam_auth/canonxt_35_sub_07.tif,0,raw_replay,ela,1152,768,uint8,RGB,13.856813407238619,16.368983539437817,0.2652000144675926,0.00017443998360339505,13.852253401360544,9.912647319143002
4cam_auth/4cam_auth/canonxt_35_sub_08.tif,0,raw_replay,rgb,1152,768,uint8,RGB,142.15729588638118,61.93146197854831,0.0005478093653549383,0.0034017680603780865,142.15504756590136,61.29679076765314
4cam_auth/4cam_auth/canonxt_35_sub_08.tif,0,raw_replay,ela,1152,768,uint8,RGB,14.381397388599536,16.702976560716454,0.2574440285011574,0.00020721812307098765,14.37903911564626,10.029455298656837
4cam_auth/4cam_auth/canonxt_35_sub_09.tif,0,raw_replay,rgb,1152,768,uint8,RGB,165.11435237931616,56.26199550773798,0.0004366650993441358,0.0007086859809027778,165.1204759247449,55.62912627587996
4cam_auth/4cam_auth/canonxt_35_sub_09.tif,0,raw_replay,ela,1152,768,uint8,RGB,13.138335428120177,14.310998753784139,0.270898136091821,0.00011792595003858024,13.13447332057823,8.117846631518447
4cam_auth/4cam_auth/canonxt_38_sub_01.tif,0,raw_replay,rgb,768,1152,uint8,RGB,54.40664296091339,37.53081449981061,0.008514404296875,0.0,54.40947199192177,37.0430649166784
4cam_auth/4cam_auth/canonxt_38_sub_01.tif,0,raw_replay,ela,768,1152,uint8,RGB,13.662401364173418,13.247877225115401,0.25210608965084874,2.524293499228395e-05,13.659113254676871,6.135422483934567
4cam_auth/4cam_auth/canonxt_38_sub_02.tif,0,raw_replay,rgb,768,1152,uint8,RGB,154.65553302529418,58.104179522679736,0.006179997950424383,0.0,154.66034226190476,57.973287738120135
4cam_auth/4cam_auth/canonxt_38_sub_02.tif,0,raw_replay,ela,768,1152,uint8,RGB,9.89524558738426,10.606588825036656,0.33164054964795525,6.028163580246913e-06,9.892970078656463,5.4830798898525295
4cam_auth/4cam_auth/canonxt_38_sub_03.tif,0,raw_replay,rgb,768,1152,uint8,RGB,128.05601482626832,76.348557877817,0.01142110942322531,0.0,128.0569927189626,76.08781821242484
4cam_auth/4cam_auth/canonxt_38_sub_03.tif,0,raw_replay,ela,768,1152,uint8,RGB,10.788679711612655,12.464701090621466,0.3207683798707562,0.00010247878086419753,10.78656462585034,6.836243159249686
4cam_auth/4cam_auth/canonxt_38_sub_04.tif,0,raw_replay,rgb,768,1152,uint8,RGB,35.1303013931086,28.085933694654646,0.033710621021412035,0.0,35.130254836309526,27.560885691575002
4cam_auth/4cam_auth/canonxt_38_sub_04.tif,0,raw_replay,ela,768,1152,uint8,RGB,14.582206820264275,13.79853292479723,0.24315690405574847,0.0,14.578908907312925,6.398296311090691
4cam_auth/4cam_auth/canonxt_38_sub_05.tif,0,raw_replay,rgb,768,1152,uint8,RGB,109.3470632294078,67.6856547917951,0.018100314670138888,0.0,109.34969573767007,67.35867558204356
4cam_auth/4cam_auth/canonxt_38_sub_05.tif,0,raw_replay,ela,768,1152,uint8,RGB,12.366344310619214,14.071561237002577,0.29337112991898145,6.028163580246913e-05,12.364237882653061,7.837704905124101
4cam_auth/4cam_auth/canonxt_38_sub_06.tif,0,raw_replay,rgb,768,1152,uint8,RGB,82.85745653694059,69.45233855985175,0.017161428192515434,0.0,82.85809948979592,69.10583052372974
4cam_auth/4cam_auth/canonxt_38_sub_06.tif,0,raw_replay,ela,768,1152,uint8,RGB,13.857097861207562,14.341707690896591,0.26273487232349535,5.6514033564814815e-05,13.854259672619047,7.447954314354351
4cam_auth/4cam_auth/canonxt_38_sub_07.tif,0,raw_replay,rgb,768,1152,uint8,RGB,25.721146571783372,25.51372527012478,0.20964860327449847,0.0,25.70889136904762,25.259527907929748
4cam_auth/4cam_auth/canonxt_38_sub_07.tif,0,raw_replay,ela,768,1152,uint8,RGB,11.084361135223766,12.232367087669418,0.3486211329330633,0.0,11.081878454506803,6.487468833099646
4cam_auth/4cam_auth/canonxt_38_sub_08.tif,0,raw_replay,rgb,768,1152,uint8,RGB,65.22824172031733,59.10535504205681,0.04583288122106482,0.0,65.22878799957483,58.40798368370889
4cam_auth/4cam_auth/canonxt_38_sub_08.tif,0,raw_replay,ela,768,1152,uint8,RGB,15.384892593195408,17.391117455539362,0.2536293312355324,0.00019629207658179013,15.380919164540817,9.574996654430091
4cam_auth/4cam_auth/canonxt_38_sub_09.tif,0,raw_replay,rgb,768,1152,uint8,RGB,75.00540048104746,68.75974670326436,0.04055710780767747,0.0,75.00468351403062,68.26385077252098
4cam_auth/4cam_auth/canonxt_38_sub_09.tif,0,raw_replay,ela,768,1152,uint8,RGB,14.762354721257717,16.03860907308427,0.256598201798804,0.00018461250964506174,14.75922087585034,8.594295824280454
4cam_auth/4cam_auth/kodakdcs330_01_sub_01.tif,0,raw_replay,rgb,747,625,uint8,RGB,126.17880089245872,59.359851633700224,0.005906648817492191,3.5698348951361e-06,126.18181335034014,58.5223162710497
4cam_auth/4cam_auth/kodakdcs330_01_sub_01.tif,0,raw_replay,ela,747,625,uint8,RGB,19.29837751004016,20.64471794821543,0.20682409638554217,0.00014564926372155287,19.299724968112244,11.327622865546475
4cam_auth/4cam_auth/kodakdcs330_02_sub_01.tif,0,raw_replay,rgb,914,784,uint8,RGB,67.95063282424567,49.33369251099429,0.010806483424879798,0.00036516247636910344,67.95215508078232,47.110009625220464
4cam_auth/4cam_auth/kodakdcs330_02_sub_01.tif,0,raw_replay,ela,914,784,uint8,RGB,22.463123241638012,22.19508032296963,0.17629672218997008,0.00022654028788758393,22.464963329081634,11.296540523987524
4cam_auth/4cam_auth/kodakdcs330_03_sub_01.tif,0,raw_replay,rgb,947,773,uint8,RGB,110.61996190507415,61.63251842439665,0.004286703705170956,1.5026686028323938e-05,110.64168128188776,59.685779280950975
4cam_auth/4cam_auth/kodakdcs330_03_sub_01.tif,0,raw_replay,ela,947,773,uint8,RGB,20.599571602841955,24.982938753730046,0.2031812860384328,0.0011333764098332812,20.602260044642858,15.234486887155153
4cam_auth/4cam_auth/nikond70_02_sub_01.tif,0,raw_replay,rgb,1002,666,uint8,RGB,145.93735801669933,46.865028756070245,0.002825180469891049,4.995014975054896e-06,145.9354870854592,45.7270847761023
4cam_auth/4cam_auth/nikond70_02_sub_01.tif,0,raw_replay,ela,1002,666,uint8,RGB,15.96770922619226,17.8479366460239,0.2467077856299413,3.196809584035133e-05,15.967082536139456,10.815263219786981
4cam_auth/4cam_auth/nikond70_02_sub_02.tif,0,raw_replay,rgb,1002,666,uint8,RGB,146.8096110082138,52.6253457536829,8.991026955098812e-06,2.497507487527448e-06,146.8078696322279,51.61742542030593
4cam_auth/4cam_auth/nikond70_02_sub_02.tif,0,raw_replay,ela,1002,666,uint8,RGB,16.830777883672095,16.312553144899425,0.22538906171640702,0.0,16.83307424532313,8.316826760199906
4cam_auth/4cam_auth/nikond70_02_sub_03.tif,0,raw_replay,rgb,1002,666,uint8,RGB,146.5409701118284,46.90540724991014,0.0,0.0,146.5407565369898,46.47659632428172
4cam_auth/4cam_auth/nikond70_02_sub_03.tif,0,raw_replay,ela,1002,666,uint8,RGB,11.371666077254899,11.047438737407186,0.2998882115648583,0.0,11.371319621598639,5.288411688228714
4cam_auth/4cam_auth/nikond70_02_sub_04.tif,0,raw_replay,rgb,1002,666,uint8,RGB,106.67512222801643,56.49781051961635,0.01676526826227425,0.0003376630123137109,106.67323022959184,54.783143941568284
4cam_auth/4cam_auth/nikond70_02_sub_04.tif,0,raw_replay,ela,1002,666,uint8,RGB,22.353793414172657,23.01660129978198,0.1851427275578972,0.00018231804658950368,22.352353050595237,12.622877798495335
4cam_auth/4cam_auth/nikond70_02_sub_05.tif,0,raw_replay,rgb,1002,666,uint8,RGB,104.82093520666375,65.12154279188103,3.146859434284584e-05,0.0,104.82089710884354,64.59267289279676
4cam_auth/4cam_auth/nikond70_02_sub_05.tif,0,raw_replay,ela,1002,666,uint8,RGB,17.33473992955031,17.764901879760718,0.21410782039524553,2.7972083860307413e-05,17.3353196747449,10.048635363751496
4cam_auth/4cam_auth/nikond70_02_sub_06.tif,0,raw_replay,rgb,1002,666,uint8,RGB,156.44961878045712,37.14571060688796,0.0,0.0,156.45010894982994,36.8467682879831
4cam_auth/4cam_auth/nikond70_02_sub_06.tif,0,raw_replay,ela,1002,666,uint8,RGB,10.049415683148219,9.374289525278039,0.31935078791366217,0.0,10.054660926870747,3.971799716330754
4cam_auth/4cam_auth/nikond70_02_sub_07.tif,0,raw_replay,rgb,1002,666,uint8,RGB,151.78483023942107,68.15255591635963,0.026872181562800326,0.0002047956139772507,151.7833027742347,67.00830668914067
4cam_auth/4cam_auth/nikond70_02_sub_07.tif,0,raw_replay,ela,1002,666,uint8,RGB,19.16108723493953,20.411312049676532,0.23383013752275228,3.096909284534035e-05,19.16204294217687,11.344521970296965
4cam_auth/4cam_auth/nikond70_02_sub_08.tif,0,raw_replay,rgb,1002,666,uint8,RGB,217.2891109672547,53.75026817407058,0.0,6.493519467571364e-06,217.2858272215136,53.57178926489402
4cam_auth/4cam_auth/nikond70_02_sub_08.tif,0,raw_replay,ela,1002,666,uint8,RGB,8.7694031356706,8.975153355046716,0.3682389974805145,0.0,8.769836840986395,4.6050557109013335
4cam_auth/4cam_auth/nikond70_02_sub_09.tif,0,raw_replay,rgb,1002,666,uint8,RGB,181.09699320078562,22.864367653197224,0.0,0.0,181.10765438988096,22.384442670764077
4cam_auth/4cam_auth/nikond70_02_sub_09.tif,0,raw_replay,ela,1002,666,uint8,RGB,9.092715469960979,8.781870316675,0.3502644360927794,0.0,9.092893016581632,3.7419202186523806
4cam_auth/4cam_auth/nikond70_05_sub_01.tif,0,raw_replay,rgb,1002,666,uint8,RGB,119.3145176114238,47.328522239863396,0.0,0.0,119.31469892644557,47.223041349342346
4cam_auth/4cam_auth/nikond70_05_sub_01.tif,0,raw_replay,ela,1002,666,uint8,RGB,10.570710430989871,9.788857668492223,0.3058772345199491,0.0,10.574318399234693,4.372193432933975
4cam_auth/4cam_auth/nikond70_05_sub_02.tif,0,raw_replay,rgb,1002,666,uint8,RGB,92.05578133023243,44.9848284737714,0.00048701396006785227,0.02695110279940619,92.05240221088435,44.0779183603336
4cam_auth/4cam_auth/nikond70_05_sub_02.tif,0,raw_replay,ela,1002,666,uint8,RGB,13.754350658043272,14.073291557332883,0.2607742473011934,6.643369916823011e-05,13.755022321428571,7.199516815615357
4cam_auth/4cam_auth/nikond70_05_sub_03.tif,0,raw_replay,rgb,1002,666,uint8,RGB,122.23633713553873,36.034261473643156,0.00016483549417681154,0.0011453569337800875,122.23735119047619,34.99429959165748
4cam_auth/4cam_auth/nikond70_05_sub_03.tif,0,raw_replay,ela,1002,666,uint8,RGB,13.125048701396008,13.173824773259192,0.2666703629777482,1.3486540432648217e-05,13.127896471088436,6.959101081197871
4cam_auth/4cam_auth/nikond70_05_sub_04.tif,0,raw_replay,rgb,1002,666,uint8,RGB,98.71783310256365,51.225087421310576,0.0003541465617313921,0.0,98.71681680484694,51.06467444554932
4cam_auth/4cam_auth/nikond70_05_sub_04.tif,0,raw_replay,ela,1002,666,uint8,RGB,11.52370434306562,10.781370625606291,0.28700406993820166,0.0,11.526692708333334,4.8208310563793635
4cam_auth/4cam_auth/nikond70_05_sub_05.tif,0,raw_replay,rgb,1002,666,uint8,RGB,104.34682386977796,38.82364890108299,0.0006218793643943345,0.0028156899414384443,104.35451211734694,36.86093696363707
4cam_auth/4cam_auth/nikond70_05_sub_05.tif,0,raw_replay,ela,1002,666,uint8,RGB,14.804854754954555,15.082860889784719,0.24396302490114866,5.594416772061483e-05,14.805863360969388,7.721386097015121
4cam_auth/4cam_auth/nikond70_05_sub_06.tif,0,raw_replay,rgb,1002,666,uint8,RGB,136.8522659385933,15.85572055438818,7.692323061584539e-05,0.0,136.8533628295068,15.63477251318209
4cam_auth/4cam_auth/nikond70_05_sub_06.tif,0,raw_replay,ela,1002,666,uint8,RGB,9.617077156997317,8.873324931282376,0.3253577929226632,0.0,9.619891315901361,3.7958579299563167
4cam_auth/4cam_auth/nikond70_05_sub_07.tif,0,raw_replay,rgb,1002,666,uint8,RGB,82.65446184707662,41.92610285636541,0.00023176869484254714,0.0,82.65445631377551,41.66562181598411
4cam_auth/4cam_auth/nikond70_05_sub_07.tif,0,raw_replay,ela,1002,666,uint8,RGB,12.890165614716514,11.958866080000263,0.2603202004399609,0.0,12.891774287840136,5.241461750622406
4cam_auth/4cam_auth/nikond70_05_sub_08.tif,0,raw_replay,rgb,1002,666,uint8,RGB,83.96561281840722,48.95562629363981,4.895114675553797e-05,3.246759733785682e-05,83.9625783907313,47.884678176824735
4cam_auth/4cam_auth/nikond70_05_sub_08.tif,0,raw_replay,ela,1002,666,uint8,RGB,17.50246503989019,15.495293882120654,0.1935218651785518,4.995014975054895e-07,17.502371651785715,6.21739750942738
4cam_auth/4cam_auth/nikond70_05_sub_09.tif,0,raw_replay,rgb,1002,666,uint8,RGB,122.01841911772051,34.36860707313687,4.995014975054895e-07,0.0,122.0201490752551,34.104103023023306
4cam_auth/4cam_auth/nikond70_05_sub_09.tif,0,raw_replay,ela,1002,666,uint8,RGB,11.638484792177406,11.113879477583236,0.2863002723282164,0.0,11.639681653911564,5.1908330908166365
4cam_auth/4cam_auth/nikond70_08_sub_01.tif,0,raw_replay,rgb,1002,666,uint8,RGB,79.29161247075419,22.536793417780235,1.5484546422670176e-05,0.0,79.29152051445578,22.408442231034808
4cam_auth/4cam_auth/nikond70_08_sub_01.tif,0,raw_replay,ela,1002,666,uint8,RGB,12.483591375806945,10.842656036451709,0.2576004147860435,0.0,12.485258556547619,3.9238889917971664
4cam_auth/4cam_auth/nikond70_08_sub_02.tif,0,raw_replay,rgb,1002,666,uint8,RGB,89.37484340628053,54.464937062148145,0.0006168843494192796,0.07714550878223533,89.3765412414966,54.14854221006245
4cam_auth/4cam_auth/nikond70_08_sub_02.tif,0,raw_replay,ela,1002,666,uint8,RGB,13.479257700814587,13.103264199657328,0.28067438696181213,0.0,13.478103741496598,6.301382025442057
4cam_auth/4cam_auth/nikond70_08_sub_03.tif,0,raw_replay,rgb,1002,666,uint8,RGB,43.31306306306306,26.674578630734622,2.8471585357812903e-05,0.0,43.31406781462585,26.379026734488075
4cam_auth/4cam_auth/nikond70_08_sub_03.tif,0,raw_replay,ela,1002,666,uint8,RGB,13.265251279223335,11.427041498939351,0.24380518242793692,0.0,13.266614849064625,4.0247419074386555
4cam_auth/4cam_auth/nikond70_08_sub_04.tif,0,raw_replay,rgb,1002,666,uint8,RGB,73.70905386424349,34.39208685669789,0.0013371655088221955,0.0,73.70843298256803,33.62207232523716
4cam_auth/4cam_auth/nikond70_08_sub_04.tif,0,raw_replay,ela,1002,666,uint8,RGB,13.053967140793489,11.569798361571737,0.25146753539967115,0.0,13.055318611819727,4.468209854135222
4cam_auth/4cam_auth/nikond70_08_sub_05.tif,0,raw_replay,rgb,1002,666,uint8,RGB,90.74491657325989,43.933463175804114,1.048953144761528e-05,0.0,90.74603396045919,43.79542346552884
4cam_auth/4cam_auth/nikond70_08_sub_05.tif,0,raw_replay,ela,1002,666,uint8,RGB,11.44198839558121,10.534699751586603,0.2860035684386982,4.995014975054895e-07,11.445332429846939,4.506989314055632
4cam_auth/4cam_auth/nikond70_08_sub_06.tif,0,raw_replay,rgb,1002,666,uint8,RGB,57.40431149712587,38.27693023129317,0.001314188439936943,0.0,57.40238360969388,37.86067618358934
4cam_auth/4cam_auth/nikond70_08_sub_06.tif,0,raw_replay,ela,1002,666,uint8,RGB,12.783562005118892,11.301773101048342,0.255549461637286,0.0,12.786624415391156,4.36697331406939
4cam_auth/4cam_auth/nikond70_08_sub_07.tif,0,raw_replay,rgb,1002,666,uint8,RGB,85.1281930633228,18.06635828336474,0.00034115952279624933,0.0,85.12931149022108,17.537718999068336
4cam_auth/4cam_auth/nikond70_08_sub_07.tif,0,raw_replay,ela,1002,666,uint8,RGB,12.529690369011727,11.020690422839746,0.2584990179800559,0.0,12.530937765731293,4.208002279233283
4cam_auth/4cam_auth/nikond70_08_sub_08.tif,0,raw_replay,rgb,1002,666,uint8,RGB,112.46028563493633,26.629041740979275,0.00044155932379485275,0.0,112.45978156887755,26.17950534363325
4cam_auth/4cam_auth/nikond70_08_sub_08.tif,0,raw_replay,ela,1002,666,uint8,RGB,11.272310234386083,10.726089326377885,0.2920375465285645,0.0,11.27404868197279,4.922238199110901
4cam_auth/4cam_auth/nikond70_08_sub_09.tif,0,raw_replay,rgb,1002,666,uint8,RGB,61.66462520404636,37.13976603989156,0.00035664406921891953,0.0,61.66487962372449,36.8058267743555
4cam_auth/4cam_auth/nikond70_08_sub_09.tif,0,raw_replay,ela,1002,666,uint8,RGB,12.558781336226446,11.130610320240647,0.2585824347301393,9.99002995010979e-07,12.562519929846939,4.402624480102034
4cam_auth/4cam_auth/nikond70_11_sub_01.tif,0,raw_replay,rgb,1002,666,uint8,RGB,49.805104505703305,8.70845149179161,0.0,0.0,49.80413610756803,8.503060964419696
4cam_auth/4cam_auth/nikond70_11_sub_01.tif,0,raw_replay,ela,1002,666,uint8,RGB,13.933204661747576,11.700369100600104,0.22917728107348867,0.0,13.935586734693878,3.649799939787151
4cam_auth/4cam_auth/nikond70_11_sub_02.tif,0,raw_replay,rgb,1002,666,uint8,RGB,54.203524382666096,7.844792941282223,0.0,0.0,54.20327115221088,7.5931994063591715
4cam_auth/4cam_auth/nikond70_11_sub_02.tif,0,raw_replay,ela,1002,666,uint8,RGB,13.83843424262586,11.640036468442377,0.23085310859761957,0.0,13.838382227891156,3.6757351550992423
4cam_auth/4cam_auth/nikond70_11_sub_03.tif,0,raw_replay,rgb,1002,666,uint8,RGB,61.1425517333701,11.23382967610001,0.0,0.0,61.14309630102041,11.11077389357332
4cam_auth/4cam_auth/nikond70_11_sub_03.tif,0,raw_replay,ela,1002,666,uint8,RGB,13.251784718850587,11.24404142539323,0.24098699497901094,0.0,13.25354086947279,3.729700418251437
4cam_auth/4cam_auth/nikond70_11_sub_04.tif,0,raw_replay,rgb,1002,666,uint8,RGB,97.98667479855105,40.943894027175865,0.0007997018975062887,0.0,97.9852519132653,40.17926564043514
4cam_auth/4cam_auth/nikond70_11_sub_04.tif,0,raw_replay,ela,1002,666,uint8,RGB,14.475718233203263,13.326030031375883,0.23299846752940565,0.0,14.475725446428571,6.024973989581245
4cam_auth/4cam_auth/nikond70_11_sub_05.tif,0,raw_replay,rgb,1002,666,uint8,RGB,104.92991894089698,38.140618785697086,0.0020759282236328144,0.0,104.92900324192176,37.5183373760981
4cam_auth/4cam_auth/nikond70_11_sub_05.tif,0,raw_replay,ela,1002,666,uint8,RGB,13.10688432943922,11.942259167335017,0.25435115754477033,0.0,13.107342155612244,5.206057473927136
4cam_auth/4cam_auth/nikond70_11_sub_06.tif,0,raw_replay,rgb,1002,666,uint8,RGB,78.89845634057211,13.202775539232725,0.00011638384891877906,0.0,78.8990553252551,13.10678378986326
4cam_auth/4cam_auth/nikond70_11_sub_06.tif,0,raw_replay,ela,1002,666,uint8,RGB,11.622595649541758,10.234250114757746,0.2758956561351771,0.0,11.62533880739796,3.902358804009545
4cam_auth/4cam_auth/nikond70_11_sub_07.tif,0,raw_replay,rgb,1002,666,uint8,RGB,68.79256751761741,50.046480849088546,0.0023556490622358888,0.002327177476878076,68.79426419005102,49.66450110343866
4cam_auth/4cam_auth/nikond70_11_sub_07.tif,0,raw_replay,ela,1002,666,uint8,RGB,14.391422360484237,12.931246302425745,0.23309587032141924,0.0,14.393747342687075,5.657495772603956
4cam_auth/4cam_auth/nikond70_11_sub_08.tif,0,raw_replay,rgb,1002,666,uint8,RGB,60.20779162395929,58.146648621134055,0.03479377581173988,2.1478564392736048e-05,60.20571588010204,57.890463139769814
4cam_auth/4cam_auth/nikond70_11_sub_08.tif,0,raw_replay,ela,1002,666,uint8,RGB,13.221012929096762,12.065028398462868,0.25560890231548916,4.495513477549406e-06,13.224370216836734,5.260129850251885
4cam_auth/4cam_auth/nikond70_11_sub_09.tif,0,raw_replay,rgb,1002,666,uint8,RGB,38.017243291195385,37.68569282700278,0.07127986269702836,0.0,38.01358551232993,37.537264755625706
4cam_auth/4cam_auth/nikond70_11_sub_09.tif,0,raw_replay,ela,1002,666,uint8,RGB,12.36576896257535,11.324480746162914,0.27168485851120583,0.0,12.368017910289115,4.813513062478943
4cam_splc/4cam_splc/canong3_canonxt_sub_01.tif,1,raw_replay,rgb,757,568,uint8,RGB,111.53604852363853,41.35023669470073,0.003994796608802972,0.0,111.53821880314626,40.03156158498916
4cam_splc/4cam_splc/canong3_canonxt_sub_01.tif,1,raw_replay,ela,757,568,uint8,RGB,17.199301046259947,17.752064071841712,0.21388713168486923,0.0001317903014741908,17.196667729591837,10.014266850555622
4cam_splc/4cam_splc/canong3_canonxt_sub_02.tif,1,raw_replay,rgb,757,568,uint8,RGB,94.57587477750697,41.687154704276175,0.003963011889035667,0.0,94.57634460034014,40.94994736698866
4cam_splc/4cam_splc/canong3_canonxt_sub_02.tif,1,raw_replay,ela,757,568,uint8,RGB,15.59520376331082,16.656010038954765,0.2341355486507774,7.287228434455256e-05,15.594141953656463,9.867957262390107
4cam_splc/4cam_splc/canong3_canonxt_sub_03.tif,1,raw_replay,rgb,757,568,uint8,RGB,121.02285398874976,43.803751880026056,0.001133396592678041,0.0,121.02123857355443,42.26573285240621
4cam_splc/4cam_splc/canong3_canonxt_sub_03.tif,1,raw_replay,ela,757,568,uint8,RGB,17.241861561265434,19.148932735650522,0.22702739997891355,6.20189653996192e-05,17.243854963860546,11.506046632454442
4cam_splc/4cam_splc/canong3_canonxt_sub_04.tif,1,raw_replay,rgb,757,568,uint8,RGB,114.37121064121408,51.598037716521866,0.0019233631644556906,1.55047413499048e-06,114.37446853741497,50.487764746194074
4cam_splc/4cam_splc/canong3_canonxt_sub_04.tif,1,raw_replay,ela,757,568,uint8,RGB,18.278682996260255,19.619469452397606,0.2071642758355505,0.00041785277937993437,18.28056574192177,11.697779100914696
4cam_splc/4cam_splc/canong3_canonxt_sub_05.tif,1,raw_replay,rgb,757,568,uint8,RGB,109.26198826601174,48.21965889318361,0.0030668378390111698,0.0,109.26062925170068,47.26789881408703
4cam_splc/4cam_splc/canong3_canonxt_sub_05.tif,1,raw_replay,ela,757,568,uint8,RGB,17.397618316681243,19.159523291373272,0.21450266991646044,0.00043800894313481063,17.39850393282313,11.426876078414557
4cam_splc/4cam_splc/canong3_canonxt_sub_06.tif,1,raw_replay,rgb,757,568,uint8,RGB,116.2722640333414,42.123310901459945,0.002107869586519558,0.0,116.27078018707483,41.71688446486726
4cam_splc/4cam_splc/canong3_canonxt_sub_06.tif,1,raw_replay,ela,757,568,uint8,RGB,14.924515166737988,15.759538324536157,0.2382094194404649,0.00019225879273881952,14.920340401785714,9.009018462019466
4cam_splc/4cam_splc/canong3_canonxt_sub_07.tif,1,raw_replay,rgb,757,568,uint8,RGB,70.21724700913539,52.37165949200185,0.06598507823692486,0.0,70.21688988095238,51.56806755779381
4cam_splc/4cam_splc/canong3_canonxt_sub_07.tif,1,raw_replay,ela,757,568,uint8,RGB,16.182907107993625,19.58046156442349,0.25264588411136124,0.0007062409684881637,16.179793792517007,12.625006330401682
4cam_splc/4cam_splc/canong3_canonxt_sub_08.tif,1,raw_replay,rgb,757,568,uint8,RGB,92.17372209921794,62.83273247313276,0.08440393572354427,0.0,92.171004730017,62.23442337827414
4cam_splc/4cam_splc/canong3_canonxt_sub_08.tif,1,raw_replay,ela,757,568,uint8,RGB,14.41127721857344,16.858653873627674,0.28619736915548777,0.00011318461185430505,14.409857302295919,10.325417998358194
4cam_splc/4cam_splc/canong3_canonxt_sub_09.tif,1,raw_replay,rgb,757,568,uint8,RGB,56.477515024094366,62.03478643087392,0.010947122630100285,3.4885668037285804e-05,56.47919988307823,61.11003314172049
4cam_splc/4cam_splc/canong3_canonxt_sub_09.tif,1,raw_replay,ela,757,568,uint8,RGB,14.709840394192543,18.290234590300262,0.2728880991807295,0.00019613497807629573,14.709841358418368,11.965082968342976
4cam_splc/4cam_splc/canong3_canonxt_sub_10.tif,1,raw_replay,rgb,757,568,uint8,RGB,113.80844589775553,75.4928471068399,0.04007200401882896,0.00013954267214914321,113.81108498086735,74.96911410630833
4cam_splc/4cam_splc/canong3_canonxt_sub_10.tif,1,raw_replay,ela,757,568,uint8,RGB,14.511918494675673,16.573206991793214,0.2646434529679176,0.00029924150805316264,14.510782047193878,10.165344404382136
4cam_splc/4cam_splc/canong3_canonxt_sub_11.tif,1,raw_replay,rgb,757,568,uint8,RGB,107.89589806562847,64.30567396689709,0.02980243858571951,3.9537090442257244e-05,107.896590667517,63.73275443312021
4cam_splc/4cam_splc/canong3_canonxt_sub_11.tif,1,raw_replay,ela,757,568,uint8,RGB,14.962090907399483,15.622096451783724,0.248292152740308,5.4266594724666804e-05,14.962080144557824,8.947046196314458
4cam_splc/4cam_splc/canong3_canonxt_sub_12.tif,1,raw_replay,rgb,757,568,uint8,RGB,78.58341240751422,66.81547942635221,0.015074484777444943,0.0,78.58389801232993,66.34127620968322
4cam_splc/4cam_splc/canong3_canonxt_sub_12.tif,1,raw_replay,ela,757,568,uint8,RGB,13.344388213915815,14.141278864261754,0.2718725386223107,7.7523706749524e-05,13.343683567176871,8.253957591172679
4cam_splc/4cam_splc/canong3_canonxt_sub_13.tif,1,raw_replay,rgb,757,568,uint8,RGB,118.17037152461222,78.97686533900307,0.0024590519780949014,0.0,118.17564838435374,78.48980532102878
4cam_splc/4cam_splc/canong3_canonxt_sub_13.tif,1,raw_replay,ela,757,568,uint8,RGB,14.454217599742002,14.554331780971465,0.24662461780812572,4.6514224049714405e-06,14.454088275935375,7.878048446279494
4cam_splc/4cam_splc/canong3_canonxt_sub_14.tif,1,raw_replay,rgb,757,568,uint8,RGB,114.32202339975565,68.96335804230745,0.006113519514267463,7.7523706749524e-07,114.32434497236395,68.34862443431446
4cam_splc/4cam_splc/canong3_canonxt_sub_14.tif,1,raw_replay,ela,757,568,uint8,RGB,15.79931980699698,17.945168649039864,0.24149487413250972,0.0002457501503959911,15.797638977465986,11.230848944397842
4cam_splc/4cam_splc/canong3_canonxt_sub_15.tif,1,raw_replay,rgb,757,568,uint8,RGB,91.21567870454786,53.06621211245834,0.010785873320061274,0.0,91.2183912627551,52.37456814400294
4cam_splc/4cam_splc/canong3_canonxt_sub_15.tif,1,raw_replay,ela,757,568,uint8,RGB,13.711276908478613,13.90916985362762,0.2573949863868371,4.1862801644742964e-05,13.71273118622449,7.491899644338738
4cam_splc/4cam_splc/canong3_canonxt_sub_16.tif,1,raw_replay,rgb,757,568,uint8,RGB,94.74291743415137,48.01720620022173,0.004479319775987497,0.03255840636066509,94.7400815795068,46.80175780871581
4cam_splc/4cam_splc/canong3_canonxt_sub_16.tif,1,raw_replay,ela,757,568,uint8,RGB,15.71619888862014,16.560661678230286,0.24824873946452825,2.0931400822371482e-05,15.714936755952381,9.548351912032187
4cam_splc/4cam_splc/canong3_canonxt_sub_17.tif,1,raw_replay,rgb,757,568,uint8,RGB,118.83390003162967,52.82708052415758,0.010088159959315559,0.0003930451932200867,118.83299452593538,51.55514085351197
4cam_splc/4cam_splc/canong3_canonxt_sub_17.tif,1,raw_replay,ela,757,568,uint8,RGB,17.260645555410843,17.78547823689061,0.21403210101649084,0.00014264362041912417,17.259227519132654,10.102351317669578
4cam_splc/4cam_splc/canong3_canonxt_sub_18.tif,1,raw_replay,rgb,757,568,uint8,RGB,105.63138562772495,50.01237251664806,0.01486827171749121,7.7523706749524e-07,105.63222789115646,49.26929870634696
4cam_splc/4cam_splc/canong3_canonxt_sub_18.tif,1,raw_replay,ela,757,568,uint8,RGB,15.883243095738678,16.38867877977553,0.22916627904813291,4.031232750975248e-05,15.885004783163266,8.985457707164812
4cam_splc/4cam_splc/canong3_canonxt_sub_19.tif,1,raw_replay,rgb,757,568,uint8,RGB,121.29238531142823,54.80700519142612,0.009571076835296233,0.00046126605515966785,121.28845796130952,53.82930220324852
4cam_splc/4cam_splc/canong3_canonxt_sub_19.tif,1,raw_replay,ela,757,568,uint8,RGB,16.57963855346965,17.290145314100055,0.23288043983850262,4.496374991472392e-05,16.578231292517007,9.83732977798292
4cam_splc/4cam_splc/canong3_canonxt_sub_20.tif,1,raw_replay,rgb,757,568,uint8,RGB,86.3015920268418,46.63910687231972,0.03182580733188209,0.0,86.30142564838435,45.99076450711403
4cam_splc/4cam_splc/canong3_canonxt_sub_20.tif,1,raw_replay,ela,757,568,uint8,RGB,16.319286812907386,17.315774962401395,0.23129508003547486,1.007808187743812e-05,16.31901705994898,10.176892445119293
4cam_splc/4cam_splc/canong3_canonxt_sub_21.tif,1,raw_replay,rgb,757,568,uint8,RGB,81.39429332489875,54.14222142619311,0.02815350934315714,0.0,81.41029575892857,53.19398324378858
4cam_splc/4cam_splc/canong3_canonxt_sub_21.tif,1,raw_replay,ela,757,568,uint8,RGB,19.892327323695586,20.277067254704853,0.2002437345340205,7.7523706749524e-06,19.893607833758505,11.0694131978607
4cam_splc/4cam_splc/canong3_canonxt_sub_22.tif,1,raw_replay,rgb,757,568,uint8,RGB,100.4486103100328,42.746635727989094,0.00013334077560918129,0.0,100.4487603635204,41.73505660673459
4cam_splc/4cam_splc/canong3_canonxt_sub_22.tif,1,raw_replay,ela,757,568,uint8,RGB,18.334895436024336,18.7247214503996,0.2103419725752135,8.52760774244764e-06,18.33534624787415,10.180312956941187
4cam_splc/4cam_splc/canong3_canonxt_sub_23.tif,1,raw_replay,rgb,757,568,uint8,RGB,99.400073492474,44.7784810043464,0.0011442499116229743,0.0,99.40055006377551,43.819019539957516
4cam_splc/4cam_splc/canong3_canonxt_sub_23.tif,1,raw_replay,ela,757,568,uint8,RGB,16.18650808417214,18.38698413412089,0.23557826483338604,0.0002682320253533531,16.183088860544217,11.283453682375262
4cam_splc/4cam_splc/canong3_canonxt_sub_24.tif,1,raw_replay,rgb,757,568,uint8,RGB,101.82425608251003,41.8924618741659,0.0010969604505057648,0.0,101.82518202593538,41.399634761078374
4cam_splc/4cam_splc/canong3_canonxt_sub_24.tif,1,raw_replay,ela,757,568,uint8,RGB,15.215302714570116,16.354601043051364,0.23703028386080463,8.450084035698117e-05,15.214744100765307,9.730020177581107
4cam_splc/4cam_splc/canong3_canonxt_sub_25.tif,1,raw_replay,rgb,757,568,uint8,RGB,97.71578801297437,33.70434177103197,0.0009868767869214406,0.0,97.71491682610544,32.13062527942994
4cam_splc/4cam_splc/canong3_canonxt_sub_25.tif,1,raw_replay,ela,757,568,uint8,RGB,15.837787070286094,18.483573040811287,0.2478014276765835,0.00012481316786673366,15.838109853316327,11.52698163719216
4cam_splc/4cam_splc/canong3_canonxt_sub_26.tif,1,raw_replay,rgb,757,568,uint8,RGB,109.3381971706948,48.166763607289575,0.0013946514844239367,1.55047413499048e-06,109.34144478103741,47.19185172207725
4cam_splc/4cam_splc/canong3_canonxt_sub_26.tif,1,raw_replay,ela,757,568,uint8,RGB,17.563898915288295,18.456839665960185,0.21056058942824715,0.0005031288568044108,17.56509088010204,10.8588719692003
4cam_splc/4cam_splc/canong3_canonxt_sub_27.tif,1,raw_replay,rgb,757,568,uint8,RGB,121.0127790078206,42.00226679985509,0.0005697992446090014,0.0,121.01438934948979,41.382528488724446
4cam_splc/4cam_splc/canong3_canonxt_sub_27.tif,1,raw_replay,ela,757,568,uint8,RGB,16.345629368460877,18.52188165316887,0.22458772892750603,0.0007279476063780304,16.345669908588434,11.598887505448157
4cam_splc/4cam_splc/canong3_canonxt_sub_28.tif,1,raw_replay,rgb,757,568,uint8,RGB,62.35325304978262,54.740849380025004,0.08280462165330157,1.55047413499048e-06,62.35293765943877,54.274248407370834
4cam_splc/4cam_splc/canong3_canonxt_sub_28.tif,1,raw_replay,ela,757,568,uint8,RGB,15.280329599791616,18.820335966042308,0.2706856506719755,0.0006829838564633065,15.277994791666666,12.145447637595533
4cam_splc/4cam_splc/canong3_canonxt_sub_29.tif,1,raw_replay,rgb,757,568,uint8,RGB,104.1436506533698,56.93127745509468,0.030807145825193345,0.0,104.14283721301021,56.27831167335347
4cam_splc/4cam_splc/canong3_canonxt_sub_29.tif,1,raw_replay,ela,757,568,uint8,RGB,15.867777116242147,17.442891149881046,0.2391854429084414,0.00010853318944933361,15.86843643707483,10.157207410132367
4cam_splc/4cam_splc/canong3_canonxt_sub_30.tif,1,raw_replay,rgb,757,568,uint8,RGB,36.27302841708995,27.486369729621803,0.027686816628525002,3.4885668037285804e-05,36.27117878401361,26.79201494374158
4cam_splc/4cam_splc/canong3_canonxt_sub_30.tif,1,raw_replay,ela,757,568,uint8,RGB,12.409828300494292,13.860345632003911,0.29242252280747455,5.194088352218108e-05,12.409664647108844,8.16485662713713
4cam_splc/4cam_splc/canong3_kodakdcs330_sub_01.tif,1,raw_replay,rgb,757,568,uint8,RGB,123.32853694159674,52.920417461455,0.0034474792391513327,0.0,123.34299266581633,51.88127569975103
4cam_splc/4cam_splc/canong3_kodakdcs330_sub_01.tif,1,raw_replay,ela,757,568,uint8,RGB,17.460474538113754,19.250942147608264,0.2169508685756104,0.0002705577365558388,17.46035289115646,11.194413820722525
4cam_splc/4cam_splc/canong3_kodakdcs330_sub_02.tif,1,raw_replay,rgb,757,568,uint8,RGB,103.3128756023592,53.23834010406073,0.0032598718688174842,0.028611674450046823,103.31140385841837,52.11335533185673
4cam_splc/4cam_splc/canong3_kodakdcs330_sub_02.tif,1,raw_replay,ela,757,568,uint8,RGB,18.419535819053465,20.30691345739155,0.2230419062149205,0.0003852928225451343,18.417510363520407,11.991547245667572
4cam_splc/4cam_splc/canong3_kodakdcs330_sub_03.tif,1,raw_replay,rgb,757,568,uint8,RGB,119.32367310423527,50.398409324901294,0.002967607494371779,0.0001759788143214195,119.32373379039116,48.976209994911784
4cam_splc/4cam_splc/canong3_kodakdcs330_sub_03.tif,1,raw_replay,ela,757,568,uint8,RGB,17.872947172245272,18.491789600077517,0.2072642814172574,0.00012636364200172413,17.87143920068027,10.100323217287029
4cam_splc/4cam_splc/canong3_kodakdcs330_sub_04.tif,1,raw_replay,rgb,757,568,uint8,RGB,116.24931236472113,54.038967468363474,0.0038180425574140574,7.7523706749524e-07,116.2573541135204,53.32415372937687
4cam_splc/4cam_splc/canong3_kodakdcs330_sub_04.tif,1,raw_replay,ela,757,568,uint8,RGB,17.078325301877314,18.497467325795977,0.21857499023201296,0.00029303961151320074,17.079938616071427,10.54520138164655
4cam_splc/4cam_splc/canong3_kodakdcs330_sub_05.tif,1,raw_replay,rgb,757,568,uint8,RGB,102.58238056697738,46.37962940700186,0.00258464038302913,0.00016822644364646708,102.57845052083333,45.040462839481265
4cam_splc/4cam_splc/canong3_kodakdcs330_sub_05.tif,1,raw_replay,ela,757,568,uint8,RGB,19.910692689824547,20.28245854978924,0.18999587573880092,0.00016590073244398138,19.9097443664966,11.101164879415792
4cam_splc/4cam_splc/canong3_kodakdcs330_sub_06.tif,1,raw_replay,rgb,757,568,uint8,RGB,109.07872687467828,48.207452639926736,0.002224930383711339,0.0,109.0792543579932,47.45707720527558
4cam_splc/4cam_splc/canong3_kodakdcs330_sub_06.tif,1,raw_replay,ela,757,568,uint8,RGB,16.644153782226606,17.285601973786587,0.22037198975446692,8.062465501950496e-05,16.64346168154762,9.564369295982937
4cam_splc/4cam_splc/canong3_kodakdcs330_sub_07.tif,1,raw_replay,rgb,757,568,uint8,RGB,124.91735662765674,45.39959577700814,0.003782381652309276,0.0,124.91711840986395,43.948679852602794
4cam_splc/4cam_splc/canong3_kodakdcs330_sub_07.tif,1,raw_replay,ela,757,568,uint8,RGB,19.164705316885904,20.623667806753787,0.20139728729045342,0.0004248299129873915,19.161803784013607,11.924195198948302
4cam_splc/4cam_splc/canong3_kodakdcs330_sub_08.tif,1,raw_replay,rgb,757,568,uint8,RGB,104.59784267028857,48.93913527335478,0.0029699332055742648,0.0,104.59821428571429,48.294239674914245
4cam_splc/4cam_splc/canong3_kodakdcs330_sub_08.tif,1,raw_replay,ela,757,568,uint8,RGB,17.48475108688237,19.56354497724462,0.21863545872327758,0.00038761853374762,17.482428518282312,11.789490151889504
4cam_splc/4cam_splc/canong3_kodakdcs330_sub_09.tif,1,raw_replay,rgb,757,568,uint8,RGB,109.02439748575114,45.536297789348616,0.0038017625789966572,0.0,109.02069382440476,44.05106268754604
4cam_splc/4cam_splc/canong3_kodakdcs330_sub_09.tif,1,raw_replay,ela,757,568,uint8,RGB,19.17271351579313,20.911526522211883,0.20640997016887763,0.00017520357725392426,19.17180192389456,12.19226697677855
4cam_splc/4cam_splc/canong3_kodakdcs330_sub_10.tif,1,raw_replay,rgb,757,568,uint8,RGB,107.71486393038991,52.90808545677196,0.003636637083620171,1.55047413499048e-06,107.71782658375851,51.9316415374903
4cam_splc/4cam_splc/canong3_kodakdcs330_sub_10.tif,1,raw_replay,ela,757,568,uint8,RGB,19.4603303440192,21.411176709589874,0.2001607841677985,0.0006767819599233446,19.4622727997449,12.831134757070755
4cam_splc/4cam_splc/canong3_kodakdcs330_sub_11.tif,1,raw_replay,rgb,757,568,uint8,RGB,101.14295371524612,54.58223532741172,0.003849052040113867,7.7523706749524e-06,101.1431959502551,53.76138509654013
4cam_splc/4cam_splc/canong3_kodakdcs330_sub_11.tif,1,raw_replay,ela,757,568,uint8,RGB,18.035913632388784,18.78332554336994,0.20837907232031555,8.837702569445737e-05,18.03699643920068,10.970855651559134
4cam_splc/4cam_splc/canong3_kodakdcs330_sub_12.tif,1,raw_replay,rgb,757,568,uint8,RGB,50.32930365105649,51.846303508544985,0.0680448831252597,5.504183179216204e-05,50.32963302508504,50.7413290191494
4cam_splc/4cam_splc/canong3_kodakdcs330_sub_12.tif,1,raw_replay,ela,757,568,uint8,RGB,17.477611153490738,21.360432244393337,0.25052328502055926,0.0011520022822979266,17.47302163052721,13.809174337041728
4cam_splc/4cam_splc/canong3_kodakdcs330_sub_13.tif,1,raw_replay,rgb,757,568,uint8,RGB,70.55618375599258,62.081379270380836,0.03818972841895051,6.511991366960017e-05,70.55300010629252,60.89733660107296
4cam_splc/4cam_splc/canong3_kodakdcs330_sub_13.tif,1,raw_replay,ela,757,568,uint8,RGB,19.743225978504228,20.800415593518785,0.20858838632853927,6.20189653996192e-05,19.739995216836736,11.793270691783134
4cam_splc/4cam_splc/canong3_kodakdcs330_sub_14.tif,1,raw_replay,rgb,757,568,uint8,RGB,37.56523619922972,33.10166824346511,0.004621188159339126,5.194088352218108e-05,37.565110809948976,31.691871722339954
4cam_splc/4cam_splc/canong3_kodakdcs330_sub_14.tif,1,raw_replay,ela,757,568,uint8,RGB,15.128654467536172,17.026462463302224,0.2588252987763658,7.364752141204781e-05,15.130214976615646,10.372369456981703
4cam_splc/4cam_splc/canong3_kodakdcs330_sub_15.tif,1,raw_replay,rgb,757,568,uint8,RGB,100.834765196197,75.05483213759983,0.009919933515669091,0.00013954267214914321,100.83601057610544,74.30276125630267
4cam_splc/4cam_splc/canong3_kodakdcs330_sub_15.tif,1,raw_replay,ela,757,568,uint8,RGB,15.006469353328248,16.022814538912563,0.2568717013662778,1.783045255239052e-05,15.006829294217686,9.265161183587113
4cam_splc/4cam_splc/canong3_kodakdcs330_sub_16.tif,1,raw_replay,rgb,757,568,uint8,RGB,107.49361204656384,62.3834152893411,0.0036567932473750473,4.728946111720964e-05,107.49574165603741,61.592544167832
4cam_splc/4cam_splc/canong3_kodakdcs330_sub_16.tif,1,raw_replay,ela,757,568,uint8,RGB,17.677967297399544,17.37965804425288,0.20715884917607805,8.52760774244764e-06,17.677282631802722,9.375338371050528
4cam_splc/4cam_splc/canong3_kodakdcs330_sub_17.tif,1,raw_replay,rgb,757,568,uint8,RGB,60.6062919790872,61.44898981675275,0.004478544538920002,6.356943953460968e-05,60.606863839285715,60.70186295069806
4cam_splc/4cam_splc/canong3_kodakdcs330_sub_17.tif,1,raw_replay,ela,757,568,uint8,RGB,15.857939357855633,17.342318186453536,0.24691068028603147,4.1862801644742964e-05,15.856279230442176,10.326231177699619
4cam_splc/4cam_splc/canong3_kodakdcs330_sub_18.tif,1,raw_replay,rgb,757,568,uint8,RGB,95.05072376132621,77.06018785685248,0.0041785277937993436,1.705521548489528e-05,95.05224941539116,76.25737835011344
4cam_splc/4cam_splc/canong3_kodakdcs330_sub_18.tif,1,raw_replay,ela,757,568,uint8,RGB,17.428662685049087,17.93807831772476,0.2190378067613076,2.3257112024857202e-05,17.428817230017007,10.069156356676379
4cam_splc/4cam_splc/canong3_kodakdcs330_sub_19.tif,1,raw_replay,rgb,757,568,uint8,RGB,106.68974857511427,79.72515323840044,0.0054731736965163945,6.977133607457161e-05,106.69514641794218,78.84643766660609
4cam_splc/4cam_splc/canong3_kodakdcs330_sub_19.tif,1,raw_replay,ela,757,568,uint8,RGB,18.67306934960711,19.200425626009345,0.20778136454127671,2.7133297362333402e-05,18.672107514880953,10.873892794246709
4cam_splc/4cam_splc/canong3_kodakdcs330_sub_20.tif,1,raw_replay,rgb,757,568,uint8,RGB,99.89738341984979,54.72446191443269,0.005256107317617728,6.744562487208588e-05,99.91044191113946,53.3123105714078
4cam_splc/4cam_splc/canong3_kodakdcs330_sub_20.tif,1,raw_replay,ela,757,568,uint8,RGB,18.937932969902196,19.036889358481197,0.19898552477347572,4.031232750975248e-05,18.938323767006803,10.369125162183089
4cam_splc/4cam_splc/canong3_kodakdcs330_sub_21.tif,1,raw_replay,rgb,757,568,uint8,RGB,102.43607162570314,59.02957696186845,0.004370786586538163,0.028611674450046823,102.43604512117346,57.048353792223715
4cam_splc/4cam_splc/canong3_kodakdcs330_sub_21.tif,1,raw_replay,ela,757,568,uint8,RGB,21.42623464255369,26.57128387406504,0.21258085722613976,0.0016497044796298709,21.423296662414966,17.205271112524972
4cam_splc/4cam_splc/canong3_kodakdcs330_sub_22.tif,1,raw_replay,rgb,757,568,uint8,RGB,110.60886033949181,55.71833412906226,0.002771472516295483,0.0001759788143214195,110.6079400510204,54.039643148916355
4cam_splc/4cam_splc/canong3_kodakdcs330_sub_22.tif,1,raw_replay,ela,757,568,uint8,RGB,19.53757108923909,21.43283967901373,0.19803275841752407,0.0002759843960283055,19.536046449829932,12.785260785834131
4cam_splc/4cam_splc/canong3_kodakdcs330_sub_23.tif,1,raw_replay,rgb,757,568,uint8,RGB,114.49349653624078,51.14297785304706,0.0014783770877134228,7.7523706749524e-07,114.50043845663265,50.204710081311816
4cam_splc/4cam_splc/canong3_kodakdcs330_sub_23.tif,1,raw_replay,ela,757,568,uint8,RGB,18.221734081282055,21.245202362514807,0.21214284828300495,0.0005760011411489633,18.221520248724488,13.267554815567257
4cam_splc/4cam_splc/canong3_kodakdcs330_sub_24.tif,1,raw_replay,rgb,757,568,uint8,RGB,116.03807964475537,50.933161088210746,0.0004915003007919822,0.0003093195899306008,116.0374216092687,49.667628163512006
4cam_splc/4cam_splc/canong3_kodakdcs330_sub_24.tif,1,raw_replay,ela,757,568,uint8,RGB,18.806328725324203,20.472456849605532,0.20435559194001526,0.00020466258581874338,18.805218962585034,12.133509461160122
4cam_splc/4cam_splc/canong3_kodakdcs330_sub_25.tif,1,raw_replay,rgb,757,568,uint8,RGB,103.47455284325947,47.36522176294102,0.0017093977338270042,0.0,103.4722975127551,46.32503812881298
4cam_splc/4cam_splc/canong3_kodakdcs330_sub_25.tif,1,raw_replay,ela,757,568,uint8,RGB,17.460443528631057,18.939421136498904,0.21417551987397745,0.00018993308153633382,17.459774925595237,11.284676585069402
4cam_splc/4cam_splc/canong3_kodakdcs330_sub_26.tif,1,raw_replay,rgb,757,568,uint8,RGB,115.25612902425561,54.70982677440681,0.0003139710123355722,0.0,115.27366337159864,53.56512876593396
4cam_splc/4cam_splc/canong3_kodakdcs330_sub_26.tif,1,raw_replay,ela,757,568,uint8,RGB,20.64819121687412,21.325950085296764,0.1859243306603159,0.00014729504282409562,20.64870987457483,11.866256495525102
4cam_splc/4cam_splc/canong3_kodakdcs330_sub_27.tif,1,raw_replay,rgb,757,568,uint8,RGB,110.15896158545283,54.41130742459163,0.001605515966782642,0.0,110.16133211096938,53.00435700247965
4cam_splc/4cam_splc/canong3_kodakdcs330_sub_27.tif,1,raw_replay,ela,757,568,uint8,RGB,21.95276403024045,24.09096691084992,0.1843335441978157,0.000642671528953554,21.95121837797619,14.251901203076285
4cam_splc/4cam_splc/canong3_kodakdcs330_sub_28.tif,1,raw_replay,rgb,757,568,uint8,RGB,116.43337535118239,46.33283744285264,0.0022326827543862914,0.0,116.43419164540816,44.8772728038061
4cam_splc/4cam_splc/canong3_kodakdcs330_sub_28.tif,1,raw_replay,ela,757,568,uint8,RGB,20.166121675008217,22.40597881215583,0.19349297015027195,0.0005248354946942775,20.163185586734695,13.653042486017405
4cam_splc/4cam_splc/canong3_kodakdcs330_sub_29.tif,1,raw_replay,rgb,757,568,uint8,RGB,102.93517235070485,50.21332115099095,0.0016551311391023375,0.0,102.93431786777211,49.317354028586024
4cam_splc/4cam_splc/canong3_kodakdcs330_sub_29.tif,1,raw_replay,ela,757,568,uint8,RGB,18.81845730924517,21.33485434046101,0.20817363449742932,0.0003651366587902581,18.8177946960034,13.18879953959601
4cam_splc/4cam_splc/canong3_kodakdcs330_sub_30.tif,1,raw_replay,rgb,757,568,uint8,RGB,107.33767078472597,44.71152415541099,0.0033335193902295323,0.0,107.33649553571429,42.66655833650642
4cam_splc/4cam_splc/canong3_kodakdcs330_sub_30.tif,1,raw_replay,ela,757,568,uint8,RGB,21.512173547670876,24.866165118331686,0.19223553562679468,0.0006504238996285064,21.509300595238095,15.699928121037082
4cam_splc/4cam_splc/canong3_nikond70_sub_01.tif,1,raw_replay,rgb,757,568,uint8,RGB,114.14338552229272,54.0198538240797,0.0007574066149428495,0.03437168586153646,114.14280399659864,52.56922078902724
4cam_splc/4cam_splc/canong3_nikond70_sub_01.tif,1,raw_replay,ela,757,568,uint8,RGB,19.24091887299136,20.372172271608832,0.21667178323131214,0.0001007808187743812,19.23835432610544,12.057730511823276
4cam_splc/4cam_splc/canong3_nikond70_sub_02.tif,1,raw_replay,rgb,757,568,uint8,RGB,134.42525551813745,53.20734478253377,0.0014520190274185847,0.0001759788143214195,134.4259406887755,51.95410241119343
4cam_splc/4cam_splc/canong3_nikond70_sub_02.tif,1,raw_replay,ela,757,568,uint8,RGB,15.87594423874821,15.600553170166076,0.23081908447603278,1.007808187743812e-05,15.874036724064625,8.256475106267295
4cam_splc/4cam_splc/canong3_nikond70_sub_03.tif,1,raw_replay,rgb,757,568,uint8,RGB,109.11026351858398,46.30281036406018,0.011470407650659572,0.0002821862925682674,109.11470955569727,45.218025362045346
4cam_splc/4cam_splc/canong3_nikond70_sub_03.tif,1,raw_replay,ela,757,568,uint8,RGB,19.579259462543646,20.44885633548948,0.19628149788205232,0.0002705577365558388,19.578995269982993,11.77451574617165
4cam_splc/4cam_splc/canong3_nikond70_sub_04.tif,1,raw_replay,rgb,757,568,uint8,RGB,109.52371372665762,47.46786139893486,8.52760774244764e-05,0.00031629672353805795,109.52344414328232,46.36677945515587
4cam_splc/4cam_splc/canong3_nikond70_sub_04.tif,1,raw_replay,ela,757,568,uint8,RGB,18.57061401876694,20.32765457660788,0.20276325500338002,0.0007325990287830018,18.56802056760204,12.593910502631875
4cam_splc/4cam_splc/canong3_nikond70_sub_05.tif,1,raw_replay,rgb,757,568,uint8,RGB,113.01010443993773,45.55775330280077,0.017246699040566606,0.0003170719606055532,113.0110544217687,44.43351912996031
4cam_splc/4cam_splc/canong3_nikond70_sub_05.tif,1,raw_replay,ela,757,568,uint8,RGB,18.934405641245093,19.82369270748025,0.2041036398930793,0.00019691021514379098,18.934417517006803,11.45457437851911
4cam_splc/4cam_splc/canong3_nikond70_sub_06.tif,1,raw_replay,rgb,757,568,uint8,RGB,129.81151738701695,57.389045314978354,2.3257112024857202e-06,0.0,129.82897534013605,56.56530506285619
4cam_splc/4cam_splc/canong3_nikond70_sub_06.tif,1,raw_replay,ela,757,568,uint8,RGB,18.210962162229208,18.57123131165902,0.21519960804013868,5.5817068859657286e-05,18.209768282312925,10.138353985975552
4cam_splc/4cam_splc/canong3_nikond70_sub_07.tif,1,raw_replay,rgb,757,568,uint8,RGB,99.88796428947973,48.530471732641644,0.00025117680986845776,0.022914457241024304,99.88762223639456,47.0611237541785
4cam_splc/4cam_splc/canong3_nikond70_sub_07.tif,1,raw_replay,ela,757,568,uint8,RGB,20.19689858658778,20.52072661663616,0.19981347796156065,9.845510757189549e-05,20.19695339073129,11.104271539640955
4cam_splc/4cam_splc/canong3_nikond70_sub_08.tif,1,raw_replay,rgb,757,568,uint8,RGB,103.02627355945448,47.653645762084444,7.7523706749524e-05,0.0005566202144615824,103.02899792729592,46.21342712078589
4cam_splc/4cam_splc/canong3_nikond70_sub_08.tif,1,raw_replay,ela,757,568,uint8,RGB,21.927394397206665,21.641159688128585,0.17541056555094547,4.6514224049714405e-05,21.92707004676871,11.388035958062556
4cam_splc/4cam_splc/canong3_nikond70_sub_09.tif,1,raw_replay,rgb,757,568,uint8,RGB,120.94841107410646,38.84009930213808,0.001103937584113222,0.0,120.94981664540816,37.745508778514946
4cam_splc/4cam_splc/canong3_nikond70_sub_09.tif,1,raw_replay,ela,757,568,uint8,RGB,16.161987335727265,16.1122109758211,0.22449159953113662,3.10094826998096e-06,16.159751009778912,8.691135921937885
4cam_splc/4cam_splc/canong3_nikond70_sub_10.tif,1,raw_replay,rgb,757,568,uint8,RGB,94.84848224086926,44.555447355184015,0.0009674958602340596,0.0,94.85005447491497,43.80054740452476
4cam_splc/4cam_splc/canong3_nikond70_sub_10.tif,1,raw_replay,ela,757,568,uint8,RGB,16.349195458971355,17.205124656155956,0.22288995974969145,0.00017907976259140044,16.347217793367346,10.018194781869262
4cam_splc/4cam_splc/canong3_nikond70_sub_11.tif,1,raw_replay,rgb,757,568,uint8,RGB,89.41624571293902,40.68206055319802,0.0010837814203583456,0.0,89.41521843112245,39.32631509430808
4cam_splc/4cam_splc/canong3_nikond70_sub_11.tif,1,raw_replay,ela,757,568,uint8,RGB,17.333971353439882,18.367707028312893,0.21471120868761667,4.26380387122382e-05,17.334901147959183,10.721476060537272
4cam_splc/4cam_splc/canong3_nikond70_sub_12.tif,1,raw_replay,rgb,757,568,uint8,RGB,103.888289113811,52.615122025659105,0.0014186838335162892,1.55047413499048e-06,103.89285049957483,51.765952894257246
4cam_splc/4cam_splc/canong3_nikond70_sub_12.tif,1,raw_replay,ela,757,568,uint8,RGB,17.238803251034167,17.86557746802514,0.2129824300271023,0.00022404351250612437,17.237776360544217,10.154521866483433
4cam_splc/4cam_splc/canong3_nikond70_sub_13.tif,1,raw_replay,rgb,757,568,uint8,RGB,108.75194817075061,50.580529821680265,0.0003635861846552676,0.0,108.75169403698979,50.09564712092893
4cam_splc/4cam_splc/canong3_nikond70_sub_13.tif,1,raw_replay,ela,757,568,uint8,RGB,16.287040827084923,17.73027677666965,0.22218449401827078,0.0004589403439571821,16.287328603316325,10.499168528845543
4cam_splc/4cam_splc/canong3_nikond70_sub_14.tif,1,raw_replay,rgb,757,568,uint8,RGB,108.58442331665023,50.27917162388879,0.0007899665717776496,0.03234133998176642,108.58567841198979,49.91250575821115
4cam_splc/4cam_splc/canong3_nikond70_sub_14.tif,1,raw_replay,ela,757,568,uint8,RGB,15.444699239027294,16.321329720333445,0.23935366935208788,0.00029148913737821023,15.44272161989796,9.28783177043202
4cam_splc/4cam_splc/canong3_nikond70_sub_15.tif,1,raw_replay,rgb,757,568,uint8,RGB,65.86598166719382,63.430509621834034,0.10360113122592889,1.55047413499048e-06,65.8648224914966,63.1633551792523
4cam_splc/4cam_splc/canong3_nikond70_sub_15.tif,1,raw_replay,ela,757,568,uint8,RGB,14.813784180202306,15.623800926547876,0.26916386030848233,1.783045255239052e-05,14.81104512117347,8.965719801895304
4cam_splc/4cam_splc/canong3_nikond70_sub_16.tif,1,raw_replay,rgb,757,568,uint8,RGB,99.46885950223579,60.731954181806685,0.030328824554548783,0.0,99.46827832695578,60.139106220041995
4cam_splc/4cam_splc/canong3_nikond70_sub_16.tif,1,raw_replay,ela,757,568,uint8,RGB,15.427318423974052,17.2254334973586,0.24460124906196315,8.52760774244764e-05,15.42532950680272,10.22995355940826
4cam_splc/4cam_splc/canong3_nikond70_sub_17.tif,1,raw_replay,rgb,757,568,uint8,RGB,35.505074701843824,31.307242334065396,0.00022559398664111484,3.4885668037285804e-05,35.50585273171769,30.658743909311127
4cam_splc/4cam_splc/canong3_nikond70_sub_17.tif,1,raw_replay,ela,757,568,uint8,RGB,12.098655893972376,13.185690512761926,0.2885835488492381,5.03904093871906e-05,12.097908694727892,7.696397938382089
4cam_splc/4cam_splc/canong3_nikond70_sub_18.tif,1,raw_replay,rgb,757,568,uint8,RGB,116.18632590346128,71.71817685495535,0.008020602700305754,0.00013954267214914321,116.18744685374149,71.1291899780222
4cam_splc/4cam_splc/canong3_nikond70_sub_18.tif,1,raw_replay,ela,757,568,uint8,RGB,14.83693663522305,16.096446382678092,0.24771305065088906,7.597323261453352e-05,14.837379092261905,9.449634957872718
4cam_splc/4cam_splc/canong3_nikond70_sub_19.tif,1,raw_replay,rgb,757,568,uint8,RGB,126.46699195614019,52.419473275707425,0.0004961517231969536,3.9537090442257244e-05,126.4681853210034,51.776822001798855
4cam_splc/4cam_splc/canong3_nikond70_sub_19.tif,1,raw_replay,ela,757,568,uint8,RGB,15.564771832226295,16.09260209015291,0.22983143245204382,3.4885668037285804e-05,15.56440662202381,9.063869082677874
4cam_splc/4cam_splc/canong3_nikond70_sub_20.tif,1,raw_replay,rgb,757,568,uint8,RGB,63.790704597465904,57.353970129962015,0.0006535248478984874,0.0,63.7919921875,56.89461261435725
4cam_splc/4cam_splc/canong3_nikond70_sub_20.tif,1,raw_replay,ela,757,568,uint8,RGB,12.598784583325582,13.313013782076212,0.281756811232875,5.42665947246668e-06,12.598891900510203,7.518594038707252
4cam_splc/4cam_splc/canong3_nikond70_sub_21.tif,1,raw_replay,rgb,757,568,uint8,RGB,144.68426919952122,79.35079163540028,0.0003581595251828009,0.0,144.68875558035714,79.02981702970881
4cam_splc/4cam_splc/canong3_nikond70_sub_21.tif,1,raw_replay,ela,757,568,uint8,RGB,13.898589688726812,13.572098454967797,0.2511535527564329,1.55047413499048e-06,13.898610225340136,7.1396005361031945
4cam_splc/4cam_splc/canong3_nikond70_sub_22.tif,1,raw_replay,rgb,757,568,uint8,RGB,127.82805862032609,70.982796424922,0.0007620580373478209,7.7523706749524e-07,127.83401094812925,70.30853015047586
4cam_splc/4cam_splc/canong3_nikond70_sub_22.tif,1,raw_replay,ela,757,568,uint8,RGB,16.346664309945982,17.094514951546984,0.2270692627805583,3.10094826998096e-05,16.344580410289115,9.838020332915663
4cam_splc/4cam_splc/canong3_nikond70_sub_23.tif,1,raw_replay,rgb,757,568,uint8,RGB,117.96669504034334,44.881797878512316,0.0014977580144008038,0.0,117.97421077806122,44.05524572152048
4cam_splc/4cam_splc/canong3_nikond70_sub_23.tif,1,raw_replay,ela,757,568,uint8,RGB,15.226838242134445,16.160396476111174,0.23246491277032516,0.0001759788143214195,15.225492931547619,9.592352547510451
4cam_splc/4cam_splc/canong3_nikond70_sub_24.tif,1,raw_replay,rgb,757,568,uint8,RGB,104.89993627551306,48.06297629759648,0.0003333519390229532,0.03538957213115771,104.89732807185374,46.96797187330332
4cam_splc/4cam_splc/canong3_nikond70_sub_24.tif,1,raw_replay,ela,757,568,uint8,RGB,15.944262005321228,16.55835467815917,0.2439422975545922,8.52760774244764e-05,15.942482461734693,9.447249946411326
4cam_splc/4cam_splc/canong3_nikond70_sub_25.tif,1,raw_replay,rgb,757,568,uint8,RGB,113.15868870200508,52.53805194403574,0.0014721751911734608,0.0001759788143214195,113.15894717261905,51.38090659101242
4cam_splc/4cam_splc/canong3_nikond70_sub_25.tif,1,raw_replay,ela,757,568,uint8,RGB,16.371126915610795,16.182827297890558,0.21696017142042037,1.783045255239052e-05,16.370256696428573,8.638770876311611
4cam_splc/4cam_splc/canong3_nikond70_sub_26.tif,1,raw_replay,rgb,757,568,uint8,RGB,86.75078531514937,57.637639613138404,0.00424597341867143,7.7523706749524e-07,86.75589923469387,57.2703778915657
4cam_splc/4cam_splc/canong3_nikond70_sub_26.tif,1,raw_replay,ela,757,568,uint8,RGB,14.680377509442387,13.940111784470572,0.2322819568223963,1.085331894493336e-05,14.680424904336734,6.931566071670665
4cam_splc/4cam_splc/canong3_nikond70_sub_27.tif,1,raw_replay,rgb,757,568,uint8,RGB,107.45417573694036,49.13838996509244,0.00020001116341377193,0.013953491977846826,107.45171662414965,48.01176319407445
4cam_splc/4cam_splc/canong3_nikond70_sub_27.tif,1,raw_replay,ela,757,568,uint8,RGB,16.370975744382633,16.451127297806156,0.22532885556403148,7.132181020956208e-05,16.368011267006803,8.901060909206096
4cam_splc/4cam_splc/canong3_nikond70_sub_28.tif,1,raw_replay,rgb,757,568,uint8,RGB,115.02870470289815,42.393180280457194,0.0008155493950049925,0.0005729001928789824,115.03011399872449,41.561613406517054
4cam_splc/4cam_splc/canong3_nikond70_sub_28.tif,1,raw_replay,ela,757,568,uint8,RGB,15.545650609956525,15.301112102979664,0.22773984284394166,1.240379307992384e-05,15.54528725552721,8.232752629510042
4cam_splc/4cam_splc/canong3_nikond70_sub_29.tif,1,raw_replay,rgb,757,568,uint8,RGB,100.5060794090833,57.951420170787955,0.0004744450853070869,0.0,100.52343085671768,57.06992132891897
4cam_splc/4cam_splc/canong3_nikond70_sub_29.tif,1,raw_replay,ela,757,568,uint8,RGB,19.6109046396388,19.71134940020755,0.19471939519104942,1.317903014741908e-05,19.611833014455783,10.531850646942196
4cam_splc/4cam_splc/canong3_nikond70_sub_30.tif,1,raw_replay,rgb,757,568,uint8,RGB,95.35959603946887,49.46663717561309,0.0001759788143214195,0.0,95.36106239370748,48.07621159360155
4cam_splc/4cam_splc/canong3_nikond70_sub_30.tif,1,raw_replay,ela,757,568,uint8,RGB,21.33969105252386,20.49984223285768,0.17580981264070553,1.6279978417400042e-05,21.33862138605442,10.372463329756567
4cam_splc/4cam_splc/canonxt_kodakdcs330_sub_01.tif,1,raw_replay,rgb,1152,768,uint8,RGB,98.08999784493152,36.392469850543684,0.007358127170138889,0.0,98.09123883928571,35.505486265343436
4cam_splc/4cam_splc/canonxt_kodakdcs330_sub_01.tif,1,raw_replay,ela,1152,768,uint8,RGB,12.770884949483989,14.844058864463925,0.2776470419801312,0.00025054554880401235,12.768063084608844,8.13212721581928
4cam_splc/4cam_splc/canonxt_kodakdcs330_sub_02.tif,1,raw_replay,rgb,1152,768,uint8,RGB,96.82446176034433,46.32718175500597,0.005949420693479938,0.0,96.82710193452381,45.482394389161165
4cam_splc/4cam_splc/canonxt_kodakdcs330_sub_02.tif,1,raw_replay,ela,1152,768,uint8,RGB,13.019946063006365,15.249771509091795,0.27819899570794754,0.0001043625819830247,13.01796343537415,8.445899001692613
4cam_splc/4cam_splc/canonxt_kodakdcs330_sub_03.tif,1,raw_replay,rgb,1152,768,uint8,RGB,132.4589274842062,62.70471632029538,0.004837601273148148,1.8838011188271604e-06,132.46028645833334,61.87895752995902
4cam_splc/4cam_splc/canonxt_kodakdcs330_sub_03.tif,1,raw_replay,ela,1152,768,uint8,RGB,13.074033760730131,15.67844711248287,0.28523197880497686,0.00010737666377314815,13.070963541666666,8.991337407787904
4cam_splc/4cam_splc/canonxt_kodakdcs330_sub_04.tif,1,raw_replay,rgb,1152,768,uint8,RGB,137.6336323302469,46.381857488597184,0.002791039737654321,0.0,137.63434709821428,45.0229331959812
4cam_splc/4cam_splc/canonxt_kodakdcs330_sub_04.tif,1,raw_replay,ela,1152,768,uint8,RGB,15.554056049864968,17.60312935952059,0.24991786627121915,0.00013186607831790122,15.550057132227892,9.812465749210617
4cam_splc/4cam_splc/canonxt_kodakdcs330_sub_05.tif,1,raw_replay,rgb,1152,768,uint8,RGB,92.7036972987799,46.46651603145631,0.007332130714699074,0.0,92.70585538903062,45.37740653632289
4cam_splc/4cam_splc/canonxt_kodakdcs330_sub_05.tif,1,raw_replay,ela,1152,768,uint8,RGB,15.282581470630786,17.656842728381918,0.24672444661458334,0.00020947868441358026,15.282419217687075,9.790438728214543
4cam_splc/4cam_splc/canonxt_kodakdcs330_sub_06.tif,1,raw_replay,rgb,1152,768,uint8,RGB,111.29879120249807,54.859169387699986,0.006750789689429012,0.0,111.30187074829932,53.67379400162813
4cam_splc/4cam_splc/canonxt_kodakdcs330_sub_06.tif,1,raw_replay,ela,1152,768,uint8,RGB,15.33079359266493,18.100969007597534,0.25064011562017746,0.00030103141878858026,15.327473958333334,10.310788064813371
4cam_splc/4cam_splc/canonxt_kodakdcs330_sub_07.tif,1,raw_replay,rgb,1152,768,uint8,RGB,102.8710255563995,42.88840588366776,0.006663381317515432,0.0,102.87244897959184,41.34225577340479
4cam_splc/4cam_splc/canonxt_kodakdcs330_sub_07.tif,1,raw_replay,ela,1152,768,uint8,RGB,16.431605963059415,18.088318530831742,0.2281241711275077,0.0001891336323302469,16.429468271683675,9.855663804828374
4cam_splc/4cam_splc/canonxt_kodakdcs330_sub_08.tif,1,raw_replay,rgb,1152,768,uint8,RGB,73.11960140275366,63.520490723225485,0.11382868260513117,0.0,73.11974516369048,61.902866875546835
4cam_splc/4cam_splc/canonxt_kodakdcs330_sub_08.tif,1,raw_replay,ela,1152,768,uint8,RGB,15.801866319444445,18.908781379004242,0.2872958713107639,0.00022153501157407408,15.798436171343537,10.958490351679755
4cam_splc/4cam_splc/canonxt_kodakdcs330_sub_09.tif,1,raw_replay,rgb,1152,768,uint8,RGB,90.14144558376736,68.94833833715082,0.04328560534818673,0.0,90.13560932185374,66.99963098978243
4cam_splc/4cam_splc/canonxt_kodakdcs330_sub_09.tif,1,raw_replay,ela,1152,768,uint8,RGB,17.927044527030287,20.201970226110085,0.2307313518759645,0.0002098554446373457,17.923157153486393,11.445718209908462
4cam_splc/4cam_splc/canonxt_kodakdcs330_sub_10.tif,1,raw_replay,rgb,1152,768,uint8,RGB,58.62630509741513,58.45635669433479,0.13098445939429013,3.767602237654321e-07,58.621897587159864,57.67472927948676
4cam_splc/4cam_splc/canonxt_kodakdcs330_sub_10.tif,1,raw_replay,ela,1152,768,uint8,RGB,14.234730284891011,17.60558790723722,0.30164855203510804,0.00023773570119598765,14.230887276785714,10.37782933638154
4cam_splc/4cam_splc/canonxt_kodakdcs330_sub_11.tif,1,raw_replay,rgb,1152,768,uint8,RGB,76.53721486786266,57.132045407331,0.07512561185860339,4.9732349537037034e-05,76.53734853316327,56.42366815520568
4cam_splc/4cam_splc/canonxt_kodakdcs330_sub_11.tif,1,raw_replay,ela,1152,768,uint8,RGB,13.206235155647184,15.265218679484862,0.29415629822530864,0.00013224283854166666,13.203058567176871,8.52206430609237
4cam_splc/4cam_splc/canonxt_kodakdcs330_sub_12.tif,1,raw_replay,rgb,1152,768,uint8,RGB,76.15325249565973,49.99544598372119,0.028984540774498458,5.274643132716049e-05,76.15149340986395,48.564773357974126
4cam_splc/4cam_splc/canonxt_kodakdcs330_sub_12.tif,1,raw_replay,ela,1152,768,uint8,RGB,15.735044126157407,18.156674314588056,0.2528520748939043,0.00015899281442901235,15.730893920068027,10.549027810304302
4cam_splc/4cam_splc/canonxt_kodakdcs330_sub_13.tif,1,raw_replay,rgb,1152,768,uint8,RGB,62.24867003641011,45.217456589660884,0.07230518482349536,2.5996455439814815e-05,62.24842554209184,44.30849092116934
4cam_splc/4cam_splc/canonxt_kodakdcs330_sub_13.tif,1,raw_replay,ela,1152,768,uint8,RGB,13.973641101224922,15.778061004612526,0.28281242464795525,5.04858699845679e-05,13.97041082057823,8.771211614106727
4cam_splc/4cam_splc/canonxt_kodakdcs330_sub_14.tif,1,raw_replay,rgb,1152,768,uint8,RGB,81.21684623058931,60.784612878622724,0.06365740740740741,5.689079378858025e-05,81.21853741496598,59.64283714897979
4cam_splc/4cam_splc/canonxt_kodakdcs330_sub_14.tif,1,raw_replay,ela,1152,768,uint8,RGB,15.974497853973766,19.070302817504793,0.2729842574508102,0.0001793378665123457,15.972968484268707,11.421420233102356
4cam_splc/4cam_splc/canonxt_kodakdcs330_sub_15.tif,1,raw_replay,rgb,1152,768,uint8,RGB,87.99487719123746,58.480200338368775,0.015740665388695986,0.0029617121190200616,87.99574829931973,56.89340742710211
4cam_splc/4cam_splc/canonxt_kodakdcs330_sub_15.tif,1,raw_replay,ela,1152,768,uint8,RGB,18.41193305121528,21.20758235646858,0.22729906623746143,0.0002848307291666667,18.410946800595237,12.484863348521168
4cam_splc/4cam_splc/canonxt_kodakdcs330_sub_16.tif,1,raw_replay,rgb,1152,768,uint8,RGB,65.75102064344618,42.336382243470204,0.03248388973283179,0.000244140625,65.7488706420068,41.2096273202693
4cam_splc/4cam_splc/canonxt_kodakdcs330_sub_16.tif,1,raw_replay,ela,1152,768,uint8,RGB,14.86225269458912,18.08737782957971,0.2668931749131944,0.0003451123649691358,14.861640359268707,10.93258556494765
4cam_splc/4cam_splc/canonxt_kodakdcs330_sub_17.tif,1,raw_replay,rgb,768,1152,uint8,RGB,136.61681865174094,70.21102037721805,0.01963824990354938,0.002442159770447531,136.61782525510205,69.48808925897424
4cam_splc/4cam_splc/canonxt_kodakdcs330_sub_17.tif,1,raw_replay,ela,768,1152,uint8,RGB,14.589657253689236,17.84301873343846,0.2764858669704861,0.00021513008777006174,14.589405293367347,10.72508346765869
4cam_splc/4cam_splc/canonxt_kodakdcs330_sub_18.tif,1,raw_replay,rgb,768,1152,uint8,RGB,105.74702999915606,73.48562503306982,0.057708740234375,2.6373215663580245e-06,105.74631962159864,72.870232586434
4cam_splc/4cam_splc/canonxt_kodakdcs330_sub_18.tif,1,raw_replay,ela,768,1152,uint8,RGB,15.023553165388696,17.573464237367965,0.27797520013503085,4.483446662808642e-05,15.019265518707483,10.00498591224619
4cam_splc/4cam_splc/canonxt_kodakdcs330_sub_19.tif,1,raw_replay,rgb,768,1152,uint8,RGB,69.1776043927228,47.259383469590496,0.05830326786747685,6.291895736882716e-05,69.17602040816327,46.75533337493472
4cam_splc/4cam_splc/canonxt_kodakdcs330_sub_19.tif,1,raw_replay,ela,768,1152,uint8,RGB,14.55502168631848,16.521472192537434,0.27095804096739967,1.4693648726851851e-05,14.551631590136054,9.438313250286445
4cam_splc/4cam_splc/canonxt_kodakdcs330_sub_20.tif,1,raw_replay,rgb,1152,768,uint8,RGB,88.28576245720004,41.30441678196811,0.0037333170572916665,7.309148341049383e-05,88.28440555909864,40.21372712240582
4cam_splc/4cam_splc/canonxt_kodakdcs330_sub_20.tif,1,raw_replay,ela,1152,768,uint8,RGB,13.374172257788388,13.841554335113171,0.2625329288435571,5.764431423611111e-05,13.371711575255102,6.87861233089814
4cam_splc/4cam_splc/canonxt_kodakdcs330_sub_21.tif,1,raw_replay,rgb,1152,768,uint8,RGB,107.01957307038484,32.29776109090787,0.0011751151379243826,0.0,107.02028858418367,31.031004984469018
4cam_splc/4cam_splc/canonxt_kodakdcs330_sub_21.tif,1,raw_replay,ela,1152,768,uint8,RGB,14.37833997938368,16.404277542560582,0.2529078354070216,0.0001420386043595679,14.378766741071429,9.350355794023065
4cam_splc/4cam_splc/canonxt_kodakdcs330_sub_22.tif,1,raw_replay,rgb,1152,768,uint8,RGB,86.73462629906925,43.00651472105289,0.004570855034722222,0.0,86.73850712159864,42.11665466806008
4cam_splc/4cam_splc/canonxt_kodakdcs330_sub_22.tif,1,raw_replay,ela,1152,768,uint8,RGB,14.794008231457369,16.66018211559886,0.2538030176986883,8.10034481095679e-05,14.792118409863946,9.43663025106594
4cam_splc/4cam_splc/canonxt_kodakdcs330_sub_23.tif,1,raw_replay,rgb,768,1152,uint8,RGB,122.01227183400849,64.5659900031259,0.024434030791859566,0.0,122.01379809736395,63.7877815433938
4cam_splc/4cam_splc/canonxt_kodakdcs330_sub_23.tif,1,raw_replay,ela,768,1152,uint8,RGB,13.613484700520834,17.456768642349815,0.29375730914834103,0.00036771797839506174,13.612882653061224,10.558048581097813
4cam_splc/4cam_splc/canonxt_kodakdcs330_sub_24.tif,1,raw_replay,rgb,1152,768,uint8,RGB,123.19620655201099,57.392423842537156,0.0012335129726080247,0.024648784119405864,123.1959303252551,56.152793489698055
4cam_splc/4cam_splc/canonxt_kodakdcs330_sub_24.tif,1,raw_replay,ela,1152,768,uint8,RGB,17.95721925335166,21.537435261073174,0.2339379581404321,0.000335693359375,17.958240327380953,12.70293012855031
4cam_splc/4cam_splc/canonxt_kodakdcs330_sub_25.tif,1,raw_replay,rgb,1152,768,uint8,RGB,87.43148125542535,48.156654581474335,0.012583037953317902,0.0,87.43510177508503,46.20489777270792
4cam_splc/4cam_splc/canonxt_kodakdcs330_sub_25.tif,1,raw_replay,ela,1152,768,uint8,RGB,19.22914669837481,23.47980007495776,0.21253345630787038,0.0010417420187114198,19.226230335884352,14.11790623903103
4cam_splc/4cam_splc/canonxt_kodakdcs330_sub_26.tif,1,raw_replay,rgb,1152,768,uint8,RGB,95.69001826533565,57.99783497409406,0.03693983289930555,0.0,95.69119366496598,56.70528845790198
4cam_splc/4cam_splc/canonxt_kodakdcs330_sub_26.tif,1,raw_replay,ela,1152,768,uint8,RGB,18.81164739161362,23.26450308227977,0.22439499843267746,0.0009867350260416667,18.809191645408163,14.107904214507892
4cam_splc/4cam_splc/canonxt_kodakdcs330_sub_27.tif,1,raw_replay,rgb,1152,768,uint8,RGB,99.40467363522376,45.80331208706766,0.0016001006703317902,0.02458322784047068,99.40658216411565,44.801924971170536
4cam_splc/4cam_splc/canonxt_kodakdcs330_sub_27.tif,1,raw_replay,ela,1152,768,uint8,RGB,14.701839494116513,20.844407969895464,0.2786081573109568,0.0012832453221450616,14.699956154336734,13.605243918951471
4cam_splc/4cam_splc/canonxt_kodakdcs330_sub_28.tif,1,raw_replay,rgb,768,1152,uint8,RGB,141.37971100983796,60.49309541292191,0.002526930820794753,0.09463199568383487,141.3806069302721,58.71246292024716
4cam_splc/4cam_splc/canonxt_kodakdcs330_sub_28.tif,1,raw_replay,ela,768,1152,uint8,RGB,19.206934799382715,24.9928569580796,0.2707007137345679,0.0009622456114969136,19.201231664540817,15.357110303218844
4cam_splc/4cam_splc/canonxt_kodakdcs330_sub_29.tif,1,raw_replay,rgb,1152,768,uint8,RGB,121.55808248637635,60.722833525695506,0.002025462962962963,0.0033855673707561726,121.55363121811224,59.22322084984359
4cam_splc/4cam_splc/canonxt_kodakdcs330_sub_29.tif,1,raw_replay,ela,1152,768,uint8,RGB,18.307585539641202,23.631155965529263,0.2293188777970679,0.0010971257716049384,18.30609587585034,14.928712566978925
4cam_splc/4cam_splc/canonxt_kodakdcs330_sub_30.tif,1,raw_replay,rgb,768,1152,uint8,RGB,90.826064121576,64.87633181096845,0.024549696180555556,0.0,90.82882254464286,63.35472162951781
4cam_splc/4cam_splc/canonxt_kodakdcs330_sub_30.tif,1,raw_replay,ela,768,1152,uint8,RGB,18.185347568841628,22.97226177308555,0.2339334370177469,0.0008382914978780864,18.181182238520407,13.769812569781184
4cam_splc/4cam_splc/nikond70_canonxt_sub_01.tif,1,raw_replay,rgb,1002,666,uint8,RGB,133.83463153772536,52.06026784923502,0.004839170507833183,4.995014975054896e-06,133.83200467687075,50.97705009422036
4cam_splc/4cam_splc/nikond70_canonxt_sub_01.tif,1,raw_replay,ela,1002,666,uint8,RGB,15.630360899821978,17.725864456145576,0.25030669391946836,3.396610183037329e-05,15.630527210884354,10.77193672514298
4cam_splc/4cam_splc/nikond70_canonxt_sub_02.tif,1,raw_replay,rgb,1002,666,uint8,RGB,141.90113666560774,56.715125733887476,0.000499001996007984,2.497507487527448e-06,141.89811197916666,55.91854800128739
4cam_splc/4cam_splc/nikond70_canonxt_sub_02.tif,1,raw_replay,ela,1002,666,uint8,RGB,15.598392803981627,15.700069092496788,0.24115882349415282,1.998005990021958e-06,15.599835246598639,8.272988224126141
4cam_splc/4cam_splc/nikond70_canonxt_sub_03.tif,1,raw_replay,rgb,1002,666,uint8,RGB,157.42561473649297,33.73837982319134,9.590428752105398e-05,0.0,157.4246518920068,32.74468731674339
4cam_splc/4cam_splc/nikond70_canonxt_sub_03.tif,1,raw_replay,ela,1002,666,uint8,RGB,12.266952581323839,12.521441581219708,0.288081494668321,1.0989032945120769e-05,12.265047034438776,6.485560075539334
4cam_splc/4cam_splc/nikond70_canonxt_sub_04.tif,1,raw_replay,rgb,1002,666,uint8,RGB,94.52212342082602,48.08984859920611,0.014650378921836007,0.00014535493577409744,94.52066725127551,46.129863685131056
4cam_splc/4cam_splc/nikond70_canonxt_sub_04.tif,1,raw_replay,ela,1002,666,uint8,RGB,21.85580290869712,21.866937412946655,0.1777346208483933,0.0002577427727128326,21.853967368197278,11.368696599626553
4cam_splc/4cam_splc/nikond70_canonxt_sub_05.tif,1,raw_replay,rgb,1002,666,uint8,RGB,102.21278314242386,61.89960224437385,0.004659849470228712,0.0,102.213973480017,61.112963585379
4cam_splc/4cam_splc/nikond70_canonxt_sub_05.tif,1,raw_replay,ela,1002,666,uint8,RGB,17.984021946097794,19.599019697858232,0.21351341361321402,0.0002777228326130522,17.984826743197278,11.451745171647842
4cam_splc/4cam_splc/nikond70_canonxt_sub_06.tif,1,raw_replay,rgb,1002,666,uint8,RGB,143.2565269860679,50.79511764473381,0.0021698345051638463,0.0,143.25645062712584,50.364588669048636
4cam_splc/4cam_splc/nikond70_canonxt_sub_06.tif,1,raw_replay,ela,1002,666,uint8,RGB,11.733849618081155,12.29834210614293,0.2909286532041023,4.795214376052699e-05,11.73882599914966,6.248087614166997
4cam_splc/4cam_splc/nikond70_canonxt_sub_07.tif,1,raw_replay,rgb,1002,666,uint8,RGB,152.2536838235441,69.209135355696,0.022347197496898095,0.0002047956139772507,152.2526772427721,67.98940130309464
4cam_splc/4cam_splc/nikond70_canonxt_sub_07.tif,1,raw_replay,ela,1002,666,uint8,RGB,18.64357621094148,20.527080223409715,0.23949348550146954,0.00016033998069926213,18.64441831420068,11.777210612040244
4cam_splc/4cam_splc/nikond70_canonxt_sub_08.tif,1,raw_replay,rgb,1002,666,uint8,RGB,165.62776748804694,52.69052264006674,0.013711815608023193,0.0,165.6368316857993,51.81974749379867
4cam_splc/4cam_splc/nikond70_canonxt_sub_08.tif,1,raw_replay,ela,1002,666,uint8,RGB,11.198793603983225,13.462732894049914,0.3228183273093453,0.00013986041930153707,11.199690423044217,7.928885005585474
4cam_splc/4cam_splc/nikond70_canonxt_sub_09.tif,1,raw_replay,rgb,1002,666,uint8,RGB,86.35435884986784,53.11789172760647,0.051861242480004954,0.016422610234985483,86.35220689838435,52.182286953907365
4cam_splc/4cam_splc/nikond70_canonxt_sub_09.tif,1,raw_replay,ela,1002,666,uint8,RGB,13.92612922303541,15.413734301707013,0.28095660530790273,0.00010739282196368024,13.926013764880953,8.602175838204174
4cam_splc/4cam_splc/nikond70_canonxt_sub_10.tif,1,raw_replay,rgb,1002,666,uint8,RGB,115.13712614810419,43.30332025911131,0.003715292138445831,0.0011453569337800875,115.13843936011905,42.216488691014874
4cam_splc/4cam_splc/nikond70_canonxt_sub_10.tif,1,raw_replay,ela,1002,666,uint8,RGB,13.951586316855778,14.26123436929507,0.25645755535975095,1.9980059900219582e-05,13.95439386692177,7.6366466521343135
4cam_splc/4cam_splc/nikond70_canonxt_sub_11.tif,1,raw_replay,rgb,1002,666,uint8,RGB,88.48900097702493,53.33754723685186,0.011538484592376807,0.0,88.48821481717687,52.8538182355315
4cam_splc/4cam_splc/nikond70_canonxt_sub_11.tif,1,raw_replay,ela,1002,666,uint8,RGB,13.047798297299295,13.17459988389518,0.26730922539305774,4.195812579046112e-05,13.050455729166666,6.693581631298257
4cam_splc/4cam_splc/nikond70_canonxt_sub_12.tif,1,raw_replay,rgb,1002,666,uint8,RGB,100.6352020683358,43.674530712464325,0.00462688237139335,0.0028156899414384443,100.6426777742347,41.8940829092384
4cam_splc/4cam_splc/nikond70_canonxt_sub_12.tif,1,raw_replay,ela,1002,666,uint8,RGB,14.797020073966182,15.26136468660602,0.2460699222176268,5.644366921812031e-05,14.798130580357142,7.8844395268119
4cam_splc/4cam_splc/nikond70_canonxt_sub_13.tif,1,raw_replay,rgb,1002,666,uint8,RGB,72.19166771561981,41.038290155017656,0.00192358026689364,0.0,72.19116709183673,40.4438201303133
4cam_splc/4cam_splc/nikond70_canonxt_sub_13.tif,1,raw_replay,ela,1002,666,uint8,RGB,13.850052647457836,13.10094881152441,0.24505593417769067,7.992023960087833e-06,13.851236979166666,5.93333173017911
4cam_splc/4cam_splc/nikond70_canonxt_sub_14.tif,1,raw_replay,rgb,1002,666,uint8,RGB,91.35003116889344,57.63183436199791,0.005884127640614667,0.0038286789783795773,91.34865938562925,56.43608170743855
4cam_splc/4cam_splc/nikond70_canonxt_sub_14.tif,1,raw_replay,ela,1002,666,uint8,RGB,18.36982941024857,18.335675052241953,0.19780059500618383,0.00019830209450967935,18.37036298894558,9.537761681958061
4cam_splc/4cam_splc/nikond70_canonxt_sub_15.tif,1,raw_replay,rgb,1002,666,uint8,RGB,87.35808762854671,56.33489565138883,0.0023146899394404386,0.07714550878223533,87.35838515093538,55.9725207466836
4cam_splc/4cam_splc/nikond70_canonxt_sub_15.tif,1,raw_replay,ela,1002,666,uint8,RGB,13.645441849034663,13.490371192922439,0.2803097508686331,1.998005990021958e-06,13.643501541241497,6.661490315689775
4cam_splc/4cam_splc/nikond70_canonxt_sub_16.tif,1,raw_replay,rgb,1002,666,uint8,RGB,62.119152585719455,50.81263879763888,0.009307710904517291,0.00013986041930153707,62.12000425170068,50.25941461519142
4cam_splc/4cam_splc/nikond70_canonxt_sub_16.tif,1,raw_replay,ela,1002,666,uint8,RGB,14.24777322232412,13.897295747808949,0.24084913256569943,6.493519467571364e-06,14.248883928571429,6.685706601043371
4cam_splc/4cam_splc/nikond70_canonxt_sub_17.tif,1,raw_replay,rgb,1002,666,uint8,RGB,81.96830912749077,46.468941588753474,0.013177848507189824,0.0,81.9674612032313,45.52678736500716
4cam_splc/4cam_splc/nikond70_canonxt_sub_17.tif,1,raw_replay,ela,1002,666,uint8,RGB,14.336394778011545,14.821090571274851,0.24796453139766514,7.542472612332892e-05,14.338109853316327,7.671750370044029
4cam_splc/4cam_splc/nikond70_canonxt_sub_18.tif,1,raw_replay,rgb,1002,666,uint8,RGB,90.73756740772708,47.19620144072843,0.0036453619287950627,0.0,90.73815502763605,46.96623790616683
4cam_splc/4cam_splc/nikond70_canonxt_sub_18.tif,1,raw_replay,ela,1002,666,uint8,RGB,11.946714678750608,11.694547593744575,0.28182573791356225,2.497507487527448e-06,11.950394610969388,5.648540944788658
4cam_splc/4cam_splc/nikond70_canonxt_sub_19.tif,1,raw_replay,rgb,1002,666,uint8,RGB,62.707793122463784,35.09494820266959,0.033827739915564266,0.0,62.705443505527214,34.47582275319045
4cam_splc/4cam_splc/nikond70_canonxt_sub_19.tif,1,raw_replay,ela,1002,666,uint8,RGB,14.830469191746637,15.808710893441225,0.2470614326901752,4.995014975054896e-06,14.830968324829932,8.791803369136773
4cam_splc/4cam_splc/nikond70_canonxt_sub_20.tif,1,raw_replay,rgb,1002,666,uint8,RGB,99.1424503345661,37.15621790213497,0.013431595267922614,0.0,99.14234561011905,36.74292896571265
4cam_splc/4cam_splc/nikond70_canonxt_sub_20.tif,1,raw_replay,ela,1002,666,uint8,RGB,11.974968980957005,12.508848726757828,0.28867640095185004,5.994017970065874e-06,11.977193611819727,6.532736759173874
4cam_splc/4cam_splc/nikond70_canonxt_sub_21.tif,1,raw_replay,rgb,1002,666,uint8,RGB,84.11699773625921,41.095055194199766,0.0010194825564087042,0.0,84.11705463435374,40.41437250473552
4cam_splc/4cam_splc/nikond70_canonxt_sub_21.tif,1,raw_replay,ela,1002,666,uint8,RGB,14.193954433475392,13.842068035263075,0.2426853000705296,1.6983050915186645e-05,14.194794323979592,6.756311730415954
4cam_splc/4cam_splc/nikond70_canonxt_sub_22.tif,1,raw_replay,rgb,1002,666,uint8,RGB,99.46334757911605,36.76594064941461,0.0020759282236328144,0.0,99.4614490327381,36.19447390599049
4cam_splc/4cam_splc/nikond70_canonxt_sub_22.tif,1,raw_replay,ela,1002,666,uint8,RGB,12.762460564356772,11.831708408305596,0.26068683453912994,1.4985044925164685e-06,12.762183779761905,5.22414181766785
4cam_splc/4cam_splc/nikond70_canonxt_sub_23.tif,1,raw_replay,rgb,1002,666,uint8,RGB,66.12843082603561,45.83201539942504,0.0023556490622358888,0.0,66.12887967687075,45.44833453107812
4cam_splc/4cam_splc/nikond70_canonxt_sub_23.tif,1,raw_replay,ela,1002,666,uint8,RGB,14.308132983282684,12.929232347265572,0.23357738976501452,4.495513477549406e-06,14.309563669217686,5.611359685122932
4cam_splc/4cam_splc/nikond70_canonxt_sub_24.tif,1,raw_replay,rgb,1002,666,uint8,RGB,67.69771867676059,57.64465983780432,0.0328661995328662,2.1478564392736048e-05,67.69559816113946,57.33017909742828
4cam_splc/4cam_splc/nikond70_canonxt_sub_24.tif,1,raw_replay,ela,1002,666,uint8,RGB,13.08553064042086,12.406912411879311,0.25928473383563205,1.5984047920175665e-05,13.088993409863946,5.711922784027097
4cam_splc/4cam_splc/nikond70_canonxt_sub_25.tif,1,raw_replay,rgb,1002,666,uint8,RGB,46.59962956968945,38.41646106437831,0.06178184172196148,0.0,46.59795519770408,38.18435507770376
4cam_splc/4cam_splc/nikond70_canonxt_sub_25.tif,1,raw_replay,ela,1002,666,uint8,RGB,12.497087906269543,11.954134785732018,0.2722787657917398,1.0989032945120769e-05,12.50054474914966,5.510164465521142
4cam_splc/4cam_splc/nikond70_canonxt_sub_26.tif,1,raw_replay,rgb,1002,666,uint8,RGB,115.67721913530296,59.06196640216726,0.02793611975248702,4.995014975054896e-06,115.67353582057824,58.02627652756258
4cam_splc/4cam_splc/nikond70_canonxt_sub_26.tif,1,raw_replay,ela,1002,666,uint8,RGB,17.417295039550527,19.09820419940712,0.23117578656500812,9.140877404350459e-05,17.415955835459183,11.156632812415209
4cam_splc/4cam_splc/nikond70_canonxt_sub_27.tif,1,raw_replay,rgb,1002,666,uint8,RGB,137.05385625146104,63.45554096484956,0.0007227786668904434,2.497507487527448e-06,137.05240885416666,62.79560417383113
4cam_splc/4cam_splc/nikond70_canonxt_sub_27.tif,1,raw_replay,ela,1002,666,uint8,RGB,14.93351635068202,14.969318393999885,0.2466508424592257,3.996011980043916e-06,14.935580091411564,7.871611542961557
4cam_splc/4cam_splc/nikond70_canonxt_sub_28.tif,1,raw_replay,rgb,1002,666,uint8,RGB,105.22708337079595,61.40644024267743,0.01829024633415851,0.000334666003328678,105.22516076743197,59.98435821447991
4cam_splc/4cam_splc/nikond70_canonxt_sub_28.tif,1,raw_replay,ela,1002,666,uint8,RGB,20.236641331950715,22.50921657880525,0.21080711449972928,0.00020729312146477815,20.23567044005102,13.248860462911894
4cam_splc/4cam_splc/nikond70_canonxt_sub_29.tif,1,raw_replay,rgb,1002,666,uint8,RGB,91.22981314647981,64.85785351542978,0.008024491557425689,0.0008301714888541236,91.22883450255102,64.07514805698614
4cam_splc/4cam_splc/nikond70_canonxt_sub_29.tif,1,raw_replay,ela,1002,666,uint8,RGB,18.39530398662135,21.253928279193175,0.21414528300755845,0.0005579431727136318,18.39524208120748,12.883217522881683
4cam_splc/4cam_splc/nikond70_canonxt_sub_30.tif,1,raw_replay,rgb,1002,666,uint8,RGB,137.58209207211203,73.79736592555965,0.036661411910912906,0.0002047956139772507,137.57961973852042,72.69248916833193
4cam_splc/4cam_splc/nikond70_canonxt_sub_30.tif,1,raw_replay,ela,1002,666,uint8,RGB,19.035467603331874,20.88440477360216,0.23630516744289198,5.7942173710636785e-05,19.036352040816325,11.822167842128694
4cam_splc/4cam_splc/nikond70_kodakdcs330_sub_01.tif,1,raw_replay,rgb,1002,666,uint8,RGB,93.62239784694874,48.22411294546074,0.0014930099760439082,0.02695110279940619,93.61877524447279,47.15531550534879
4cam_splc/4cam_splc/nikond70_kodakdcs330_sub_01.tif,1,raw_replay,ela,1002,666,uint8,RGB,15.33771545997095,17.500665307491474,0.24942607277936618,0.0002692313071554589,15.337737829506803,9.950190425523688
4cam_splc/4cam_splc/nikond70_kodakdcs330_sub_02.tif,1,raw_replay,rgb,1002,666,uint8,RGB,119.75248501995009,37.945973726672136,0.0011983040925156695,0.0011453569337800875,119.75330171130952,36.682812314512105
4cam_splc/4cam_splc/nikond70_kodakdcs330_sub_02.tif,1,raw_replay,ela,1002,666,uint8,RGB,14.833124042205878,16.314184527926688,0.24961288633943324,0.00014935094775414136,14.835160235969388,9.26884873430472
4cam_splc/4cam_splc/nikond70_kodakdcs330_sub_03.tif,1,raw_replay,rgb,1002,666,uint8,RGB,104.46675268082454,44.45635159962455,0.0020549491607375838,0.0028156899414384443,104.47480867346938,42.4453045402482
4cam_splc/4cam_splc/nikond70_kodakdcs330_sub_03.tif,1,raw_replay,ela,1002,666,uint8,RGB,16.889112166058275,18.133433000046672,0.2240673807540075,0.00014735294176411941,16.889867665816325,9.735651612657927
4cam_splc/4cam_splc/nikond70_kodakdcs330_sub_04.tif,1,raw_replay,rgb,1002,666,uint8,RGB,79.4965339591088,45.05680728617501,0.001785717853582125,0.0,79.49642591411565,44.43030173003553
4cam_splc/4cam_splc/nikond70_kodakdcs330_sub_04.tif,1,raw_replay,ela,1002,666,uint8,RGB,15.361029692367017,16.52988163800585,0.23489157820495146,0.0002237766708824593,15.361945950255102,8.839279363120108
4cam_splc/4cam_splc/nikond70_kodakdcs330_sub_05.tif,1,raw_replay,rgb,1002,666,uint8,RGB,88.45580210949473,52.019285040193196,0.0017177856499213785,3.246759733785682e-05,88.45274633290816,50.866080432674316
4cam_splc/4cam_splc/nikond70_kodakdcs330_sub_05.tif,1,raw_replay,ela,1002,666,uint8,RGB,18.587075099051148,18.360522631083043,0.19284454114793437,0.00013486540432648217,18.586947278911566,8.965845571492203
4cam_splc/4cam_splc/nikond70_kodakdcs330_sub_06.tif,1,raw_replay,rgb,1002,666,uint8,RGB,92.9685229141317,53.04817052947734,0.0025579471687256117,0.0448862035688383,92.97013180272108,52.378240154386184
4cam_splc/4cam_splc/nikond70_kodakdcs330_sub_06.tif,1,raw_replay,ela,1002,666,uint8,RGB,15.710820601040162,17.09473045905939,0.24990909072745401,8.491525457593322e-05,15.711269664115646,9.25616119118621
4cam_splc/4cam_splc/nikond70_kodakdcs330_sub_07.tif,1,raw_replay,rgb,1002,666,uint8,RGB,81.37967058875242,43.24388282228869,0.002455049860239481,0.0,81.37969680059524,42.36789045888562
4cam_splc/4cam_splc/nikond70_kodakdcs330_sub_07.tif,1,raw_replay,ela,1002,666,uint8,RGB,14.538460616304928,14.928176012713156,0.24068829308350267,9.490528452604301e-05,14.539985916241497,7.566069762397219
4cam_splc/4cam_splc/nikond70_kodakdcs330_sub_08.tif,1,raw_replay,rgb,1002,666,uint8,RGB,87.09916153678628,52.26430400682579,0.0027257796718874565,0.0,87.10049293154762,51.63857951797008
4cam_splc/4cam_splc/nikond70_kodakdcs330_sub_08.tif,1,raw_replay,ela,1002,666,uint8,RGB,14.777774281267295,16.2540145607499,0.2492452532372692,9.04097710484936e-05,14.780645461309524,8.833752526716925
4cam_splc/4cam_splc/nikond70_kodakdcs330_sub_09.tif,1,raw_replay,rgb,1002,666,uint8,RGB,69.38387639136143,53.75355094316349,0.003277229325133517,0.0,69.38125132865646,53.07357776450531
4cam_splc/4cam_splc/nikond70_kodakdcs330_sub_09.tif,1,raw_replay,ela,1002,666,uint8,RGB,15.120374865883848,16.661954565478002,0.24150248052443662,0.00010589431747116378,15.122993728741497,9.142772454044328
4cam_splc/4cam_splc/nikond70_kodakdcs330_sub_10.tif,1,raw_replay,rgb,1002,666,uint8,RGB,111.97793202384021,39.51211445549377,0.0031288773803743865,0.0,111.97658242984694,38.618554012294226
4cam_splc/4cam_splc/nikond70_kodakdcs330_sub_10.tif,1,raw_replay,ela,1002,666,uint8,RGB,14.259856163548779,16.18491428264773,0.2633266999534465,8.441575307842773e-05,14.26153938137755,9.09321795791429
4cam_splc/4cam_splc/nikond70_kodakdcs330_sub_11.tif,1,raw_replay,rgb,1002,666,uint8,RGB,77.09408959858062,45.30220183280691,0.005273237309165453,4.195812579046112e-05,77.09392272534014,43.83549652367869
4cam_splc/4cam_splc/nikond70_kodakdcs330_sub_11.tif,1,raw_replay,ela,1002,666,uint8,RGB,17.32522192851534,17.92510858379227,0.2130044215872559,0.00017232801663939388,17.3246306335034,9.660413979942371
4cam_splc/4cam_splc/nikond70_kodakdcs330_sub_12.tif,1,raw_replay,rgb,1002,666,uint8,RGB,88.34285083486681,47.33583345866492,0.005567443691196186,6.943070815326304e-05,88.3423150510204,46.11907468944132
4cam_splc/4cam_splc/nikond70_kodakdcs330_sub_12.tif,1,raw_replay,ela,1002,666,uint8,RGB,17.00801350252448,18.838745491265286,0.22582512652372932,0.00026323728918539296,17.00774606717687,10.945601642352473
4cam_splc/4cam_splc/nikond70_kodakdcs330_sub_13.tif,1,raw_replay,rgb,1002,666,uint8,RGB,64.2507197816579,49.26892534555327,0.004671837506168844,0.001293708878539218,64.25086362670068,48.57102774747411
4cam_splc/4cam_splc/nikond70_kodakdcs330_sub_13.tif,1,raw_replay,ela,1002,666,uint8,RGB,15.595198491905078,15.6477844837402,0.2268501035966106,9.240777703851556e-05,15.598114636479592,8.129773970712666
4cam_splc/4cam_splc/nikond70_kodakdcs330_sub_14.tif,1,raw_replay,rgb,1002,666,uint8,RGB,44.02437117756479,47.68531276690305,0.03859048669427911,0.000143856431281581,44.02216863307823,46.64039085485669
4cam_splc/4cam_splc/nikond70_kodakdcs330_sub_14.tif,1,raw_replay,ela,1002,666,uint8,RGB,16.62964361567156,18.15454235242116,0.2296722870575166,0.0002527477577377777,16.633955144557824,10.39726390080525
4cam_splc/4cam_splc/nikond70_kodakdcs330_sub_15.tif,1,raw_replay,rgb,1002,666,uint8,RGB,42.24773376170582,36.3705372435796,0.05075984167800535,3.4965104825384267e-06,42.245814732142854,35.99407576813614
4cam_splc/4cam_splc/nikond70_kodakdcs330_sub_15.tif,1,raw_replay,ela,1002,666,uint8,RGB,14.160567753382125,13.99371797527906,0.25138112164060267,8.991026955098812e-06,14.162209024234693,7.014555645256441
4cam_splc/4cam_splc/nikond70_kodakdcs330_sub_16.tif,1,raw_replay,rgb,1002,666,uint8,RGB,120.0059870249491,58.973782445404275,0.00601000201798605,0.0001233768698838559,120.00355415603741,57.29280057040355
4cam_splc/4cam_splc/nikond70_kodakdcs330_sub_16.tif,1,raw_replay,ela,1002,666,uint8,RGB,20.105132577687467,21.482980547262706,0.20114325902749056,0.00014435593277908648,20.10321667729592,12.30032249269285
4cam_splc/4cam_splc/nikond70_kodakdcs330_sub_17.tif,1,raw_replay,rgb,1002,666,uint8,RGB,130.6259268250286,61.799549392955335,0.0023391655128182074,6.19381856906807e-05,130.6232063137755,60.5657379968147
4cam_splc/4cam_splc/nikond70_kodakdcs330_sub_17.tif,1,raw_replay,ela,1002,666,uint8,RGB,18.81269742796689,19.15607532671924,0.20900191608774443,0.00016533499567431703,18.812094759778912,10.364842844155806
4cam_splc/4cam_splc/nikond70_kodakdcs330_sub_18.tif,1,raw_replay,rgb,1002,666,uint8,RGB,99.63360915806025,59.74406406324202,0.01895258531985079,0.0003536470602338866,99.63107196003402,57.86036616709172
4cam_splc/4cam_splc/nikond70_kodakdcs330_sub_18.tif,1,raw_replay,ela,1002,666,uint8,RGB,23.394120168072263,25.024545217954202,0.18265271259283236,0.000544956133778489,23.393641050170068,14.278566662704911
4cam_splc/4cam_splc/nikond70_kodakdcs330_sub_19.tif,1,raw_replay,rgb,1002,666,uint8,RGB,101.09183185181189,67.47454559550629,0.001810193426959894,0.00010339680998363633,101.09192309736395,66.4730824187636
4cam_splc/4cam_splc/nikond70_kodakdcs330_sub_19.tif,1,raw_replay,ela,1002,666,uint8,RGB,20.51473129816443,22.88421120606953,0.19564674454894015,0.0008741276206346067,20.51369180484694,13.9376491378967
4cam_splc/4cam_splc/nikond70_kodakdcs330_sub_20.tif,1,raw_replay,rgb,1002,666,uint8,RGB,78.29953256649864,44.881464659957395,0.005233776690862519,0.012860165554776334,78.29542676445578,43.26386206846962
4cam_splc/4cam_splc/nikond70_kodakdcs330_sub_20.tif,1,raw_replay,ela,1002,666,uint8,RGB,17.702040863218507,19.218221818912887,0.22187057316797837,0.00015534496572420725,17.702454028486393,10.749323974860916
4cam_splc/4cam_splc/nikond70_kodakdcs330_sub_21.tif,1,raw_replay,rgb,1002,666,uint8,RGB,112.78469287650924,45.50354756371122,0.0007567447687208167,0.0027987068905232578,112.79264322916667,43.51111277451598
4cam_splc/4cam_splc/nikond70_kodakdcs330_sub_21.tif,1,raw_replay,ela,1002,666,uint8,RGB,15.680738123352894,17.746129869769526,0.24263185341029653,0.00019430608252963543,15.680989583333334,10.114536301727139
4cam_splc/4cam_splc/nikond70_kodakdcs330_sub_22.tif,1,raw_replay,rgb,1002,666,uint8,RGB,75.38617659575743,42.236420781037765,0.0011073948199696703,0.0,75.38537016369048,41.34706422227336
4cam_splc/4cam_splc/nikond70_kodakdcs330_sub_22.tif,1,raw_replay,ela,1002,666,uint8,RGB,16.34138379896863,17.641528567809562,0.22215828603054152,0.0001763240286194378,16.343470982142858,9.898247287681759
4cam_splc/4cam_splc/nikond70_kodakdcs330_sub_23.tif,1,raw_replay,rgb,1002,666,uint8,RGB,98.09909460358563,59.16520288792337,0.0015139890389391387,0.07714550878223533,98.10140306122449,58.421155960877975
4cam_splc/4cam_splc/nikond70_kodakdcs330_sub_23.tif,1,raw_replay,ela,1002,666,uint8,RGB,15.88139536742331,18.179739409107974,0.266650382917848,0.00014985044925164685,15.88154363307823,10.756962007994247
4cam_splc/4cam_splc/nikond70_kodakdcs330_sub_24.tif,1,raw_replay,rgb,1002,666,uint8,RGB,86.91184697671724,50.543011084733564,0.0010964057870245494,0.0,86.91084715136054,49.51341248432296
4cam_splc/4cam_splc/nikond70_kodakdcs330_sub_24.tif,1,raw_replay,ela,1002,666,uint8,RGB,16.0644177111243,18.379337169289823,0.23111634588680496,0.0003666340991690293,16.066240167942176,10.669331074620464
4cam_splc/4cam_splc/nikond70_kodakdcs330_sub_25.tif,1,raw_replay,rgb,1002,666,uint8,RGB,90.18178407948866,56.291440239856136,0.0019930109750469034,0.0,90.18252418154762,55.15251964776138
4cam_splc/4cam_splc/nikond70_kodakdcs330_sub_25.tif,1,raw_replay,ela,1002,666,uint8,RGB,17.21062629495763,21.38607589707313,0.2307267347187507,0.0008276739813665962,17.21216650722789,13.242823571944523
4cam_splc/4cam_splc/nikond70_kodakdcs330_sub_26.tif,1,raw_replay,rgb,1002,666,uint8,RGB,67.51285866705028,51.733045711490036,0.002564940189690689,0.0,67.50852333120748,50.7314253256856
4cam_splc/4cam_splc/nikond70_kodakdcs330_sub_26.tif,1,raw_replay,ela,1002,666,uint8,RGB,16.510889632147116,19.060317486502786,0.2294999590408772,0.00018431605257952563,16.512024340986393,11.306352812407068
4cam_splc/4cam_splc/nikond70_kodakdcs330_sub_27.tif,1,raw_replay,rgb,1002,666,uint8,RGB,116.86361361361361,40.51739407692978,0.0007952063840287393,0.0,116.86447039753402,39.32382587760823
4cam_splc/4cam_splc/nikond70_kodakdcs330_sub_27.tif,1,raw_replay,ela,1002,666,uint8,RGB,15.066830802858746,18.121854124031206,0.2562157966349583,0.00030119940299581016,15.06781462585034,10.955230329090556
4cam_splc/4cam_splc/nikond70_kodakdcs330_sub_28.tif,1,raw_replay,rgb,1002,666,uint8,RGB,67.35918353483224,55.06786963473295,0.0013841186495877115,0.0,67.3587106717687,54.1363224704546
4cam_splc/4cam_splc/nikond70_kodakdcs330_sub_28.tif,1,raw_replay,ela,1002,666,uint8,RGB,16.559820798842754,19.352432683855877,0.22860435285584987,0.000310190429950909,16.561988467261905,11.490831384165126
4cam_splc/4cam_splc/nikond70_kodakdcs330_sub_29.tif,1,raw_replay,rgb,1002,666,uint8,RGB,99.04043114971259,53.11114189493695,0.0026883170595745445,0.0,99.03998591624149,51.6060367068162
4cam_splc/4cam_splc/nikond70_kodakdcs330_sub_29.tif,1,raw_replay,ela,1002,666,uint8,RGB,18.620237003470535,21.725494839087602,0.20707284130437822,0.0008221794648940357,18.61884832057823,12.949607010170316
4cam_splc/4cam_splc/nikond70_kodakdcs330_sub_30.tif,1,raw_replay,rgb,1002,666,uint8,RGB,110.61004467541393,47.88713980581152,0.003902105698512884,1.6483549417681155e-05,110.6099396789966,46.55609579984263
4cam_splc/4cam_splc/nikond70_kodakdcs330_sub_30.tif,1,raw_replay,ela,1002,666,uint8,RGB,15.715096333858808,19.358676170308748,0.24066431701162241,0.000856145566724409,15.714697597789115,11.871327697884142
4cam_auth/4cam_auth/canong3_02_sub_01.tif,0,jpeg95_secondary,rgb,757,568,uint8,RGB,130.58228288710689,41.82793504864546,0.00031862243474054365,0.0,130.59797512755102,41.133513429104745
4cam_auth/4cam_auth/canong3_02_sub_01.tif,0,jpeg95_secondary,ela,757,568,uint8,RGB,12.866896446933472,11.719676298446075,0.2632922147592734,0.0,12.866569674744898,5.364154050370705
4cam_auth/4cam_auth/canong3_02_sub_02.tif,0,jpeg95_secondary,rgb,757,568,uint8,RGB,108.77330672719718,51.48954552790122,0.0002728834477583245,0.042468261794456744,108.77397560586735,50.43053577693967
4cam_auth/4cam_auth/canong3_02_sub_02.tif,0,jpeg95_secondary,ela,757,568,uint8,RGB,14.252175315211392,14.199146571445253,0.27080193623209975,0.0,14.250989849064625,7.578898858776774
4cam_auth/4cam_auth/canong3_02_sub_03.tif,0,jpeg95_secondary,rgb,757,568,uint8,RGB,129.81136776626292,45.885819753457355,0.0011062632953157076,0.00016900168071396233,129.81026785714286,44.705173415322626
4cam_auth/4cam_auth/canong3_02_sub_03.tif,0,jpeg95_secondary,ela,757,568,uint8,RGB,14.407245985822465,13.642454675413806,0.24458962050595073,0.0,14.405246864370747,6.778248426602865
4cam_auth/4cam_auth/canong3_02_sub_04.tif,0,jpeg95_secondary,rgb,757,568,uint8,RGB,127.6638990703357,44.49665171038297,3.9537090442257244e-05,1.55047413499048e-06,127.67802667942176,44.16995985014962
4cam_auth/4cam_auth/canong3_02_sub_04.tif,0,jpeg95_secondary,ela,757,568,uint8,RGB,12.870741622788248,11.613942164575711,0.2609463473930328,0.0,12.869519292091837,5.20021916519595
4cam_auth/4cam_auth/canong3_02_sub_05.tif,0,jpeg95_secondary,rgb,757,568,uint8,RGB,111.96899904490793,44.81120634763605,8.682655155946688e-05,0.000551968792056611,111.96509619472789,43.357378559587886
4cam_auth/4cam_auth/canong3_02_sub_05.tif,0,jpeg95_secondary,ela,757,568,uint8,RGB,16.360285225221872,15.630395219606097,0.2239388555020125,0.0,16.361148756377553,7.9803457341287
4cam_auth/4cam_auth/canong3_02_sub_06.tif,0,jpeg95_secondary,rgb,757,568,uint8,RGB,117.51718778102344,42.47376739373168,0.0005837535118239157,0.0,117.51620960884354,41.97952582690331
4cam_auth/4cam_auth/canong3_02_sub_06.tif,0,jpeg95_secondary,ela,757,568,uint8,RGB,13.468751744283402,12.441024364576743,0.25501113240428924,0.0,13.469082164115646,5.971915179877852
4cam_auth/4cam_auth/canong3_02_sub_07.tif,0,jpeg95_secondary,rgb,757,568,uint8,RGB,111.81086076122078,53.82089303643676,7.7523706749524e-07,0.0,111.82587292729592,52.66330936571363
4cam_auth/4cam_auth/canong3_02_sub_07.tif,0,jpeg95_secondary,ela,757,568,uint8,RGB,20.80147108985928,19.7991040329336,0.1837621944790717,0.0,20.802834024234695,9.877958024512857
4cam_auth/4cam_auth/canong3_02_sub_08.tif,0,jpeg95_secondary,rgb,757,568,uint8,RGB,114.22376132621356,53.29193927036226,0.0,8.52760774244764e-06,114.22355973639456,51.2766582794703
4cam_auth/4cam_auth/canong3_02_sub_08.tif,0,jpeg95_secondary,ela,757,568,uint8,RGB,26.354005804975163,22.67648370624984,0.13401135567256467,0.0,26.355209661989797,9.14262037227973
4cam_auth/4cam_auth/canong3_02_sub_09.tif,0,jpeg95_secondary,rgb,757,568,uint8,RGB,105.17432910984179,51.910772049789806,1.317903014741908e-05,0.0,105.17788052721089,50.37728346170994
4cam_auth/4cam_auth/canong3_02_sub_09.tif,0,jpeg95_secondary,ela,757,568,uint8,RGB,22.779767552917683,21.349671959736515,0.16891717987360536,1.55047413499048e-06,22.78058567176871,10.405685065015888
4cam_auth/4cam_auth/canong3_05_sub_01.tif,0,jpeg95_secondary,rgb,757,568,uint8,RGB,124.35094904521803,34.19501595958696,0.00093648637753425,0.0,124.35279150722789,32.78134818688246
4cam_auth/4cam_auth/canong3_05_sub_01.tif,0,jpeg95_secondary,ela,757,568,uint8,RGB,15.53825484833262,14.996327104430549,0.233549469427751,0.0,15.538318452380953,7.713170845075505
4cam_auth/4cam_auth/canong3_05_sub_02.tif,0,jpeg95_secondary,rgb,757,568,uint8,RGB,106.80504028131803,44.142936803815815,0.0007372504511879733,0.0,106.80664726828232,43.74998006777542
4cam_auth/4cam_auth/canong3_05_sub_02.tif,0,jpeg95_secondary,ela,757,568,uint8,RGB,13.147167903945027,13.055331443385588,0.27021585700907336,0.0,13.146205357142858,6.885136849145985
4cam_auth/4cam_auth/canong3_05_sub_03.tif,0,jpeg95_secondary,rgb,757,568,uint8,RGB,110.37982585074516,35.38845769188796,0.00096904633436905,0.0,110.3790058992347,33.89318195987956
4cam_auth/4cam_auth/canong3_05_sub_03.tif,0,jpeg95_secondary,ela,757,568,uint8,RGB,15.126549698897923,15.889992985745964,0.24899451752345866,0.0,15.12533880739796,9.080169933835085
4cam_auth/4cam_auth/canong3_05_sub_04.tif,0,jpeg95_secondary,rgb,757,568,uint8,RGB,112.34821013265856,50.327179098409644,0.0012372783597224032,2.3257112024857202e-06,112.34895833333333,49.575126151627636
4cam_auth/4cam_auth/canong3_05_sub_04.tif,0,jpeg95_secondary,ela,757,568,uint8,RGB,14.740725838961554,14.509537627045205,0.2477859229352336,7.7523706749524e-07,14.739722842261905,7.639861938666894
4cam_auth/4cam_auth/canong3_05_sub_05.tif,0,jpeg95_secondary,rgb,757,568,uint8,RGB,124.12122769642957,46.84491017583502,0.0005225097834917918,0.0,124.12219653486395,46.393535194750584
4cam_auth/4cam_auth/canong3_05_sub_05.tif,0,jpeg95_secondary,ela,757,568,uint8,RGB,13.761698327348503,13.46353925582839,0.2579616846831761,0.0,13.759373671343537,7.034406072548821
4cam_auth/4cam_auth/canong3_05_sub_06.tif,0,jpeg95_secondary,rgb,757,568,uint8,RGB,122.51271078695865,37.79073630032747,0.0,0.0,122.51337292729592,37.67332632827574
4cam_auth/4cam_auth/canong3_05_sub_06.tif,0,jpeg95_secondary,ela,757,568,uint8,RGB,13.206147940040065,12.310241686555074,0.26065795920392454,0.0,13.206672512755102,5.972150068313579
4cam_auth/4cam_auth/canong3_05_sub_07.tif,0,jpeg95_secondary,rgb,757,568,uint8,RGB,123.9609722403111,52.38503430019775,0.0,0.0,123.96089764030613,52.3646159068
4cam_auth/4cam_auth/canong3_05_sub_07.tif,0,jpeg95_secondary,ela,757,568,uint8,RGB,11.62597447299384,10.402503748638042,0.28380421232812997,0.0,11.625617825255102,4.613346785966824
4cam_auth/4cam_auth/canong3_05_sub_08.tif,0,jpeg95_secondary,rgb,757,568,uint8,RGB,126.40404580720785,60.583788425847835,0.0,0.0,126.40356611394557,60.56796576463638
4cam_auth/4cam_auth/canong3_05_sub_08.tif,0,jpeg95_secondary,ela,757,568,uint8,RGB,11.44792577570221,10.275472497645424,0.28730440768787097,0.0,11.44535900297619,4.551686539305019
4cam_auth/4cam_auth/canong3_05_sub_09.tif,0,jpeg95_secondary,rgb,757,568,uint8,RGB,128.89863155152847,57.2919609051233,0.0,0.0,128.8994672087585,57.27307681764628
4cam_auth/4cam_auth/canong3_05_sub_09.tif,0,jpeg95_secondary,ela,757,568,uint8,RGB,11.375991528209326,10.215739694146212,0.2890556682233427,0.0,11.37466119260204,4.528739505634065
4cam_auth/4cam_auth/canong3_08_sub_01.tif,0,jpeg95_secondary,rgb,757,568,uint8,RGB,63.318983695213994,64.67126343764541,0.06785495004372337,8.52760774244764e-06,63.31240699404762,64.37163759859752
4cam_auth/4cam_auth/canong3_08_sub_01.tif,0,jpeg95_secondary,ela,757,568,uint8,RGB,13.314029930352701,14.057087741204727,0.2927225395525952,0.0,13.310487085459183,8.132742486558346
4cam_auth/4cam_auth/canong3_08_sub_02.tif,0,jpeg95_secondary,rgb,757,568,uint8,RGB,131.1398302851012,56.37753280278407,0.018608015331088246,2.3257112024857202e-06,131.13946906887756,56.0751221477852
4cam_auth/4cam_auth/canong3_08_sub_02.tif,0,jpeg95_secondary,ela,757,568,uint8,RGB,12.749254221941069,12.766741404034455,0.2799528345768136,1.55047413499048e-06,12.748465401785714,6.911929814921038
4cam_auth/4cam_auth/canong3_08_sub_03.tif,0,jpeg95_secondary,rgb,757,568,uint8,RGB,158.3278725634299,13.059598152123547,0.0,0.0,158.32937393707482,12.985178984037956
4cam_auth/4cam_auth/canong3_08_sub_03.tif,0,jpeg95_secondary,ela,757,568,uint8,RGB,11.486594600628873,10.262314926961844,0.28543065969573495,0.0,11.485285129676871,4.483553218038783
4cam_auth/4cam_auth/canong3_08_sub_04.tif,0,jpeg95_secondary,rgb,757,568,uint8,RGB,28.019946849746653,20.995216330448123,0.00012248745666424793,3.2559956834800083e-05,28.017983365221088,20.259491652386448
4cam_auth/4cam_auth/canong3_08_sub_04.tif,0,jpeg95_secondary,ela,757,568,uint8,RGB,10.175269472404661,10.88625945567408,0.3437641480764818,1.9380926687381e-05,10.1767578125,6.1249522792911915
4cam_auth/4cam_auth/canong3_08_sub_05.tif,0,jpeg95_secondary,rgb,757,568,uint8,RGB,130.49377019492562,70.26502617007152,0.004461489323435107,0.00014264362041912417,130.49389482355443,69.85980585729534
4cam_auth/4cam_auth/canong3_08_sub_05.tif,0,jpeg95_secondary,ela,757,568,uint8,RGB,12.519667764402355,12.494994099033558,0.28474690060220414,1.55047413499048e-06,12.518541400935375,6.674894070380825
4cam_auth/4cam_auth/canong3_08_sub_06.tif,0,jpeg95_secondary,rgb,757,568,uint8,RGB,141.45370826898866,49.299953431203264,1.240379307992384e-05,2.868377149732388e-05,141.4554302189626,48.86919169183024
4cam_auth/4cam_auth/canong3_08_sub_06.tif,0,jpeg95_secondary,ela,757,568,uint8,RGB,13.11235975961449,12.344277099490975,0.2629495599754405,0.0,13.112616921768707,6.149161505489835
4cam_auth/4cam_auth/canong3_08_sub_07.tif,0,jpeg95_secondary,rgb,757,568,uint8,RGB,57.61328616791015,59.181600447240314,2.248187495736196e-05,0.0,57.612025669642854,58.941051782614444
4cam_auth/4cam_auth/canong3_08_sub_07.tif,0,jpeg95_secondary,ela,757,568,uint8,RGB,10.56192283600325,10.813038147049525,0.3324596411582662,0.0,10.559065423044217,5.825461720799003
4cam_auth/4cam_auth/canong3_08_sub_08.tif,0,jpeg95_secondary,rgb,757,568,uint8,RGB,142.4510453296618,80.85402760206127,4.6514224049714405e-06,0.0,142.4516236181973,80.53341742758604
4cam_auth/4cam_auth/canong3_08_sub_08.tif,0,jpeg95_secondary,ela,757,568,uint8,RGB,12.813738441215323,12.7090674314733,0.27883261701428297,0.0,12.81190874787415,6.702567410554972
4cam_auth/4cam_auth/canong3_08_sub_09.tif,0,jpeg95_secondary,rgb,757,568,uint8,RGB,167.61540644128974,68.48541679243499,0.00013334077560918129,2.3257112024857202e-06,167.6186755952381,68.15655123355401
4cam_auth/4cam_auth/canong3_08_sub_09.tif,0,jpeg95_secondary,ela,757,568,uint8,RGB,12.878439726868477,12.785541152563871,0.27712399451752345,0.0,12.877278645833334,6.854484875374042
4cam_auth/4cam_auth/canonxt_02_sub_01.tif,0,jpeg95_secondary,rgb,1152,768,uint8,RGB,97.08757640697338,30.519029282408148,0.004615312741126543,0.0,97.09153778698979,29.94649442432147
4cam_auth/4cam_auth/canonxt_02_sub_01.tif,0,jpeg95_secondary,ela,1152,768,uint8,RGB,9.705113540461033,9.340501551852492,0.33601963372878085,0.0,9.698102678571429,3.677090781141585
4cam_auth/4cam_auth/canonxt_02_sub_02.tif,0,jpeg95_secondary,rgb,1152,768,uint8,RGB,154.9636595926167,30.334312275896412,0.00021098572530864196,0.0,154.96819860756804,29.980450064100342
4cam_auth/4cam_auth/canonxt_02_sub_02.tif,0,jpeg95_secondary,ela,1152,768,uint8,RGB,7.536312150366513,7.666498406201124,0.4079145266685957,0.0,7.532638446003402,2.773314089923154
4cam_auth/4cam_auth/canonxt_02_sub_03.tif,0,jpeg95_secondary,rgb,1152,768,uint8,RGB,148.94159952799478,18.99934199192606,0.0,0.0,148.94581738945578,18.960864343125873
4cam_auth/4cam_auth/canonxt_02_sub_03.tif,0,jpeg95_secondary,ela,1152,768,uint8,RGB,7.513533227237654,7.336032817203462,0.40063099802276236,0.0,7.510057929421769,2.1523332949883973
4cam_auth/4cam_auth/canonxt_02_sub_04.tif,0,jpeg95_secondary,rgb,1152,768,uint8,RGB,91.66086832682292,40.646531664734475,0.0035682960792824073,8.288724922839506e-06,91.66193664965986,39.96995432279808
4cam_auth/4cam_auth/canonxt_02_sub_04.tif,0,jpeg95_secondary,ela,1152,768,uint8,RGB,9.914494267216435,10.010270756581274,0.3374057345920139,0.0,9.909272693452381,4.4835550928428995
4cam_auth/4cam_auth/canonxt_02_sub_05.tif,0,jpeg95_secondary,rgb,1152,768,uint8,RGB,115.4119744948399,68.57696053926487,0.0018683539496527778,0.0,115.41284013605443,68.22600494095477
4cam_auth/4cam_auth/canonxt_02_sub_05.tif,0,jpeg95_secondary,ela,1152,768,uint8,RGB,8.835140275366513,9.451357436982002,0.3769007553288966,0.0,8.832024606717686,4.498997300494155
4cam_auth/4cam_auth/canonxt_02_sub_06.tif,0,jpeg95_secondary,rgb,1152,768,uint8,RGB,150.8055386013455,36.14598703293303,0.0001936547550154321,0.0,150.80868675595238,34.880192189741905
4cam_auth/4cam_auth/canonxt_02_sub_06.tif,0,jpeg95_secondary,ela,1152,768,uint8,RGB,11.035257975260416,11.833610017842645,0.3282353907455633,0.0,11.029336734693878,6.084169300564891
4cam_auth/4cam_auth/canonxt_02_sub_07.tif,0,jpeg95_secondary,rgb,1152,768,uint8,RGB,88.90964913073881,42.53743424672326,0.002950786072530864,7.535204475308642e-07,88.91003667091837,41.62158427243874
4cam_auth/4cam_auth/canonxt_02_sub_07.tif,0,jpeg95_secondary,ela,1152,768,uint8,RGB,11.982819357036073,12.194538762713858,0.2939860026041667,3.767602237654321e-07,11.979439041241497,6.01154121578375
4cam_auth/4cam_auth/canonxt_02_sub_08.tif,0,jpeg95_secondary,rgb,1152,768,uint8,RGB,110.34949107228974,51.52827539521423,0.004833080150462963,0.0,110.35304395195578,50.63992213529681
4cam_auth/4cam_auth/canonxt_02_sub_08.tif,0,jpeg95_secondary,ela,1152,768,uint8,RGB,12.016503604841821,12.18328618919038,0.2953841597945602,0.0,12.010077859268707,5.994388071320767
4cam_auth/4cam_auth/canonxt_02_sub_09.tif,0,jpeg95_secondary,rgb,1152,768,uint8,RGB,101.2234949182581,34.961535878644334,0.0019105510947145061,0.0,101.22607754039116,33.62799693561807
4cam_auth/4cam_auth/canonxt_02_sub_09.tif,0,jpeg95_secondary,ela,1152,768,uint8,RGB,12.51635139371142,11.897652068870912,0.2725577648775077,0.0,12.510669111394558,5.302879234610644
4cam_auth/4cam_auth/canonxt_05_sub_01.tif,0,jpeg95_secondary,rgb,1152,768,uint8,RGB,68.12167320722415,59.45594075308738,0.10884000048225309,0.0,68.12337239583333,58.081894850533175
4cam_auth/4cam_auth/canonxt_05_sub_01.tif,0,jpeg95_secondary,ela,1152,768,uint8,RGB,11.992590633439429,12.934962597407447,0.3332398967978395,0.0,11.986022534013605,6.9695829362749295
4cam_auth/4cam_auth/canonxt_05_sub_02.tif,0,jpeg95_secondary,rgb,1152,768,uint8,RGB,93.95092434353299,69.40272352578323,0.029927571614583332,0.0,93.94740513392857,67.39237139109932
4cam_auth/4cam_auth/canonxt_05_sub_02.tif,0,jpeg95_secondary,ela,1152,768,uint8,RGB,15.882259415991513,16.558683199521308,0.2495531623746142,2.2605613425925925e-06,15.876401732568027,9.015832315638583
4cam_auth/4cam_auth/canonxt_05_sub_03.tif,0,jpeg95_secondary,rgb,1152,768,uint8,RGB,52.647969563802086,54.58586662227011,0.12216977719907407,7.911964699074074e-06,52.64520886479592,54.022823464676655
4cam_auth/4cam_auth/canonxt_05_sub_03.tif,0,jpeg95_secondary,ela,1152,768,uint8,RGB,10.948866855951003,11.782951519167247,0.35386375144675924,0.0,10.944110065901361,6.200904533689397
4cam_auth/4cam_auth/canonxt_05_sub_04.tif,0,jpeg95_secondary,rgb,1152,768,uint8,RGB,74.77556016710069,54.513483814190586,0.06211269048996913,5.7267554012345676e-05,74.7737962372449,53.87323022283498
4cam_auth/4cam_auth/canonxt_05_sub_04.tif,0,jpeg95_secondary,ela,1152,768,uint8,RGB,10.89901394314236,11.242912999369073,0.3326404712818287,0.0,10.894345238095237,5.511730197212585
4cam_auth/4cam_auth/canonxt_05_sub_05.tif,0,jpeg95_secondary,rgb,1152,768,uint8,RGB,88.2197171434944,49.292481789893586,0.02140600887345679,1.4316888503086419e-05,88.2195206207483,48.5465288834144
4cam_auth/4cam_auth/canonxt_05_sub_05.tif,0,jpeg95_secondary,ela,1152,768,uint8,RGB,11.171068733121142,11.450005093329661,0.31544212058738424,0.0,11.165132068452381,5.671861859637943
4cam_auth/4cam_auth/canonxt_05_sub_06.tif,0,jpeg95_secondary,rgb,1152,768,uint8,RGB,64.14651150173611,44.516967069370295,0.06012226622781636,0.0,64.14740779124149,44.05698029610863
4cam_auth/4cam_auth/canonxt_05_sub_06.tif,0,jpeg95_secondary,ela,1152,768,uint8,RGB,10.215902446228782,10.302005236986929,0.3437891830632716,0.0,10.211077008928571,4.724329838749446
4cam_auth/4cam_auth/canonxt_05_sub_07.tif,0,jpeg95_secondary,rgb,1152,768,uint8,RGB,86.73002304265529,60.62836172743188,0.06975564838927469,0.0,86.7316512542517,60.07433935059702
4cam_auth/4cam_auth/canonxt_05_sub_07.tif,0,jpeg95_secondary,ela,1152,768,uint8,RGB,10.717432469497492,11.733622560405815,0.3480857566550926,3.767602237654321e-07,10.712080144557824,6.330281348961689
4cam_auth/4cam_auth/canonxt_05_sub_08.tif,0,jpeg95_secondary,rgb,1152,768,uint8,RGB,98.48770593713832,54.296506928043854,0.007695327570408951,0.002516381534529321,98.49101163903062,53.28778355558796
4cam_auth/4cam_auth/canonxt_05_sub_08.tif,0,jpeg95_secondary,ela,1152,768,uint8,RGB,12.318107699170525,13.398151182510151,0.3030327690972222,0.0,12.314287042942176,7.379950126193121
4cam_auth/4cam_auth/canonxt_05_sub_09.tif,0,jpeg95_secondary,rgb,1152,768,uint8,RGB,65.89265121648342,35.83659585583894,0.024383921682098766,0.0,65.89300993835035,35.400614727700315
4cam_auth/4cam_auth/canonxt_05_sub_09.tif,0,jpeg95_secondary,ela,1152,768,uint8,RGB,9.709879557291666,9.903056795998111,0.3489662452980324,0.0,9.706081260629253,4.535255203565334
4cam_auth/4cam_auth/canonxt_08_sub_01.tif,0,jpeg95_secondary,rgb,768,1152,uint8,RGB,192.47453892083814,17.069743491088307,0.0,0.002222508559992284,192.47838940263605,17.0308768410578
4cam_auth/4cam_auth/canonxt_08_sub_01.tif,0,jpeg95_secondary,ela,768,1152,uint8,RGB,6.3089064609857255,6.726812106844942,0.4640623492959105,0.0,6.3071588010204085,2.2394644887329296
4cam_auth/4cam_auth/canonxt_08_sub_02.tif,0,jpeg95_secondary,rgb,768,1152,uint8,RGB,172.6391108006607,22.59691287409374,3.7676022376543208e-06,0.0,172.6457137542517,22.40199387976965
4cam_auth/4cam_auth/canonxt_08_sub_02.tif,0,jpeg95_secondary,ela,768,1152,uint8,RGB,6.715295108748071,7.44474653181219,0.45165450484664355,0.0,6.713515093537415,3.152006628502584
4cam_auth/4cam_auth/canonxt_08_sub_03.tif,0,jpeg95_secondary,rgb,768,1152,uint8,RGB,183.01612684461804,21.55924193949118,0.0,0.0,183.02355707908163,21.37922649158877
4cam_auth/4cam_auth/canonxt_08_sub_03.tif,0,jpeg95_secondary,ela,768,1152,uint8,RGB,6.609572422357253,7.354671613179727,0.45891618139949847,0.0,6.607056494472789,3.094997112361918
4cam_auth/4cam_auth/canonxt_08_sub_04.tif,0,jpeg95_secondary,rgb,768,1152,uint8,RGB,139.85009727948977,67.30114275621774,0.010674370659722222,0.0016317485291280863,139.8508848852041,66.86413189721313
4cam_auth/4cam_auth/canonxt_08_sub_04.tif,0,jpeg95_secondary,ela,768,1152,uint8,RGB,11.278434094087578,12.32913761469746,0.32900059076003085,0.0,11.273218271683673,6.693366538086648
4cam_auth/4cam_auth/canonxt_08_sub_05.tif,0,jpeg95_secondary,rgb,768,1152,uint8,RGB,107.73269163532022,72.03435270573858,0.03127222885320216,0.0,107.73325892857143,71.52437482434739
4cam_auth/4cam_auth/canonxt_08_sub_05.tif,0,jpeg95_secondary,ela,768,1152,uint8,RGB,11.649252809124228,12.220034344497595,0.3203516830632716,0.0,11.645361660289115,6.200918752255324
4cam_auth/4cam_auth/canonxt_08_sub_06.tif,0,jpeg95_secondary,rgb,768,1152,uint8,RGB,158.97699276017553,57.25519321507181,0.004372679157021605,0.0,158.9812925170068,56.88115886934835
4cam_auth/4cam_auth/canonxt_08_sub_06.tif,0,jpeg95_secondary,ela,768,1152,uint8,RGB,8.611291956018519,9.468873452136233,0.39616676613136576,0.0,8.606823979591837,4.675902795579768
4cam_auth/4cam_auth/canonxt_08_sub_07.tif,0,jpeg95_secondary,rgb,768,1152,uint8,RGB,70.81265258789062,46.55325388902908,0.03689236111111111,6.442599826388889e-05,70.81192867772108,46.14973876070306
4cam_auth/4cam_auth/canonxt_08_sub_07.tif,0,jpeg95_secondary,ela,768,1152,uint8,RGB,11.97079128689236,12.206415417572536,0.3026680652006173,0.0,11.966179049744898,6.132083238543757
4cam_auth/4cam_auth/canonxt_08_sub_08.tif,0,jpeg95_secondary,rgb,768,1152,uint8,RGB,69.12963113667053,33.829749831304724,0.020875153718171297,0.0,69.12922512755102,33.50979971960758
4cam_auth/4cam_auth/canonxt_08_sub_08.tif,0,jpeg95_secondary,ela,768,1152,uint8,RGB,10.739342960310571,10.586588531523521,0.31601856372974535,0.0,10.73616868622449,4.681578035883709
4cam_auth/4cam_auth/canonxt_08_sub_09.tif,0,jpeg95_secondary,rgb,768,1152,uint8,RGB,99.87265429084684,40.34601712766726,0.0019998432677469135,0.0,99.87410315688776,40.21880501512959
4cam_auth/4cam_auth/canonxt_08_sub_09.tif,0,jpeg95_secondary,ela,768,1152,uint8,RGB,9.08721923828125,8.725251616945535,0.35061909239969136,0.0,9.084741709183673,3.1969699706495267
4cam_auth/4cam_auth/canonxt_11_sub_01.tif,0,jpeg95_secondary,rgb,1152,768,uint8,RGB,88.8764870726032,41.51554790604852,0.00023886598186728395,0.0,88.88153698979592,41.3836309166045
4cam_auth/4cam_auth/canonxt_11_sub_01.tif,0,jpeg95_secondary,ela,1152,768,uint8,RGB,8.91853615089699,8.719781894071561,0.35777678313078703,0.0,8.91161112882653,3.335432931907341
4cam_auth/4cam_auth/canonxt_11_sub_02.tif,0,jpeg95_secondary,rgb,1152,768,uint8,RGB,107.25168562524112,43.22888358662871,0.0009098759403935185,0.01890959563078704,107.25641076743197,42.68411673802088
4cam_auth/4cam_auth/canonxt_11_sub_02.tif,0,jpeg95_secondary,ela,1152,768,uint8,RGB,9.340027232228973,9.585315491304122,0.3538185402199074,3.767602237654321e-07,9.335711628401361,4.292271729179541
4cam_auth/4cam_auth/canonxt_11_sub_03.tif,0,jpeg95_secondary,rgb,1152,768,uint8,RGB,112.98960895302855,28.496813140324427,2.335913387345679e-05,3.767602237654321e-07,112.98906515731292,27.86239481375294
4cam_auth/4cam_auth/canonxt_11_sub_03.tif,0,jpeg95_secondary,ela,1152,768,uint8,RGB,9.730850031346451,9.412422989803028,0.33359668872974535,0.0,9.725605867346939,3.6775928620192713
4cam_auth/4cam_auth/canonxt_11_sub_04.tif,0,jpeg95_secondary,rgb,1152,768,uint8,RGB,117.66501268928434,36.39604128922973,4.219714506172839e-05,0.0,117.66880580357143,36.21644172294911
4cam_auth/4cam_auth/canonxt_11_sub_04.tif,0,jpeg95_secondary,ela,1152,768,uint8,RGB,8.81114818431713,8.69688190476121,0.3615462691695602,0.0,8.80904549319728,3.3780527612759963
4cam_auth/4cam_auth/canonxt_11_sub_05.tif,0,jpeg95_secondary,rgb,1152,768,uint8,RGB,117.32908799913194,44.28447073519771,0.004714777440200617,0.0037547923900462963,117.34438775510205,43.5042712634354
4cam_auth/4cam_auth/canonxt_11_sub_05.tif,0,jpeg95_secondary,ela,1152,768,uint8,RGB,11.974136917679399,11.83920024210564,0.29790355541087965,0.0,11.971347523384354,5.5592980146877355
4cam_auth/4cam_auth/canonxt_11_sub_06.tif,0,jpeg95_secondary,rgb,1152,768,uint8,RGB,115.89115246431327,22.779957567334908,6.028163580246913e-06,0.0,115.89344175170068,22.262468381638655
4cam_auth/4cam_auth/canonxt_11_sub_06.tif,0,jpeg95_secondary,ela,1152,768,uint8,RGB,9.537323374807098,9.259891135518684,0.3395235038097994,0.0,9.53372794430272,3.601285875876382
4cam_auth/4cam_auth/canonxt_11_sub_07.tif,0,jpeg95_secondary,rgb,1152,768,uint8,RGB,95.91303168402777,43.82537488883085,0.0018984947675540122,0.0,95.91749707695578,43.52917014196982
4cam_auth/4cam_auth/canonxt_11_sub_07.tif,0,jpeg95_secondary,ela,1152,768,uint8,RGB,10.467431339216821,10.69107379739668,0.3270241066261574,0.0,10.465654230442176,5.007931390248873
4cam_auth/4cam_auth/canonxt_11_sub_08.tif,0,jpeg95_secondary,rgb,1152,768,uint8,RGB,117.93618171597704,40.65192674288207,0.0010451328607253086,0.0,117.93905452806122,39.965167464673314
4cam_auth/4cam_auth/canonxt_11_sub_08.tif,0,jpeg95_secondary,ela,1152,768,uint8,RGB,12.327036916473766,12.06969673149797,0.28640332634066357,0.0,12.322265625,5.563394991327543
4cam_auth/4cam_auth/canonxt_11_sub_09.tif,0,jpeg95_secondary,rgb,1152,768,uint8,RGB,122.69135840145158,12.332239022052006,0.0,0.0,122.69822890093538,12.223778707485204
4cam_auth/4cam_auth/canonxt_11_sub_09.tif,0,jpeg95_secondary,ela,1152,768,uint8,RGB,8.233985429928627,7.797321682212411,0.3702592261043596,0.0,8.22983099489796,2.271683660880349
4cam_auth/4cam_auth/canonxt_14_sub_01.tif,0,jpeg95_secondary,rgb,768,1152,uint8,RGB,177.41090374228395,21.344940670462016,3.7676022376543208e-06,0.0,177.41690582482994,21.205288950087247
4cam_auth/4cam_auth/canonxt_14_sub_01.tif,0,jpeg95_secondary,ela,768,1152,uint8,RGB,6.582969382957176,7.360212973218301,0.46228856216242287,0.0,6.582296981292517,3.1502661682006483
4cam_auth/4cam_auth/canonxt_14_sub_02.tif,0,jpeg95_secondary,rgb,768,1152,uint8,RGB,170.96802963445217,44.879708551042675,4.521122685185185e-06,0.0,170.97305484693877,44.65145249921338
4cam_auth/4cam_auth/canonxt_14_sub_02.tif,0,jpeg95_secondary,ela,768,1152,uint8,RGB,7.555191605179398,8.454292154225097,0.4305216471354167,0.0,7.550967261904762,4.07083702623506
4cam_auth/4cam_auth/canonxt_14_sub_03.tif,0,jpeg95_secondary,rgb,768,1152,uint8,RGB,186.24798282576197,37.56130072836379,9.833441840277778e-05,0.0,186.25325520833334,37.4559535649904
4cam_auth/4cam_auth/canonxt_14_sub_03.tif,0,jpeg95_secondary,ela,768,1152,uint8,RGB,7.086912555459105,7.651386130028335,0.43595076195987653,0.0,7.083605707908164,3.164997877261715
4cam_auth/4cam_auth/canonxt_14_sub_04.tif,0,jpeg95_secondary,rgb,768,1152,uint8,RGB,136.7635452835648,63.82120826899226,0.012948872130594136,0.0,136.76699351615648,63.60524028151536
4cam_auth/4cam_auth/canonxt_14_sub_04.tif,0,jpeg95_secondary,ela,768,1152,uint8,RGB,8.540543921199845,9.230347532606102,0.396844181013696,0.0,8.53765412414966,4.431553048061691
4cam_auth/4cam_auth/canonxt_14_sub_05.tif,0,jpeg95_secondary,rgb,768,1152,uint8,RGB,121.75628699785398,66.76529344196602,0.004065619574652778,0.0,121.7618715454932,66.37154236477178
4cam_auth/4cam_auth/canonxt_14_sub_05.tif,0,jpeg95_secondary,ela,768,1152,uint8,RGB,10.346649546682098,10.179043427205844,0.33062254352334103,0.0,10.34245455994898,4.42997515337154
4cam_auth/4cam_auth/canonxt_14_sub_06.tif,0,jpeg95_secondary,rgb,768,1152,uint8,RGB,129.82838270399304,74.54258625822982,0.00810448917341821,0.0,129.82967952806123,74.29189719485557
4cam_auth/4cam_auth/canonxt_14_sub_06.tif,0,jpeg95_secondary,ela,768,1152,uint8,RGB,9.241849169319059,9.392491091200522,0.36144642771026236,0.0,9.238746279761905,4.108701774700089
4cam_auth/4cam_auth/canonxt_14_sub_07.tif,0,jpeg95_secondary,rgb,768,1152,uint8,RGB,42.29016942153742,35.41268300491632,0.1354302300347222,0.0,42.28408003826531,35.07756095097127
4cam_auth/4cam_auth/canonxt_14_sub_07.tif,0,jpeg95_secondary,ela,768,1152,uint8,RGB,10.622611340181328,10.712651592397833,0.34551436812789355,0.0,10.616563031462585,4.885593747051311
4cam_auth/4cam_auth/canonxt_14_sub_08.tif,0,jpeg95_secondary,rgb,768,1152,uint8,RGB,110.55472216194059,57.97320654893043,0.018481972776813273,0.0,110.55523224914965,57.68990015711979
4cam_auth/4cam_auth/canonxt_14_sub_08.tif,0,jpeg95_secondary,ela,768,1152,uint8,RGB,10.309813699604552,9.82609628188164,0.32157992139274694,0.0,10.305670705782314,3.920376225837201
4cam_auth/4cam_auth/canonxt_14_sub_09.tif,0,jpeg95_secondary,rgb,768,1152,uint8,RGB,123.70851756908276,49.8190661666851,0.0009942702305169753,0.0,123.71192070578232,49.45337734615293
4cam_auth/4cam_auth/canonxt_14_sub_09.tif,0,jpeg95_secondary,ela,768,1152,uint8,RGB,9.711661633150078,9.339762088613838,0.3353829089506173,0.0,9.706838594812925,3.6690961680301646
4cam_auth/4cam_auth/canonxt_17_sub_01.tif,0,jpeg95_secondary,rgb,1152,768,uint8,RGB,66.95331413363233,46.5464280637259,0.015780601972415122,0.0007606788917824075,66.95687181122449,45.508021020755116
4cam_auth/4cam_auth/canonxt_17_sub_01.tif,0,jpeg95_secondary,ela,1152,768,uint8,RGB,12.469318531177661,13.981471770183347,0.30049943335262347,9.419005594135802e-06,12.464558088860544,7.714446284551297
4cam_auth/4cam_auth/canonxt_17_sub_02.tif,0,jpeg95_secondary,rgb,1152,768,uint8,RGB,85.65368765371817,63.957591540586215,0.019768985701195986,0.003014458550347222,85.65613042091837,62.94113540639854
4cam_auth/4cam_auth/canonxt_17_sub_02.tif,0,jpeg95_secondary,ela,1152,768,uint8,RGB,12.525446385513117,14.379638072394508,0.30840235580632713,3.0140817901234566e-06,12.520680537840136,8.247632889016538
4cam_auth/4cam_auth/canonxt_17_sub_03.tif,0,jpeg95_secondary,rgb,1152,768,uint8,RGB,41.306689227068865,43.34402839315349,0.17895922248746143,0.0,41.29941937712585,42.9374743063875
4cam_auth/4cam_auth/canonxt_17_sub_03.tif,0,jpeg95_secondary,ela,1152,768,uint8,RGB,9.926117320119598,11.731925971249066,0.39686301902488424,0.0,9.920493197278912,6.731163121139548
4cam_auth/4cam_auth/canonxt_17_sub_04.tif,0,jpeg95_secondary,rgb,1152,768,uint8,RGB,71.49378270278743,54.9955825535369,0.040803885754243825,0.0009882420669367284,71.4926525297619,53.06093412622099
4cam_auth/4cam_auth/canonxt_17_sub_04.tif,0,jpeg95_secondary,ela,1152,768,uint8,RGB,15.922094274450231,17.600625268829017,0.25825406298225306,2.0345052083333332e-05,15.916155133928571,9.864763970798943
4cam_auth/4cam_auth/canonxt_17_sub_05.tif,0,jpeg95_secondary,rgb,1152,768,uint8,RGB,89.65805920259452,63.19095998973757,0.027984242380401234,0.00011302806712962963,89.6619565795068,61.28270656745687
4cam_auth/4cam_auth/canonxt_17_sub_05.tif,0,jpeg95_secondary,ela,1152,768,uint8,RGB,14.949269235869984,17.140386917236054,0.2761852123119213,9.04224537037037e-06,14.944800967261905,9.819558246980838
4cam_auth/4cam_auth/canonxt_17_sub_06.tif,0,jpeg95_secondary,rgb,1152,768,uint8,RGB,71.7478995617525,56.99682425840065,0.06939245153356481,0.0,71.74804023171768,56.44666283189135
4cam_auth/4cam_auth/canonxt_17_sub_06.tif,0,jpeg95_secondary,ela,1152,768,uint8,RGB,10.177631142698688,10.959907881606707,0.3558244116512346,0.0,10.172785129676871,5.582946441876109
4cam_auth/4cam_auth/canonxt_17_sub_07.tif,0,jpeg95_secondary,rgb,1152,768,uint8,RGB,64.10189819335938,51.71632926493474,0.06393922405478394,0.00028143988715277775,64.10013419430273,50.72858157497303
4cam_auth/4cam_auth/canonxt_17_sub_07.tif,0,jpeg95_secondary,ela,1152,768,uint8,RGB,12.768417170018326,13.58092156089138,0.3032128604841821,3.767602237654321e-07,12.760928199404763,7.169221027697017
4cam_auth/4cam_auth/canonxt_17_sub_08.tif,0,jpeg95_secondary,rgb,1152,768,uint8,RGB,87.31403379087095,67.93456349544431,0.03411300094039352,0.0036353593991126543,87.31646603954081,66.82132346155983
4cam_auth/4cam_auth/canonxt_17_sub_08.tif,0,jpeg95_secondary,ela,1152,768,uint8,RGB,13.520681122202932,14.84097834406995,0.286956787109375,8.288724922839506e-06,13.51642219387755,8.198109154213878
4cam_auth/4cam_auth/canonxt_17_sub_09.tif,0,jpeg95_secondary,rgb,1152,768,uint8,RGB,89.4109885133343,62.61864314308682,0.012768780743634259,0.0,89.41346460459184,62.09319011835614
4cam_auth/4cam_auth/canonxt_17_sub_09.tif,0,jpeg95_secondary,ela,1152,768,uint8,RGB,10.475633409288195,10.872444279996996,0.3355603630160108,0.0,10.472390518707483,5.274251601619799
4cam_auth/4cam_auth/canonxt_20_sub_01.tif,0,jpeg95_secondary,rgb,1152,768,uint8,RGB,74.56544965579187,20.282016893135562,2.6373215663580245e-06,0.0,74.57130899234694,20.1770771164454
4cam_auth/4cam_auth/canonxt_20_sub_01.tif,0,jpeg95_secondary,ela,1152,768,uint8,RGB,8.808552306375386,8.449791300483838,0.3578762478298611,0.0,8.80482036564626,3.021233870873026
4cam_auth/4cam_auth/canonxt_20_sub_02.tif,0,jpeg95_secondary,rgb,1152,768,uint8,RGB,92.03197149582851,36.98969346945378,3.7676022376543208e-06,0.006010832609953704,92.03562792304422,36.534880761720345
4cam_auth/4cam_auth/canonxt_20_sub_02.tif,0,jpeg95_secondary,ela,1152,768,uint8,RGB,9.972347683376736,9.681125462130451,0.32932987919560186,1.8838011188271604e-06,9.969719919217686,4.025761061192014
4cam_auth/4cam_auth/canonxt_20_sub_03.tif,0,jpeg95_secondary,rgb,1152,768,uint8,RGB,96.03844009211033,50.4860328354328,0.0004117989245756173,0.001858181423611111,96.04160023384354,50.12029544069499
4cam_auth/4cam_auth/canonxt_20_sub_03.tif,0,jpeg95_secondary,ela,1152,768,uint8,RGB,9.676583372516397,9.957444795015334,0.34659077208719136,3.767602237654321e-07,9.672426392431973,4.6657108896747586
4cam_auth/4cam_auth/canonxt_20_sub_04.tif,0,jpeg95_secondary,rgb,1152,768,uint8,RGB,60.63247040171682,16.730583692898527,7.5352044753086416e-06,0.0,60.640345982142854,16.51455667049992
4cam_auth/4cam_auth/canonxt_20_sub_04.tif,0,jpeg95_secondary,ela,1152,768,uint8,RGB,8.145461847752701,8.049563257460616,0.3836089711130401,0.0,8.141256111819727,2.937460955665734
4cam_auth/4cam_auth/canonxt_20_sub_05.tif,0,jpeg95_secondary,rgb,1152,768,uint8,RGB,116.02002066153067,54.95400597595521,0.0004065242814429012,0.03798609604070216,116.03047273596938,54.30583344902332
4cam_auth/4cam_auth/canonxt_20_sub_05.tif,0,jpeg95_secondary,ela,1152,768,uint8,RGB,10.035694263599536,11.986890473764271,0.3596692497347608,1.0549286265432098e-05,10.033482142857142,6.616310026584184
4cam_auth/4cam_auth/canonxt_20_sub_06.tif,0,jpeg95_secondary,rgb,1152,768,uint8,RGB,123.79565693419657,50.730169360651296,7.346824363425926e-05,0.023056595413773147,123.79853582057824,50.036431667632414
4cam_auth/4cam_auth/canonxt_20_sub_06.tif,0,jpeg95_secondary,ela,1152,768,uint8,RGB,12.686769461926119,13.358761787145681,0.29302978515625,4.897882908950617e-06,12.68386612457483,6.953492063645878
4cam_auth/4cam_auth/canonxt_20_sub_07.tif,0,jpeg95_secondary,rgb,1152,768,uint8,RGB,62.089432327835645,16.50262758224978,0.001521357783564815,0.0,62.095098586309526,16.24582659642081
4cam_auth/4cam_auth/canonxt_20_sub_07.tif,0,jpeg95_secondary,ela,1152,768,uint8,RGB,8.547080711082176,8.321826698043118,0.3694322374131944,0.0,8.541998830782314,3.078383688273202
4cam_auth/4cam_auth/canonxt_20_sub_08.tif,0,jpeg95_secondary,rgb,1152,768,uint8,RGB,83.2454231168017,36.271807101012094,0.005790804639274691,3.202461902006173e-05,83.24811995110544,35.74884321096644
4cam_auth/4cam_auth/canonxt_20_sub_08.tif,0,jpeg95_secondary,ela,1152,768,uint8,RGB,10.720531322337964,10.375548676891965,0.3080271026234568,0.0,10.713408801020408,4.521029594783951
4cam_auth/4cam_auth/canonxt_20_sub_09.tif,0,jpeg95_secondary,rgb,1152,768,uint8,RGB,121.64261768482349,40.51626059049168,7.911964699074074e-06,0.0014136043595679012,121.6434550382653,40.1190365989643
4cam_auth/4cam_auth/canonxt_20_sub_09.tif,0,jpeg95_secondary,ela,1152,768,uint8,RGB,12.859619517385223,11.863100175407563,0.25978333273051696,3.767602237654321e-07,12.855408960459183,4.942274111696462
4cam_auth/4cam_auth/canonxt_23_sub_01.tif,0,jpeg95_secondary,rgb,1152,768,uint8,RGB,71.07609765323592,29.91023504270745,0.005931712962962963,0.0,71.07597921981292,28.665803493429028
4cam_auth/4cam_auth/canonxt_23_sub_01.tif,0,jpeg95_secondary,ela,1152,768,uint8,RGB,13.687288260754244,12.801230267738163,0.25323524004147374,0.0,13.68320843962585,5.607976577322655
4cam_auth/4cam_auth/canonxt_23_sub_02.tif,0,jpeg95_secondary,rgb,1152,768,uint8,RGB,149.73321834611303,72.39895731750127,0.0007531436873070988,0.17906772943190585,149.73778964710885,71.70335198279975
4cam_auth/4cam_auth/canonxt_23_sub_02.tif,0,jpeg95_secondary,ela,1152,768,uint8,RGB,11.265023313922647,15.3255784632312,0.4123132022810571,4.10668643904321e-05,11.262090773809524,9.670325046696565
4cam_auth/4cam_auth/canonxt_23_sub_03.tif,0,jpeg95_secondary,rgb,1152,768,uint8,RGB,56.656709647472994,39.50777335417694,0.0031263563368055555,0.023523024570794752,56.65953178146258,38.95596705963259
4cam_auth/4cam_auth/canonxt_23_sub_03.tif,0,jpeg95_secondary,ela,1152,768,uint8,RGB,9.920569525824654,10.983856155287855,0.35175841531635804,2.4489414544753087e-05,9.914819834183673,5.593093691257231
4cam_auth/4cam_auth/canonxt_23_sub_04.tif,0,jpeg95_secondary,rgb,1152,768,uint8,RGB,53.82202186113523,26.747098984245103,0.010957317587770061,0.0,53.82396630527211,25.55603579968503
4cam_auth/4cam_auth/canonxt_23_sub_04.tif,0,jpeg95_secondary,ela,1152,768,uint8,RGB,14.56106115270544,13.506166127091223,0.24064353660300927,3.767602237654321e-07,14.554660926870747,5.845864809940514
4cam_auth/4cam_auth/canonxt_23_sub_05.tif,0,jpeg95_secondary,rgb,1152,768,uint8,RGB,103.08962259174865,55.086784428147396,0.003240891444830247,0.0,103.09502551020408,53.886040759480025
4cam_auth/4cam_auth/canonxt_23_sub_05.tif,0,jpeg95_secondary,ela,1152,768,uint8,RGB,15.316384397907022,15.118200150234573,0.24479392722800927,0.0,15.31136399872449,7.4590433576339805
4cam_auth/4cam_auth/canonxt_23_sub_06.tif,0,jpeg95_secondary,rgb,1152,768,uint8,RGB,61.820385968243635,26.19455595050988,0.002089135440779321,0.0,61.822391847363946,25.365241549961823
4cam_auth/4cam_auth/canonxt_23_sub_06.tif,0,jpeg95_secondary,ela,1152,768,uint8,RGB,10.730036982783565,10.86136158373125,0.3220629279996142,0.0,10.725466358418368,5.226978889361138
4cam_auth/4cam_auth/canonxt_23_sub_07.tif,0,jpeg95_secondary,rgb,1152,768,uint8,RGB,95.66768693335263,52.06398421898954,0.01983416521990741,0.0,95.67052641369048,51.66911318544798
4cam_auth/4cam_auth/canonxt_23_sub_07.tif,0,jpeg95_secondary,ela,1152,768,uint8,RGB,12.394294267819252,12.249329574069973,0.2834265438126929,3.767602237654321e-07,12.389116974914966,5.876101975590375
4cam_auth/4cam_auth/canonxt_23_sub_08.tif,0,jpeg95_secondary,rgb,1152,768,uint8,RGB,79.14706044138214,49.66838807343279,0.016594404055748458,0.0,79.15161963222789,49.224616564387965
4cam_auth/4cam_auth/canonxt_23_sub_08.tif,0,jpeg95_secondary,ela,1152,768,uint8,RGB,12.466483410493828,11.851807285644977,0.27786669319058643,0.0,12.461183301445578,5.2462437427621635
4cam_auth/4cam_auth/canonxt_23_sub_09.tif,0,jpeg95_secondary,rgb,1152,768,uint8,RGB,53.16376109182099,29.27378609379492,0.002699487003279321,0.0,53.1661684204932,28.84348301560375
4cam_auth/4cam_auth/canonxt_23_sub_09.tif,0,jpeg95_secondary,ela,1152,768,uint8,RGB,10.467069649402006,9.825284083371727,0.3149523322964892,0.0,10.462658110119047,3.918024008461302
4cam_auth/4cam_auth/canonxt_26_sub_01.tif,0,jpeg95_secondary,rgb,1152,768,uint8,RGB,93.41883567527488,21.95929083831118,0.00021023220486111112,0.0,93.42586096938776,21.884806871269056
4cam_auth/4cam_auth/canonxt_26_sub_01.tif,0,jpeg95_secondary,ela,1152,768,uint8,RGB,8.073884940441744,7.81445294648728,0.38078213915412806,0.0,8.07076424319728,2.5154130256762723
4cam_auth/4cam_auth/canonxt_26_sub_02.tif,0,jpeg95_secondary,rgb,1152,768,uint8,RGB,103.3268613462095,45.41369667651797,7.87428867669753e-05,0.002041286892361111,103.33049665178571,45.01762347426346
4cam_auth/4cam_auth/canonxt_26_sub_02.tif,0,jpeg95_secondary,ela,1152,768,uint8,RGB,9.214454933449074,10.468730899453703,0.36458446361400465,4.219714506172839e-05,9.210977359693878,5.328564509853417
4cam_auth/4cam_auth/canonxt_26_sub_03.tif,0,jpeg95_secondary,rgb,1152,768,uint8,RGB,195.593014187283,44.89040488336667,9.569709683641976e-05,0.0026037899064429012,195.60220025510205,44.30642230114518
4cam_auth/4cam_auth/canonxt_26_sub_03.tif,0,jpeg95_secondary,ela,1152,768,uint8,RGB,7.740887300467786,10.824465435760784,0.4620383933738426,2.7503496334876543e-05,7.737583705357143,6.5222808363162885
4cam_auth/4cam_auth/canonxt_26_sub_04.tif,0,jpeg95_secondary,rgb,1152,768,uint8,RGB,113.50424005955826,37.4960512760459,0.0013307171103395061,3.0140817901234566e-06,113.51017086522108,36.98762189209956
4cam_auth/4cam_auth/canonxt_26_sub_04.tif,0,jpeg95_secondary,ela,1152,768,uint8,RGB,9.134336871865354,9.65809060165359,0.3622636206356096,0.0,9.131324404761905,4.59768546078265
4cam_auth/4cam_auth/canonxt_26_sub_05.tif,0,jpeg95_secondary,rgb,1152,768,uint8,RGB,111.73496538327063,48.10539137815178,0.0009079921392746913,0.0,111.73833439625851,47.675649037310706
4cam_auth/4cam_auth/canonxt_26_sub_05.tif,0,jpeg95_secondary,ela,1152,768,uint8,RGB,8.899110393759646,9.203262215525701,0.36958369502314814,0.0,8.896464445153061,4.1034754899707515
4cam_auth/4cam_auth/canonxt_26_sub_06.tif,0,jpeg95_secondary,rgb,1152,768,uint8,RGB,131.5437056929977,53.69823305824944,6.028163580246913e-06,0.0,131.54644318664967,53.423918274654646
4cam_auth/4cam_auth/canonxt_26_sub_06.tif,0,jpeg95_secondary,ela,1152,768,uint8,RGB,9.699993369020062,10.655938134667247,0.3610885054976852,0.0,9.696408641581632,5.464737460483225
4cam_auth/4cam_auth/canonxt_26_sub_07.tif,0,jpeg95_secondary,rgb,1152,768,uint8,RGB,99.41307463469329,46.998366783203174,0.00014995056905864196,0.0,99.41782259778911,46.913266372242745
4cam_auth/4cam_auth/canonxt_26_sub_07.tif,0,jpeg95_secondary,ela,1152,768,uint8,RGB,8.152774763695987,8.023585518974468,0.3819259831934799,0.0,8.150091677295919,2.810942949019277
4cam_auth/4cam_auth/canonxt_26_sub_08.tif,0,jpeg95_secondary,rgb,1152,768,uint8,RGB,91.25414473922164,46.256077744655414,0.0022500120563271604,0.0,91.25864291028911,46.13036294186404
4cam_auth/4cam_auth/canonxt_26_sub_08.tif,0,jpeg95_secondary,ela,1152,768,uint8,RGB,8.561405134789737,8.443018878118854,0.3711645809220679,0.0,8.557099011479592,3.183213356172543
4cam_auth/4cam_auth/canonxt_26_sub_09.tif,0,jpeg95_secondary,rgb,1152,768,uint8,RGB,158.97691665461033,21.097766783346437,0.0,0.0,158.98131909013605,20.975564994331613
4cam_auth/4cam_auth/canonxt_26_sub_09.tif,0,jpeg95_secondary,ela,1152,768,uint8,RGB,8.199259440104166,8.223805695249753,0.3865996937692901,0.0,8.19563137755102,3.199834253281134
4cam_auth/4cam_auth/canonxt_29_sub_01.tif,0,jpeg95_secondary,rgb,1152,768,uint8,RGB,103.37640569239487,42.98503884887672,0.00034661940586419755,0.01866281768422068,103.38192894345238,42.622110952767144
4cam_auth/4cam_auth/canonxt_29_sub_01.tif,0,jpeg95_secondary,ela,1152,768,uint8,RGB,10.18768310546875,11.340033811624929,0.34062929506655093,1.657744984567901e-05,10.184643388605442,5.7557888853174255
4cam_auth/4cam_auth/canonxt_29_sub_02.tif,0,jpeg95_secondary,rgb,1152,768,uint8,RGB,137.04950440960167,42.92811664424611,0.006252335913387345,0.0006193938078703704,137.0503693664966,42.129901321696664
4cam_auth/4cam_auth/canonxt_29_sub_02.tif,0,jpeg95_secondary,ela,1152,768,uint8,RGB,17.53040266625675,16.383606906538297,0.20715595763406636,1.8838011188271604e-06,17.526832217261905,7.600659205588536
4cam_auth/4cam_auth/canonxt_29_sub_03.tif,0,jpeg95_secondary,rgb,1152,768,uint8,RGB,92.81259268301504,44.099605236163235,0.03274197048611111,1.5070408950617283e-06,92.80986261692176,43.9012591940066
4cam_auth/4cam_auth/canonxt_29_sub_03.tif,0,jpeg95_secondary,ela,1152,768,uint8,RGB,10.745148835358796,10.383803403637483,0.31689415448977626,0.0,10.73978263180272,4.510315738475995
4cam_auth/4cam_auth/canonxt_29_sub_04.tif,0,jpeg95_secondary,rgb,1152,768,uint8,RGB,99.65587663061825,38.46901219884362,0.009582896291473766,0.0,99.65848214285714,38.166681106374725
4cam_auth/4cam_auth/canonxt_29_sub_04.tif,0,jpeg95_secondary,ela,1152,768,uint8,RGB,11.000874837239584,10.714588141715065,0.30701813874421297,0.0,10.994379783163266,4.699633704325197
4cam_auth/4cam_auth/canonxt_29_sub_05.tif,0,jpeg95_secondary,rgb,1152,768,uint8,RGB,103.10763700508777,48.43247289659813,0.03744544511959876,5.6514033564814815e-05,103.10621279761905,47.65083183135445
4cam_auth/4cam_auth/canonxt_29_sub_05.tif,0,jpeg95_secondary,ela,1152,768,uint8,RGB,13.478195755570024,13.748956349957698,0.2824601538387346,1.8838011188271604e-06,13.474649234693878,7.112847703222853
4cam_auth/4cam_auth/canonxt_29_sub_06.tif,0,jpeg95_secondary,rgb,1152,768,uint8,RGB,61.64990422755112,36.61803855082631,0.06190773292824074,0.0,61.64741443452381,36.516872119102636
4cam_auth/4cam_auth/canonxt_29_sub_06.tif,0,jpeg95_secondary,ela,1152,768,uint8,RGB,10.294204523533951,10.235149181510575,0.33972959165219907,0.0,10.288803411989797,4.518651005203333
4cam_auth/4cam_auth/canonxt_29_sub_07.tif,0,jpeg95_secondary,rgb,1152,768,uint8,RGB,59.79472859700521,26.715917842376985,0.006888307171103395,0.0,59.79732009991496,26.60993756282551
4cam_auth/4cam_auth/canonxt_29_sub_07.tif,0,jpeg95_secondary,ela,1152,768,uint8,RGB,8.655470859857253,8.547108643550056,0.37057570469232254,0.0,8.649480495323129,3.372186543233973
4cam_auth/4cam_auth/canonxt_29_sub_08.tif,0,jpeg95_secondary,rgb,1152,768,uint8,RGB,73.83242571795428,39.438767459843504,0.03371928650655864,0.0,73.83328683035714,39.310968389035885
4cam_auth/4cam_auth/canonxt_29_sub_08.tif,0,jpeg95_secondary,ela,1152,768,uint8,RGB,9.80205394603588,9.708375810889912,0.3443690170476466,0.0,9.79741974914966,4.23118248552446
4cam_auth/4cam_auth/canonxt_29_sub_09.tif,0,jpeg95_secondary,rgb,1152,768,uint8,RGB,49.04589466989776,33.29972865384314,0.14380447952835648,0.0,49.036890146683675,33.25255932831049
4cam_auth/4cam_auth/canonxt_29_sub_09.tif,0,jpeg95_secondary,ela,1152,768,uint8,RGB,7.728233808352623,8.790249630981096,0.4470836498119213,0.0,7.722795758928571,4.334869778855343
4cam_auth/4cam_auth/canonxt_32_sub_01.tif,0,jpeg95_secondary,rgb,768,1152,uint8,RGB,105.06241824303144,49.25467191924088,7.987316743827161e-05,6.103515625e-05,105.06318425807824,48.278206226742675
4cam_auth/4cam_auth/canonxt_32_sub_01.tif,0,jpeg95_secondary,ela,768,1152,uint8,RGB,14.81164437753183,14.004120093401152,0.23987984362943673,3.767602237654321e-07,14.80680006377551,6.401189701002016
4cam_auth/4cam_auth/canonxt_32_sub_02.tif,0,jpeg95_secondary,rgb,768,1152,uint8,RGB,144.9121331108941,61.3234097441387,0.00026373215663580245,0.1308865017361111,144.9137635522959,60.18667523752339
4cam_auth/4cam_auth/canonxt_32_sub_02.tif,0,jpeg95_secondary,ela,768,1152,uint8,RGB,14.300863006968557,16.653438466343136,0.32520435474537035,5.3123191550925925e-05,14.296097735969388,9.743873182570455
4cam_auth/4cam_auth/canonxt_32_sub_03.tif,0,jpeg95_secondary,rgb,768,1152,uint8,RGB,129.41069577064044,54.99774558515861,0.0013284565489969137,0.09345235942322531,129.41751036352042,53.544993460748266
4cam_auth/4cam_auth/canonxt_32_sub_03.tif,0,jpeg95_secondary,ela,768,1152,uint8,RGB,16.727483301986883,16.94910278004026,0.2654825846354167,3.0894338348765434e-05,16.722941911139454,8.700168742470158
4cam_auth/4cam_auth/canonxt_32_sub_04.tif,0,jpeg95_secondary,rgb,768,1152,uint8,RGB,92.76004857192805,46.3728425923195,0.010128445095486112,0.0015699598524305555,92.76208413052721,44.421347517464724
4cam_auth/4cam_auth/canonxt_32_sub_04.tif,0,jpeg95_secondary,ela,768,1152,uint8,RGB,16.23736346209491,17.54414771953513,0.24126029308931327,3.0894338348765434e-05,16.2330397002551,9.67213719050053
4cam_auth/4cam_auth/canonxt_32_sub_05.tif,0,jpeg95_secondary,rgb,768,1152,uint8,RGB,117.24370584370178,61.33254170743819,0.0013691466531635802,0.08221134138695987,117.24663849914965,60.100741148030565
4cam_auth/4cam_auth/canonxt_32_sub_05.tif,0,jpeg95_secondary,ela,768,1152,uint8,RGB,14.313363911193093,15.777384314537285,0.3013154959972994,1.8461250964506174e-05,14.308680112670068,8.864142606334804
4cam_auth/4cam_auth/canonxt_32_sub_06.tif,0,jpeg95_secondary,rgb,768,1152,uint8,RGB,103.08649548189139,61.34165695895608,0.009106294608410493,0.043519196686921294,103.09008955144557,60.01793071163241
4cam_auth/4cam_auth/canonxt_32_sub_06.tif,0,jpeg95_secondary,ela,768,1152,uint8,RGB,15.276285807291666,15.681906453175024,0.2623648937837577,2.6373215663580245e-05,15.271716889880953,8.306511699206192
4cam_auth/4cam_auth/canonxt_32_sub_07.tif,0,jpeg95_secondary,rgb,768,1152,uint8,RGB,88.77906366042149,46.57105324124158,0.0017658751687885802,5.839783468364198e-05,88.78148915816327,45.52456947689036
4cam_auth/4cam_auth/canonxt_32_sub_07.tif,0,jpeg95_secondary,ela,768,1152,uint8,RGB,15.077718098958334,15.308259009422128,0.248046875,6.781684027777777e-06,15.07583306760204,7.859841834506602
4cam_auth/4cam_auth/canonxt_32_sub_08.tif,0,jpeg95_secondary,rgb,768,1152,uint8,RGB,90.34194569528839,48.29830795687725,0.005698875144675926,0.0,90.34523145195578,47.561707224212846
4cam_auth/4cam_auth/canonxt_32_sub_08.tif,0,jpeg95_secondary,ela,768,1152,uint8,RGB,13.016334816261574,12.603656760215793,0.27378939404899694,0.0,13.010994632227892,5.837324468973125
4cam_auth/4cam_auth/canonxt_32_sub_09.tif,0,jpeg95_secondary,rgb,768,1152,uint8,RGB,87.62722966700424,49.43078820661362,0.0051446608555169755,0.0,87.62933142006803,48.79208798913575
4cam_auth/4cam_auth/canonxt_32_sub_09.tif,0,jpeg95_secondary,ela,768,1152,uint8,RGB,12.617820457175926,11.950756921472415,0.2754234031394676,0.0,12.611427774234693,5.307655242596146
4cam_auth/4cam_auth/canonxt_35_sub_01.tif,0,jpeg95_secondary,rgb,1152,768,uint8,RGB,149.83110592689044,68.9078398480588,4.219714506172839e-05,0.12921067226080246,149.8376315369898,67.55564563118251
4cam_auth/4cam_auth/canonxt_35_sub_01.tif,0,jpeg95_secondary,ela,1152,768,uint8,RGB,13.998929247444059,18.315882793325578,0.3479934504002701,0.00012056327160493826,13.994599011479592,11.479531626831072
4cam_auth/4cam_auth/canonxt_35_sub_02.tif,0,jpeg95_secondary,rgb,1152,768,uint8,RGB,185.3293694390191,76.91011450026902,1.4316888503086419e-05,0.4566510989342207,185.3367612670068,76.13802595409064
4cam_auth/4cam_auth/canonxt_35_sub_02.tif,0,jpeg95_secondary,ela,1152,768,uint8,RGB,8.711598714192709,17.045411938370542,0.5877930441020448,0.0004328974971064815,8.709655346513605,11.550141482905483
4cam_auth/4cam_auth/canonxt_35_sub_03.tif,0,jpeg95_secondary,rgb,1152,768,uint8,RGB,221.9664562837577,61.28401095211025,7.5352044753086416e-06,0.7133932231385031,221.97096885629253,60.77570374409336
4cam_auth/4cam_auth/canonxt_35_sub_03.tif,0,jpeg95_secondary,ela,1152,768,uint8,RGB,5.08209228515625,14.378125956330418,0.7768901306905864,0.0002795560860339506,5.0809218218537415,10.433568756914456
4cam_auth/4cam_auth/canonxt_35_sub_04.tif,0,jpeg95_secondary,rgb,1152,768,uint8,RGB,93.3768152307581,41.76263384916852,0.0025612160011574073,1.7330970293209876e-05,93.38139748086735,39.731401861504715
4cam_auth/4cam_auth/canonxt_35_sub_04.tif,0,jpeg95_secondary,ela,1152,768,uint8,RGB,16.230589313271604,15.69657242817333,0.22405591423128857,1.5070408950617283e-06,16.226077540391156,7.689885315887097
4cam_auth/4cam_auth/canonxt_35_sub_05.tif,0,jpeg95_secondary,rgb,1152,768,uint8,RGB,103.77381501374421,43.428912269088684,0.0005986719955632716,0.0008917914496527778,103.77280638818027,40.7839006460688
4cam_auth/4cam_auth/canonxt_35_sub_05.tif,0,jpeg95_secondary,ela,1152,768,uint8,RGB,15.828512686270255,15.08182562991923,0.2242974175347222,3.3908420138888887e-06,15.824132387329932,7.213043037002279
4cam_auth/4cam_auth/canonxt_35_sub_06.tif,0,jpeg95_secondary,rgb,1152,768,uint8,RGB,109.69840042679398,55.23712199782177,0.00034247504340277775,0.032307565948109566,109.69785687712584,53.81893612876442
4cam_auth/4cam_auth/canonxt_35_sub_06.tif,0,jpeg95_secondary,ela,1152,768,uint8,RGB,17.556630829234184,17.796109473658763,0.2279519917052469,9.795765817901234e-06,17.553405346513607,9.243425005965188
4cam_auth/4cam_auth/canonxt_35_sub_07.tif,0,jpeg95_secondary,rgb,1152,768,uint8,RGB,140.71427446530188,63.518093654504995,0.00042536229263117286,0.001043625819830247,140.71755420918367,63.03564185878946
4cam_auth/4cam_auth/canonxt_35_sub_07.tif,0,jpeg95_secondary,ela,1152,768,uint8,RGB,12.252786895375193,13.684442111719697,0.3022291395399306,1.8838011188271604e-06,12.24659199617347,7.800947986343549
4cam_auth/4cam_auth/canonxt_35_sub_08.tif,0,jpeg95_secondary,rgb,1152,768,uint8,RGB,142.19429562415607,61.97447085091699,3.390842013888889e-05,0.0031674232011959878,142.19084821428572,61.336833520013286
4cam_auth/4cam_auth/canonxt_35_sub_08.tif,0,jpeg95_secondary,ela,1152,768,uint8,RGB,12.749032856505593,13.766795892135013,0.2888816550925926,3.767602237654321e-07,12.744114051870747,7.620309395372989
4cam_auth/4cam_auth/canonxt_35_sub_09.tif,0,jpeg95_secondary,rgb,1152,768,uint8,RGB,165.2109107500241,56.34953527210758,9.343653549382716e-05,0.0006815592447916666,165.21470424107142,55.70825287693328
4cam_auth/4cam_auth/canonxt_35_sub_09.tif,0,jpeg95_secondary,ela,1152,768,uint8,RGB,11.757262430073302,12.424678454706825,0.30878288363233025,6.028163580246913e-06,11.752849968112244,6.565129594113371
4cam_auth/4cam_auth/canonxt_38_sub_01.tif,0,jpeg95_secondary,rgb,768,1152,uint8,RGB,54.43443505557967,37.54667520556528,0.004314281322337963,0.0,54.43502205569728,37.04611016124822
4cam_auth/4cam_auth/canonxt_38_sub_01.tif,0,jpeg95_secondary,ela,768,1152,uint8,RGB,12.042319215374228,11.254880389814257,0.28203215422453703,0.0,12.036272321428571,4.723840111459125
4cam_auth/4cam_auth/canonxt_38_sub_02.tif,0,jpeg95_secondary,rgb,768,1152,uint8,RGB,154.62531534830728,58.148075975857715,0.003177218967013889,0.0,154.6295705782313,58.01818284056921
4cam_auth/4cam_auth/canonxt_38_sub_02.tif,0,jpeg95_secondary,ela,768,1152,uint8,RGB,8.192127369068286,8.860365932501429,0.39661435727719907,0.0,8.190303465136054,4.128318347223377
4cam_auth/4cam_auth/canonxt_38_sub_03.tif,0,jpeg95_secondary,rgb,768,1152,uint8,RGB,128.10064358181424,76.37774738770938,0.006688247492283951,0.0,128.10240619685374,76.11660838068512
4cam_auth/4cam_auth/canonxt_38_sub_03.tif,0,jpeg95_secondary,ela,768,1152,uint8,RGB,9.394924964433836,10.23693462504884,0.36665287724247686,3.767602237654321e-07,9.394298735119047,5.214448909897296
4cam_auth/4cam_auth/canonxt_38_sub_04.tif,0,jpeg95_secondary,rgb,768,1152,uint8,RGB,35.162257065007715,28.12708121829678,0.023837242597415122,0.0,35.16072757227891,27.57554285707981
4cam_auth/4cam_auth/canonxt_38_sub_04.tif,0,jpeg95_secondary,ela,768,1152,uint8,RGB,12.84084743923611,11.947425523722124,0.2718287338445216,0.0,12.834874574829932,5.066889973778528
4cam_auth/4cam_auth/canonxt_38_sub_05.tif,0,jpeg95_secondary,rgb,768,1152,uint8,RGB,109.30669638551312,67.60773613352475,0.009472128785686729,0.0,109.30790949192176,67.28518753145575
4cam_auth/4cam_auth/canonxt_38_sub_05.tif,0,jpeg95_secondary,ela,768,1152,uint8,RGB,10.398947633342978,11.079943848461468,0.3420387550636574,0.0,10.39587319302721,5.689020548560816
4cam_auth/4cam_auth/canonxt_38_sub_06.tif,0,jpeg95_secondary,rgb,768,1152,uint8,RGB,82.8026330264998,69.39741096521665,0.009822139033564815,0.0,82.80400988520408,69.05172320935246
4cam_auth/4cam_auth/canonxt_38_sub_06.tif,0,jpeg95_secondary,ela,768,1152,uint8,RGB,11.83679086190683,11.815034240350975,0.3032640998746142,3.767602237654321e-07,11.832835087159864,5.735486983753839
4cam_auth/4cam_auth/canonxt_38_sub_07.tif,0,jpeg95_secondary,rgb,768,1152,uint8,RGB,25.77179181134259,25.48372943176888,0.1615001537181713,0.0,25.76113414115646,25.2275635392687
4cam_auth/4cam_auth/canonxt_38_sub_07.tif,0,jpeg95_secondary,ela,768,1152,uint8,RGB,9.404944902584877,10.355236434187812,0.3982020248601466,0.0,9.399500425170068,5.287343927634976
4cam_auth/4cam_auth/canonxt_38_sub_08.tif,0,jpeg95_secondary,rgb,768,1152,uint8,RGB,65.30769819094812,59.14355191530217,0.025562050901813273,0.0,65.30850074404762,58.46046000728793
4cam_auth/4cam_auth/canonxt_38_sub_08.tif,0,jpeg95_secondary,ela,768,1152,uint8,RGB,13.06998735592689,13.428180256398598,0.28294089988425924,2.6373215663580245e-06,13.063868516156463,6.861114789360402
4cam_auth/4cam_auth/canonxt_38_sub_09.tif,0,jpeg95_secondary,rgb,768,1152,uint8,RGB,75.04549643434125,68.7853547775182,0.024987491560570986,0.0,75.04662919855443,68.29469138265141
4cam_auth/4cam_auth/canonxt_38_sub_09.tif,0,jpeg95_secondary,ela,768,1152,uint8,RGB,12.631312240788967,12.98933159456124,0.2911395791136188,7.535204475308642e-07,12.625949989370747,6.626335598384857
4cam_auth/4cam_auth/kodakdcs330_01_sub_01.tif,0,jpeg95_secondary,rgb,747,625,uint8,RGB,126.23206639892905,59.31543654160266,0.0029022757697456493,2.14190093708166e-06,126.23394318664965,58.510982795473005
4cam_auth/4cam_auth/kodakdcs330_01_sub_01.tif,0,jpeg95_secondary,ela,747,625,uint8,RGB,15.86318607764391,15.772816114442323,0.23698348951361,3.5698348951361e-06,15.865911989795919,8.397785236141505
4cam_auth/4cam_auth/kodakdcs330_02_sub_01.tif,0,jpeg95_secondary,rgb,914,784,uint8,RGB,67.96712467809881,49.298646373131874,0.008339194539960404,0.00024142589201982763,67.96964684311224,47.091036628400026
4cam_auth/4cam_auth/kodakdcs330_02_sub_01.tif,0,jpeg95_secondary,ela,914,784,uint8,RGB,20.721728516351835,19.83037353273355,0.18367951666443383,6.326381756203575e-05,20.72197863520408,9.552432622199929
4cam_auth/4cam_auth/kodakdcs330_03_sub_01.tif,0,jpeg95_secondary,rgb,947,773,uint8,RGB,110.67480020199508,61.56213463094031,0.0039201436369042655,3.824974625391547e-05,110.69529257015306,59.65773183983596
4cam_auth/4cam_auth/kodakdcs330_03_sub_01.tif,0,jpeg95_secondary,ela,947,773,uint8,RGB,16.75785360638188,18.432843645297726,0.2374585229314059,3.961580862012674e-05,16.760908269557824,10.54592142282214
4cam_auth/4cam_auth/nikond70_02_sub_01.tif,0,jpeg95_secondary,rgb,1002,666,uint8,RGB,145.88482744221267,46.7449750779065,0.002147856439273605,4.495513477549406e-06,145.88563589498298,45.61613435887357
4cam_auth/4cam_auth/nikond70_02_sub_01.tif,0,jpeg95_secondary,ela,1002,666,uint8,RGB,14.199054343764923,15.954808805268623,0.29951558344771917,9.99002995010979e-07,14.198135894982993,9.572781086743879
4cam_auth/4cam_auth/nikond70_02_sub_02.tif,0,jpeg95_secondary,rgb,1002,666,uint8,RGB,146.82628786471102,52.628304433335366,8.491525457593322e-06,4.495513477549406e-06,146.82496944090136,51.610332474617344
4cam_auth/4cam_auth/nikond70_02_sub_02.tif,0,jpeg95_secondary,ela,1002,666,uint8,RGB,15.22925120729512,15.23210059637701,0.262421103738469,0.0,15.230428890306122,7.915050300235229
4cam_auth/4cam_auth/nikond70_02_sub_03.tif,0,jpeg95_secondary,rgb,1002,666,uint8,RGB,146.54202405998814,46.885122964433116,0.0,0.0,146.54152051445578,46.45318633333637
4cam_auth/4cam_auth/nikond70_02_sub_03.tif,0,jpeg95_secondary,ela,1002,666,uint8,RGB,10.42768317219415,10.532274095233664,0.3406195616774459,0.0,10.429288903061224,5.19501018159331
4cam_auth/4cam_auth/nikond70_02_sub_04.tif,0,jpeg95_secondary,rgb,1002,666,uint8,RGB,106.68496590402778,56.360500813340536,0.012546978115840391,0.00023476570382758007,106.68541400935374,54.66197503780613
4cam_auth/4cam_auth/nikond70_02_sub_04.tif,0,jpeg95_secondary,ela,1002,666,uint8,RGB,20.529923636211063,20.56999294656565,0.20430160699621777,1.5484546422670176e-05,20.5277024872449,11.035353236307918
4cam_auth/4cam_auth/nikond70_02_sub_05.tif,0,jpeg95_secondary,rgb,1002,666,uint8,RGB,104.83523543503584,65.08646922031069,4.5954137770505034e-05,0.0,104.83323368409864,64.57115915531695
4cam_auth/4cam_auth/nikond70_02_sub_05.tif,0,jpeg95_secondary,ela,1002,666,uint8,RGB,14.782856709004413,15.077759865755421,0.2520399641158124,9.99002995010979e-07,14.782286352040817,8.356776822344766
4cam_auth/4cam_auth/nikond70_02_sub_06.tif,0,jpeg95_secondary,rgb,1002,666,uint8,RGB,156.4311626996258,37.14416797238899,0.0,0.0,156.43140811011904,36.84279117210885
4cam_auth/4cam_auth/nikond70_02_sub_06.tif,0,jpeg95_secondary,ela,1002,666,uint8,RGB,9.089518660376944,9.063129722791654,0.36877746009482537,0.0,9.092627285289115,4.140534147188038
4cam_auth/4cam_auth/nikond70_02_sub_07.tif,0,jpeg95_secondary,rgb,1002,666,uint8,RGB,151.84988881096666,68.0788350577136,0.020535006063948178,0.0001093908279537022,151.84834050807822,66.9319412345376
4cam_auth/4cam_auth/nikond70_02_sub_07.tif,0,jpeg95_secondary,ela,1002,666,uint8,RGB,17.994426562290833,18.917635283906538,0.2580824337311363,9.99002995010979e-07,17.993722098214285,10.447782735344997
4cam_auth/4cam_auth/nikond70_02_sub_08.tif,0,jpeg95_secondary,rgb,1002,666,uint8,RGB,217.3680821540103,53.7829036989039,0.0,1.048953144761528e-05,217.3659119897959,53.60459362591257
4cam_auth/4cam_auth/nikond70_02_sub_08.tif,0,jpeg95_secondary,ela,1002,666,uint8,RGB,7.753926581271891,8.800640492091892,0.44131656606706504,0.0,7.752630739795919,4.611509153861337
4cam_auth/4cam_auth/nikond70_02_sub_09.tif,0,jpeg95_secondary,rgb,1002,666,uint8,RGB,181.18130405854956,22.867155093374294,4.995014975054895e-07,0.0,181.1929076318027,22.384225112386332
4cam_auth/4cam_auth/nikond70_02_sub_09.tif,0,jpeg95_secondary,ela,1002,666,uint8,RGB,7.980070889252526,8.195061910232075,0.4020962079844315,0.0,7.980428890306122,3.6106241520800415
4cam_auth/4cam_auth/nikond70_05_sub_01.tif,0,jpeg95_secondary,rgb,1002,666,uint8,RGB,119.4028214841588,47.39356655244489,2.997008985032937e-06,0.0,119.40391156462584,47.28548473304052
4cam_auth/4cam_auth/nikond70_05_sub_01.tif,0,jpeg95_secondary,ela,1002,666,uint8,RGB,9.354044663425901,9.287095758741502,0.3608643573713434,0.0,9.355508609693878,4.352129324519791
4cam_auth/4cam_auth/nikond70_05_sub_02.tif,0,jpeg95_secondary,rgb,1002,666,uint8,RGB,92.0224855594117,44.97331559911147,0.0003256749763735792,0.0237308166449883,92.01802986819727,44.0659463862828
4cam_auth/4cam_auth/nikond70_05_sub_02.tif,0,jpeg95_secondary,ela,1002,666,uint8,RGB,12.363376350402298,12.462100926332683,0.29007500514486545,2.997008985032937e-06,12.36398543792517,6.255145223681523
4cam_auth/4cam_auth/nikond70_05_sub_03.tif,0,jpeg95_secondary,rgb,1002,666,uint8,RGB,122.2604720488952,36.049712675433824,0.00014985044925164685,0.0007327686968405531,122.26167224702381,35.00230457289383
4cam_auth/4cam_auth/nikond70_05_sub_03.tif,0,jpeg95_secondary,ela,1002,666,uint8,RGB,11.741072409735084,11.876265322353602,0.30485825146503787,0.0,11.739995216836734,6.111172836665887
4cam_auth/4cam_auth/nikond70_05_sub_04.tif,0,jpeg95_secondary,rgb,1002,666,uint8,RGB,98.75609541677406,51.25899509914721,0.0006498514482546419,0.0,98.75809816113946,51.095753176704015
4cam_auth/4cam_auth/nikond70_05_sub_04.tif,0,jpeg95_secondary,ela,1002,666,uint8,RGB,10.27760295225365,10.054917231574558,0.33075490660321,0.0,10.279217155612244,4.63815331127113
4cam_auth/4cam_auth/nikond70_05_sub_05.tif,0,jpeg95_secondary,rgb,1002,666,uint8,RGB,104.33532035029042,38.83385214103612,0.0004980029930129731,0.0019120917324510138,104.34404230442176,36.85604269720747
4cam_auth/4cam_auth/nikond70_05_sub_05.tif,0,jpeg95_secondary,ela,1002,666,uint8,RGB,13.646008783234333,14.015152835388896,0.27415988843134553,3.4965104825384267e-06,13.64709555697279,7.216633046751969
4cam_auth/4cam_auth/nikond70_05_sub_06.tif,0,jpeg95_secondary,rgb,1002,666,uint8,RGB,136.90667613721507,15.89254790874756,3.8961116805428186e-05,0.0,136.907439147534,15.671568645575832
4cam_auth/4cam_auth/nikond70_05_sub_06.tif,0,jpeg95_secondary,ela,1002,666,uint8,RGB,8.53227478975982,8.540815719606487,0.38179047310783837,0.0,8.534392272534014,3.9067728826953965
4cam_auth/4cam_auth/nikond70_05_sub_07.tif,0,jpeg95_secondary,rgb,1002,666,uint8,RGB,82.71547945150739,41.95841596288726,0.0003661345976715238,0.0,82.71558779761905,41.69577977476458
4cam_auth/4cam_auth/nikond70_05_sub_07.tif,0,jpeg95_secondary,ela,1002,666,uint8,RGB,11.540043037049026,10.980090127157604,0.2948767130403857,0.0,11.543526785714286,4.94315906193726
4cam_auth/4cam_auth/nikond70_05_sub_08.tif,0,jpeg95_secondary,rgb,1002,666,uint8,RGB,84.01043059027091,48.99895934480004,5.344666023308738e-05,3.596410782039525e-05,84.00851668792517,47.91139087629966
4cam_auth/4cam_auth/nikond70_05_sub_08.tif,0,jpeg95_secondary,ela,1002,666,uint8,RGB,15.93221464977952,14.001603684746197,0.21078463693234153,0.0,15.932922778486395,5.509878580014906
4cam_auth/4cam_auth/nikond70_05_sub_09.tif,0,jpeg95_secondary,rgb,1002,666,uint8,RGB,122.06208553863245,34.377015248853745,9.99002995010979e-07,0.0,122.06293181335035,34.108100838785944
4cam_auth/4cam_auth/nikond70_05_sub_09.tif,0,jpeg95_secondary,ela,1002,666,uint8,RGB,10.360205514896133,10.364432732937082,0.33451914988841136,0.0,10.363068664965986,5.04780477401084
4cam_auth/4cam_auth/nikond70_08_sub_01.tif,0,jpeg95_secondary,rgb,1002,666,uint8,RGB,79.32670594746443,22.565046814166788,2.3476570382758007e-05,0.0,79.32525510204081,22.440006395994406
4cam_auth/4cam_auth/nikond70_08_sub_01.tif,0,jpeg95_secondary,ela,1002,666,uint8,RGB,11.240352128575681,10.096007413513492,0.29045162927398455,0.0,11.24261931335034,3.967654533766344
4cam_auth/4cam_auth/nikond70_08_sub_02.tif,0,jpeg95_secondary,rgb,1002,666,uint8,RGB,89.37457567347786,54.39053054884425,0.0005709302116487746,0.07042421663180146,89.37388392857143,54.084092349881466
4cam_auth/4cam_auth/nikond70_08_sub_02.tif,0,jpeg95_secondary,ela,1002,666,uint8,RGB,12.048675421928914,11.682958606448349,0.3048762335189481,0.0,12.051040338010203,5.507747167909352
4cam_auth/4cam_auth/nikond70_08_sub_03.tif,0,jpeg95_secondary,rgb,1002,666,uint8,RGB,43.298161934389476,26.64094618635881,5.344666023308738e-05,0.0,43.29760576105442,26.348953766530258
4cam_auth/4cam_auth/nikond70_08_sub_03.tif,0,jpeg95_secondary,ela,1002,666,uint8,RGB,11.999169828511146,10.60264071597052,0.2727557897218576,0.0,12.00163424744898,4.018541276060075
4cam_auth/4cam_auth/nikond70_08_sub_04.tif,0,jpeg95_secondary,rgb,1002,666,uint8,RGB,73.73910886934839,34.39826192480215,0.0016783250316184449,0.0,73.73954347363946,33.6341921119272
4cam_auth/4cam_auth/nikond70_08_sub_04.tif,0,jpeg95_secondary,ela,1002,666,uint8,RGB,11.835383287479097,10.704914305756077,0.28091814369259477,0.0,11.83843537414966,4.318945712468735
4cam_auth/4cam_auth/nikond70_08_sub_05.tif,0,jpeg95_secondary,rgb,1002,666,uint8,RGB,90.77062641483799,43.959738046301545,7.492522462582343e-06,0.0,90.77242772108843,43.82427158733608
4cam_auth/4cam_auth/nikond70_08_sub_05.tif,0,jpeg95_secondary,ela,1002,666,uint8,RGB,10.311484138829448,9.838395720880197,0.32588326849803895,0.0,10.314466411564625,4.415310540439333
4cam_auth/4cam_auth/nikond70_08_sub_06.tif,0,jpeg95_secondary,rgb,1002,666,uint8,RGB,57.4322795849742,38.25546413642482,0.0012502522482562403,0.0,57.43192628613946,37.84539986340046
4cam_auth/4cam_auth/nikond70_08_sub_06.tif,0,jpeg95_secondary,ela,1002,666,uint8,RGB,11.472755190320061,10.420964359135501,0.28909448370526214,0.0,11.474343643707483,4.213873405943012
4cam_auth/4cam_auth/nikond70_08_sub_07.tif,0,jpeg95_secondary,rgb,1002,666,uint8,RGB,85.18299187410963,18.081305022890568,0.0003736271201341062,0.0,85.1822584502551,17.56091097591934
4cam_auth/4cam_auth/nikond70_08_sub_07.tif,0,jpeg95_secondary,ela,1002,666,uint8,RGB,11.137729545913178,10.133259695406169,0.2950330570091049,0.0,11.138658588435375,4.051310727255844
4cam_auth/4cam_auth/nikond70_08_sub_08.tif,0,jpeg95_secondary,rgb,1002,666,uint8,RGB,112.50586514658372,26.631978903003713,0.0003276729823636011,0.0,112.50605867346938,26.18313789846421
4cam_auth/4cam_auth/nikond70_08_sub_08.tif,0,jpeg95_secondary,ela,1002,666,uint8,RGB,10.31812750874627,10.192088744210059,0.3310476144807482,0.0,10.321209343112244,4.880578668990689
4cam_auth/4cam_auth/nikond70_08_sub_09.tif,0,jpeg95_secondary,rgb,1002,666,uint8,RGB,61.731631331930735,37.16198865112838,0.00029170887454320587,0.0,61.731618037840136,36.832889580784475
4cam_auth/4cam_auth/nikond70_08_sub_09.tif,0,jpeg95_secondary,ela,1002,666,uint8,RGB,11.295656934379489,10.28005979888963,0.2924836013658369,0.0,11.296562765731293,4.2367805216723164
4cam_auth/4cam_auth/nikond70_11_sub_01.tif,0,jpeg95_secondary,rgb,1002,666,uint8,RGB,49.78873634113155,8.691113521295247,0.0,0.0,49.78914886267007,8.499183538809659
4cam_auth/4cam_auth/nikond70_11_sub_01.tif,0,jpeg95_secondary,ela,1002,666,uint8,RGB,12.48353643064222,10.713985312574472,0.2562058066050082,0.0,12.485092474489797,3.546833604219868
4cam_auth/4cam_auth/nikond70_11_sub_02.tif,0,jpeg95_secondary,rgb,1002,666,uint8,RGB,54.183140725555894,7.816986914875837,0.0,0.0,54.18422486181973,7.5834966805520505
4cam_auth/4cam_auth/nikond70_11_sub_02.tif,0,jpeg95_secondary,ela,1002,666,uint8,RGB,12.400479321637006,10.665152613100352,0.25804946663230094,0.0,12.402782206632653,3.575482552938424
4cam_auth/4cam_auth/nikond70_11_sub_03.tif,0,jpeg95_secondary,rgb,1002,666,uint8,RGB,61.087809865753975,11.163097943945944,0.0,0.0,61.086794483418366,11.050770687080945
4cam_auth/4cam_auth/nikond70_11_sub_03.tif,0,jpeg95_secondary,ela,1002,666,uint8,RGB,11.78653204102306,10.318987325151634,0.2731758704812597,0.0,11.788105867346939,3.7151096419967757
4cam_auth/4cam_auth/nikond70_11_sub_04.tif,0,jpeg95_secondary,rgb,1002,666,uint8,RGB,98.00429521337705,40.94500999117278,0.0013381645118172064,0.0,98.0047831632653,40.184162686036046
4cam_auth/4cam_auth/nikond70_11_sub_04.tif,0,jpeg95_secondary,ela,1002,666,uint8,RGB,12.934656213099327,11.916644893407627,0.2634131137125149,0.0,12.935321003401361,5.286853036827413
4cam_auth/4cam_auth/nikond70_11_sub_05.tif,0,jpeg95_secondary,rgb,1002,666,uint8,RGB,104.91606876337416,38.14403357216689,0.0016658374941808075,0.0,104.9153446534864,37.526142587942005
4cam_auth/4cam_auth/nikond70_11_sub_05.tif,0,jpeg95_secondary,ela,1002,666,uint8,RGB,11.51140162118206,10.771666010521887,0.29505953058847273,0.0,11.514495642006803,4.770483138049062
4cam_auth/4cam_auth/nikond70_11_sub_06.tif,0,jpeg95_secondary,rgb,1002,666,uint8,RGB,78.81518144891399,13.14155656327307,0.0001098903294512077,0.0,78.81427375637755,13.050096704300568
4cam_auth/4cam_auth/nikond70_11_sub_06.tif,0,jpeg95_secondary,ela,1002,666,uint8,RGB,10.264391137644632,9.464210765859818,0.31797466128803453,0.0,10.266933726615646,3.936713133984436
4cam_auth/4cam_auth/nikond70_11_sub_07.tif,0,jpeg95_secondary,rgb,1002,666,uint8,RGB,68.78224032415649,50.05146736423016,0.0026383669098239957,0.001549953146759534,68.78322969812925,49.67430345449192
4cam_auth/4cam_auth/nikond70_11_sub_07.tif,0,jpeg95_secondary,ela,1002,666,uint8,RGB,12.702353051654448,11.519139494080596,0.2656723589857322,0.0,12.705377072704081,4.955773234218238
4cam_auth/4cam_auth/nikond70_11_sub_08.tif,0,jpeg95_secondary,rgb,1002,666,uint8,RGB,60.199248649847455,58.1559725818618,0.02837218455980931,1.0989032945120769e-05,60.198361766581634,57.90212946188921
4cam_auth/4cam_auth/nikond70_11_sub_08.tif,0,jpeg95_secondary,ela,1002,666,uint8,RGB,11.51072479665294,10.744260658840822,0.29538021054987124,4.995014975054895e-07,11.511957908163266,4.721084673099521
4cam_auth/4cam_auth/nikond70_11_sub_09.tif,0,jpeg95_secondary,rgb,1002,666,uint8,RGB,38.01003998009986,37.65384231231921,0.05576534618450786,0.0,38.00819781037415,37.50656528094056
4cam_auth/4cam_auth/nikond70_11_sub_09.tif,0,jpeg95_secondary,ela,1002,666,uint8,RGB,10.917838996681311,10.32979620091465,0.3113737489984995,0.0,10.918533428996598,4.539062710711489
4cam_splc/4cam_splc/canong3_canonxt_sub_01.tif,1,jpeg95_secondary,rgb,757,568,uint8,RGB,111.52997609168884,41.30318880982703,0.0029365980116719693,0.0,111.53136957908163,39.9904931531099
4cam_splc/4cam_splc/canong3_canonxt_sub_01.tif,1,jpeg95_secondary,ela,757,568,uint8,RGB,15.541844195955123,15.461066246480147,0.23724890071383828,0.0,15.541420865221088,8.279716334088913
4cam_splc/4cam_splc/canong3_canonxt_sub_02.tif,1,jpeg95_secondary,rgb,757,568,uint8,RGB,94.5364973859006,41.69241271171163,0.0017396319794593187,0.0,94.53730203018708,40.96170794516184
4cam_splc/4cam_splc/canong3_canonxt_sub_02.tif,1,jpeg95_secondary,ela,757,568,uint8,RGB,13.68196131877128,14.126075342135303,0.2687243008912125,3.8761853374762e-06,13.68118888180272,7.87905505076736
4cam_splc/4cam_splc/canong3_canonxt_sub_03.tif,1,jpeg95_secondary,rgb,757,568,uint8,RGB,121.04026813899691,43.85965159904696,0.0010233129290937169,0.0,121.03902928358843,42.32337856723574
4cam_splc/4cam_splc/canong3_canonxt_sub_03.tif,1,jpeg95_secondary,ela,757,568,uint8,RGB,15.270960859830936,16.602534133141038,0.26091456267326546,0.0,15.269338594812925,9.73061341375732
4cam_splc/4cam_splc/canong3_canonxt_sub_04.tif,1,jpeg95_secondary,rgb,757,568,uint8,RGB,114.35080717683468,51.57472589299027,0.0013675181870616035,2.3257112024857202e-06,114.35050621811224,50.47970746641557
4cam_splc/4cam_splc/canong3_canonxt_sub_04.tif,1,jpeg95_secondary,ela,757,568,uint8,RGB,16.418982299787274,16.51521096474903,0.22961436607314517,1.317903014741908e-05,16.41667330994898,9.049442575964795
4cam_splc/4cam_splc/canong3_canonxt_sub_05.tif,1,jpeg95_secondary,rgb,757,568,uint8,RGB,109.27872098287656,48.199992430380625,0.0016233464193350327,0.0,109.27768255739795,47.257411363748055
4cam_splc/4cam_splc/canong3_canonxt_sub_05.tif,1,jpeg95_secondary,ela,757,568,uint8,RGB,15.431985351120373,15.743533941331227,0.2395629833603116,1.8605689619885762e-05,15.42939519557823,8.830909184912434
4cam_splc/4cam_splc/canong3_canonxt_sub_06.tif,1,jpeg95_secondary,rgb,757,568,uint8,RGB,116.28382591896602,42.11025097304668,0.001269838316557203,0.0,116.28394052933673,41.71601465734558
4cam_splc/4cam_splc/canong3_canonxt_sub_06.tif,1,jpeg95_secondary,ela,757,568,uint8,RGB,13.415314653220955,13.403096987906572,0.2667513225544371,4.6514224049714405e-06,13.415789753401361,7.3163929723508145
4cam_splc/4cam_splc/canong3_canonxt_sub_07.tif,1,jpeg95_secondary,rgb,757,568,uint8,RGB,70.27435329723829,52.25776628164273,0.04134339280952115,7.7523706749524e-07,70.27115221088435,51.474452155137705
4cam_splc/4cam_splc/canong3_canonxt_sub_07.tif,1,jpeg95_secondary,ela,757,568,uint8,RGB,14.45355864823463,16.138482160843054,0.2716322151313872,4.6514224049714405e-05,14.450666985544217,9.850588359069786
4cam_splc/4cam_splc/canong3_canonxt_sub_08.tif,1,jpeg95_secondary,rgb,757,568,uint8,RGB,92.19092150879739,62.7359376704413,0.06845885971930216,2.3257112024857202e-06,92.1879583864796,62.141043665670864
4cam_splc/4cam_splc/canong3_canonxt_sub_08.tif,1,jpeg95_secondary,ela,757,568,uint8,RGB,12.809118028293051,14.282669063397867,0.3096413133136113,6.20189653996192e-06,12.807736766581632,8.42168093395922
4cam_splc/4cam_splc/canong3_canonxt_sub_09.tif,1,jpeg95_secondary,rgb,757,568,uint8,RGB,56.47715608933212,62.03395138210259,0.00736320166706979,3.2559956834800083e-05,56.47667543579932,61.10714079739283
4cam_splc/4cam_splc/canong3_canonxt_sub_09.tif,1,jpeg95_secondary,ela,757,568,uint8,RGB,13.167552762634815,15.624483882765595,0.3067357247846391,2.403234909235244e-05,13.16883237670068,9.820164723193418
4cam_splc/4cam_splc/canong3_canonxt_sub_10.tif,1,jpeg95_secondary,rgb,757,568,uint8,RGB,113.81456794487754,75.45561951117767,0.027790698395569365,0.00014264362041912417,113.81463913690476,74.93552217339753
4cam_splc/4cam_splc/canong3_canonxt_sub_10.tif,1,jpeg95_secondary,ela,757,568,uint8,RGB,12.974627266017949,14.052710435133084,0.29502654411719104,1.4729504282409561e-05,12.972709396258503,8.222110617844
4cam_splc/4cam_splc/canong3_canonxt_sub_11.tif,1,jpeg95_secondary,rgb,757,568,uint8,RGB,107.90914919282316,64.28363727750073,0.026295266092371046,2.868377149732388e-05,107.91076743197279,63.711030497250576
4cam_splc/4cam_splc/canong3_canonxt_sub_11.tif,1,jpeg95_secondary,ela,757,568,uint8,RGB,13.428803778195372,13.678707529617167,0.27535722924070183,0.0,13.427820737670068,7.5037590549177136
4cam_splc/4cam_splc/canong3_canonxt_sub_12.tif,1,jpeg95_secondary,rgb,757,568,uint8,RGB,78.59208653506242,66.83846551209538,0.014136447925775703,2.170663788986672e-05,78.5904615752551,66.35876959964736
4cam_splc/4cam_splc/canong3_canonxt_sub_12.tif,1,jpeg95_secondary,ela,757,568,uint8,RGB,12.011488238103212,12.523307224355456,0.3051170297877091,7.7523706749524e-07,12.00928730867347,7.028750508279
4cam_splc/4cam_splc/canong3_canonxt_sub_13.tif,1,jpeg95_secondary,rgb,757,568,uint8,RGB,118.16429909266253,78.99103932845888,0.0016907920442071186,0.0,118.16705197704081,78.49172378198811
4cam_splc/4cam_splc/canong3_canonxt_sub_13.tif,1,jpeg95_secondary,ela,757,568,uint8,RGB,13.2657171563064,13.48084833452855,0.2723787684273851,0.0,13.26378481079932,7.2161598154544775
4cam_splc/4cam_splc/canong3_canonxt_sub_14.tif,1,jpeg95_secondary,rgb,757,568,uint8,RGB,114.30998861951984,68.94490386979693,0.0035808200147605137,2.3257112024857202e-06,114.31139057185374,68.3315919216349
4cam_splc/4cam_splc/canong3_canonxt_sub_14.tif,1,jpeg95_secondary,ela,757,568,uint8,RGB,14.065726924293449,15.02150233902497,0.27022205890561335,5.42665947246668e-06,14.065230389030612,8.751576215086788
4cam_splc/4cam_splc/canong3_canonxt_sub_15.tif,1,jpeg95_secondary,rgb,757,568,uint8,RGB,91.2225442040176,53.05083397540181,0.006756191043221017,0.0,91.22813031462584,52.36159553427906
4cam_splc/4cam_splc/canong3_canonxt_sub_15.tif,1,jpeg95_secondary,ela,757,568,uint8,RGB,12.13586339702681,11.718819728158746,0.2891983118437618,0.0,12.134227519132653,5.850621399483758
4cam_splc/4cam_splc/canong3_canonxt_sub_16.tif,1,jpeg95_secondary,rgb,757,568,uint8,RGB,94.70437187191844,48.03095268548559,0.0024109872799101964,0.03111569017805645,94.7045599489796,46.81454656091752
4cam_splc/4cam_splc/canong3_canonxt_sub_16.tif,1,jpeg95_secondary,ela,757,568,uint8,RGB,14.272498154935779,14.68487846321024,0.2713050650889042,3.8761853374762e-06,14.271072491496598,8.099657608678482
4cam_splc/4cam_splc/canong3_canonxt_sub_17.tif,1,jpeg95_secondary,rgb,757,568,uint8,RGB,118.82386691350214,52.78835398108446,0.004848332620115231,0.0003542833398453247,118.82201318027211,51.52381958365249
4cam_splc/4cam_splc/canong3_canonxt_sub_17.tif,1,jpeg95_secondary,ela,757,568,uint8,RGB,15.392727346022413,15.173465341487153,0.23880247579709876,3.10094826998096e-06,15.390684789540817,8.082121789278794
4cam_splc/4cam_splc/canong3_canonxt_sub_18.tif,1,jpeg95_secondary,rgb,757,568,uint8,RGB,105.60796571591592,49.95577592726094,0.006788751000055817,1.55047413499048e-06,105.61048442814626,49.23390326159667
4cam_splc/4cam_splc/canong3_canonxt_sub_18.tif,1,jpeg95_secondary,ela,757,568,uint8,RGB,13.897981127628828,13.709334785155173,0.2554227832871292,7.7523706749524e-07,13.896491018282314,7.148047884467895
4cam_splc/4cam_splc/canong3_canonxt_sub_19.tif,1,jpeg95_secondary,rgb,757,568,uint8,RGB,121.29313961709491,54.82407399476139,0.004986324818129384,0.0005341383395042204,121.28797300170068,53.85158237737997
4cam_splc/4cam_splc/canong3_canonxt_sub_19.tif,1,jpeg95_secondary,ela,757,568,uint8,RGB,14.85489112570624,15.37676724724119,0.2616742949994108,1.55047413499048e-06,14.854565263605442,8.613876070683238
4cam_splc/4cam_splc/canong3_canonxt_sub_20.tif,1,jpeg95_secondary,rgb,757,568,uint8,RGB,86.29781274613777,46.5636269905687,0.01367905805595351,0.0,86.29712744472789,45.93117152064195
4cam_splc/4cam_splc/canong3_canonxt_sub_20.tif,1,jpeg95_secondary,ela,757,568,uint8,RGB,14.079278068233267,13.79315254965896,0.2551413722316284,3.8761853374762e-06,14.078981983418368,7.272307261598249
4cam_splc/4cam_splc/canong3_canonxt_sub_21.tif,1,jpeg95_secondary,rgb,757,568,uint8,RGB,81.39732992849213,54.103035011003065,0.012408444502328812,0.0,81.41198315263605,53.160167048294795
4cam_splc/4cam_splc/canong3_canonxt_sub_21.tif,1,jpeg95_secondary,ela,757,568,uint8,RGB,17.912123777451143,18.07171169710542,0.21791138730223703,0.0,17.91276705994898,9.774954827024906
4cam_splc/4cam_splc/canong3_canonxt_sub_22.tif,1,jpeg95_secondary,rgb,757,568,uint8,RGB,100.39686866243697,42.7664638418595,2.868377149732388e-05,0.0,100.39661724064626,41.73991604250673
4cam_splc/4cam_splc/canong3_canonxt_sub_22.tif,1,jpeg95_secondary,ela,757,568,uint8,RGB,17.065917632612052,17.891549688563085,0.23408515824139023,2.3257112024857202e-06,17.06579506802721,9.948370107660313
4cam_splc/4cam_splc/canong3_canonxt_sub_23.tif,1,jpeg95_secondary,rgb,757,568,uint8,RGB,99.36035577179501,44.79172088523336,0.0007139933391631161,0.0,99.36042463860544,43.83028905249342
4cam_splc/4cam_splc/canong3_canonxt_sub_23.tif,1,jpeg95_secondary,ela,757,568,uint8,RGB,14.545152907759192,15.870724534846032,0.2654341947767627,6.20189653996192e-06,14.546130952380953,9.225012525609241
4cam_splc/4cam_splc/canong3_canonxt_sub_24.tif,1,jpeg95_secondary,rgb,757,568,uint8,RGB,101.8008338449898,41.91518399622162,0.0007550809037403638,0.0,101.80243542729592,41.42789982611709
4cam_splc/4cam_splc/canong3_canonxt_sub_24.tif,1,jpeg95_secondary,ela,757,568,uint8,RGB,13.455173467046222,13.976143570462161,0.27074224297790267,7.7523706749524e-07,13.453696322278912,7.803014336388553
4cam_splc/4cam_splc/canong3_canonxt_sub_25.tif,1,jpeg95_secondary,rgb,757,568,uint8,RGB,97.67999609280518,33.73850337388093,0.000958968252491612,0.0,97.67887037627551,32.15638913186438
4cam_splc/4cam_splc/canong3_canonxt_sub_25.tif,1,jpeg95_secondary,ela,757,568,uint8,RGB,14.224344304488312,16.42290645287078,0.28190023009036164,1.55047413499048e-06,14.222171290391156,10.011304770004408
4cam_splc/4cam_splc/canong3_canonxt_sub_26.tif,1,jpeg95_secondary,rgb,757,568,uint8,RGB,109.31759291991492,48.15568808872032,0.0012372783597224032,2.3257112024857202e-06,109.31736952593538,47.18688063476293
4cam_splc/4cam_splc/canong3_canonxt_sub_26.tif,1,jpeg95_secondary,ela,757,568,uint8,RGB,15.763414702215938,15.475918318507372,0.23443634063296556,1.55047413499048e-06,15.763000903486395,8.216186882584966
4cam_splc/4cam_splc/canong3_canonxt_sub_27.tif,1,jpeg95_secondary,rgb,757,568,uint8,RGB,121.0587544421084,41.986343972988536,0.0005271612058967632,0.0,121.06097868835035,41.37665996653242
4cam_splc/4cam_splc/canong3_canonxt_sub_27.tif,1,jpeg95_secondary,ela,757,568,uint8,RGB,14.522019833665135,15.126590406171207,0.25298388747278916,1.3954267214914321e-05,14.519929846938776,8.616710673015517
4cam_splc/4cam_splc/canong3_canonxt_sub_28.tif,1,jpeg95_secondary,rgb,757,568,uint8,RGB,62.44036256287173,54.62199238117478,0.053191340912050904,3.10094826998096e-06,62.434849330357146,54.17879404570147
4cam_splc/4cam_splc/canong3_canonxt_sub_28.tif,1,jpeg95_secondary,ela,757,568,uint8,RGB,13.638276710017923,15.159560149912407,0.2901743353117383,1.317903014741908e-05,13.63655931122449,9.133484491048604
4cam_splc/4cam_splc/canong3_canonxt_sub_29.tif,1,jpeg95_secondary,rgb,757,568,uint8,RGB,104.13442378179248,56.82050264127342,0.019140603196457478,3.10094826998096e-06,104.13247369260205,56.17289815400006
4cam_splc/4cam_splc/canong3_canonxt_sub_29.tif,1,jpeg95_secondary,ela,757,568,uint8,RGB,14.374112353557718,15.039700059742469,0.26124326318988345,4.6514224049714405e-06,14.374774128401361,8.392131859935933
4cam_splc/4cam_splc/canong3_canonxt_sub_30.tif,1,jpeg95_secondary,rgb,757,568,uint8,RGB,36.29339854627545,27.485275186939788,0.015410937664737877,3.2559956834800083e-05,36.290112138605444,26.79096461476426
4cam_splc/4cam_splc/canong3_canonxt_sub_30.tif,1,jpeg95_secondary,ela,757,568,uint8,RGB,11.017293213264617,12.04948617157613,0.32844313791157337,1.9380926687381e-05,11.018156090561224,6.878744042461434
4cam_splc/4cam_splc/canong3_kodakdcs330_sub_01.tif,1,jpeg95_secondary,rgb,757,568,uint8,RGB,123.32481115225036,52.88819259968359,0.001863669910258557,0.0,123.34057451105443,51.86917638679968
4cam_splc/4cam_splc/canong3_kodakdcs330_sub_01.tif,1,jpeg95_secondary,ela,757,568,uint8,RGB,15.085543534212762,15.253412064405447,0.24312132150011473,6.977133607457161e-06,15.084994153911564,8.230139085422524
4cam_splc/4cam_splc/canong3_kodakdcs330_sub_02.tif,1,jpeg95_secondary,rgb,757,568,uint8,RGB,103.28287315261007,53.23686147419397,0.0017690909880241378,0.027638751930340297,103.28388073979592,52.12236844235111
4cam_splc/4cam_splc/canong3_kodakdcs330_sub_02.tif,1,jpeg95_secondary,ela,757,568,uint8,RGB,15.994877233457991,16.370404839360756,0.24564394291774425,7.7523706749524e-06,15.993449723639456,9.033913371837588
4cam_splc/4cam_splc/canong3_kodakdcs330_sub_03.tif,1,jpeg95_secondary,rgb,757,568,uint8,RGB,119.29547153019394,50.35346194720684,0.001869871806798519,0.00016900168071396233,119.29513446003402,48.94428354158226
4cam_splc/4cam_splc/canong3_kodakdcs330_sub_03.tif,1,jpeg95_secondary,ela,757,568,uint8,RGB,15.823441308352095,15.567790161213448,0.23102219658771653,1.55047413499048e-06,15.822258981717686,8.18571374157907
4cam_splc/4cam_splc/canong3_kodakdcs330_sub_04.tif,1,jpeg95_secondary,rgb,757,568,uint8,RGB,116.21883391941256,54.00065380486521,0.0018721975180010046,1.55047413499048e-06,116.22717368197279,53.30699141841063
4cam_splc/4cam_splc/canong3_kodakdcs330_sub_04.tif,1,jpeg95_secondary,ela,757,568,uint8,RGB,14.69762265800882,14.760319492348769,0.2467757890362873,8.52760774244764e-06,14.69672087585034,7.861290969677299
4cam_splc/4cam_splc/canong3_kodakdcs330_sub_05.tif,1,jpeg95_secondary,rgb,757,568,uint8,RGB,102.55466351610322,46.37495628113193,0.001421009544718775,0.00024264920212601013,102.55292038690476,45.04893412149526
4cam_splc/4cam_splc/canong3_kodakdcs330_sub_05.tif,1,jpeg95_secondary,ela,757,568,uint8,RGB,17.41876678388251,16.678164613343945,0.21202966367115064,2.3257112024857202e-06,17.418154761904763,8.565046633103595
4cam_splc/4cam_splc/canong3_kodakdcs330_sub_06.tif,1,jpeg95_secondary,rgb,757,568,uint8,RGB,109.04504514980681,48.183383056854204,0.0012729392648271841,0.0,109.04320126488095,47.441885383286206
4cam_splc/4cam_splc/canong3_kodakdcs330_sub_06.tif,1,jpeg95_secondary,ela,757,568,uint8,RGB,14.690440086578477,14.513722624349882,0.2469719240143636,1.55047413499048e-06,14.690084236819727,7.699517699738921
4cam_splc/4cam_splc/canong3_kodakdcs330_sub_07.tif,1,jpeg95_secondary,rgb,757,568,uint8,RGB,124.89766793185356,45.3471003230921,0.0019931345005302623,1.55047413499048e-06,124.89662388392857,43.922920413921986
4cam_splc/4cam_splc/canong3_kodakdcs330_sub_07.tif,1,jpeg95_secondary,ela,757,568,uint8,RGB,16.90370315242401,17.092546214460647,0.2240047506527496,9.302844809942881e-06,16.9040909332483,9.366027580303907
4cam_splc/4cam_splc/canong3_kodakdcs330_sub_08.tif,1,jpeg95_secondary,rgb,757,568,uint8,RGB,104.5541417815568,48.93287113073489,0.001779169069901576,0.0,104.5554581207483,48.30759015247884
4cam_splc/4cam_splc/canong3_kodakdcs330_sub_08.tif,1,jpeg95_secondary,ela,757,568,uint8,RGB,15.019233631644557,15.804048546805745,0.25085741219664975,7.7523706749524e-06,15.016913796768707,8.940749484156507
4cam_splc/4cam_splc/canong3_kodakdcs330_sub_09.tif,1,jpeg95_secondary,rgb,757,568,uint8,RGB,108.99957129390168,45.520330409809645,0.0024590519780949014,0.0,108.99697730654762,44.04495715880028
4cam_splc/4cam_splc/canong3_kodakdcs330_sub_09.tif,1,jpeg95_secondary,ela,757,568,uint8,RGB,16.845540991435183,17.663088682536113,0.23110282124273604,2.3257112024857202e-06,16.843098958333332,10.053276815493556
4cam_splc/4cam_splc/canong3_kodakdcs330_sub_10.tif,1,jpeg95_secondary,rgb,757,568,uint8,RGB,107.69694897699716,52.8602080790534,0.0022621417629511103,2.3257112024857202e-06,107.69681388180273,51.91190554116635
4cam_splc/4cam_splc/canong3_kodakdcs330_sub_10.tif,1,jpeg95_secondary,ela,757,568,uint8,RGB,16.75878421121179,16.847805956639444,0.22559398664111485,1.317903014741908e-05,16.7566299957483,9.24929843677309
4cam_splc/4cam_splc/canong3_kodakdcs330_sub_11.tif,1,jpeg95_secondary,rgb,757,568,uint8,RGB,101.1647029911747,54.573251777119815,0.003591673333705447,2.3257112024857202e-06,101.16638764880952,53.75569763538392
4cam_splc/4cam_splc/canong3_kodakdcs330_sub_11.tif,1,jpeg95_secondary,ela,757,568,uint8,RGB,15.98887302237024,15.698740573770658,0.23028494613652856,2.3257112024857202e-06,15.98646099064626,8.372502708371513
4cam_splc/4cam_splc/canong3_kodakdcs330_sub_12.tif,1,jpeg95_secondary,rgb,757,568,uint8,RGB,50.39296689427627,51.704627467522926,0.045440520711233494,3.8761853374762e-05,50.38836628401361,50.64762357901622
4cam_splc/4cam_splc/canong3_kodakdcs330_sub_12.tif,1,jpeg95_secondary,ela,757,568,uint8,RGB,15.220070422535212,17.051190279016392,0.2672079371871918,8.915226276195261e-05,15.219899287840136,10.252234528628046
4cam_splc/4cam_splc/canong3_kodakdcs330_sub_13.tif,1,jpeg95_secondary,rgb,757,568,uint8,RGB,70.56743787250142,61.96475749437163,0.02540064251648154,4.341327577973344e-05,70.56467899659864,60.79394559044452
4cam_splc/4cam_splc/canong3_kodakdcs330_sub_13.tif,1,jpeg95_secondary,ela,757,568,uint8,RGB,17.379477769301854,17.630058061955243,0.22688010493608946,2.3257112024857202e-06,17.379650297619047,9.521556331582424
4cam_splc/4cam_splc/canong3_kodakdcs330_sub_14.tif,1,jpeg95_secondary,rgb,757,568,uint8,RGB,37.55823968469558,33.109970256438295,0.0035536867173981803,3.9537090442257244e-05,37.557896205357146,31.698575069271843
4cam_splc/4cam_splc/canong3_kodakdcs330_sub_14.tif,1,jpeg95_secondary,ela,757,568,uint8,RGB,13.653347318610031,15.118806822664984,0.2899495165621647,2.403234909235244e-05,13.654449670493197,8.956714277689988
4cam_splc/4cam_splc/canong3_kodakdcs330_sub_15.tif,1,jpeg95_secondary,rgb,757,568,uint8,RGB,100.8406538969617,75.03057230353807,0.006705800633833826,0.00014264362041912417,100.8385084502551,74.28293511311263
4cam_splc/4cam_splc/canong3_kodakdcs330_sub_15.tif,1,jpeg95_secondary,ela,757,568,uint8,RGB,13.5179017743626,14.357830621959124,0.28438719060288636,4.6514224049714405e-06,13.515904017857142,8.267894877789338
4cam_splc/4cam_splc/canong3_kodakdcs330_sub_16.tif,1,jpeg95_secondary,rgb,757,568,uint8,RGB,107.4810989450574,62.36846051574249,0.0029071390031071504,3.2559956834800083e-05,107.48408269557824,61.58063028670312
4cam_splc/4cam_splc/canong3_kodakdcs330_sub_16.tif,1,jpeg95_secondary,ela,757,568,uint8,RGB,15.727412692801458,15.216043180975815,0.23101832040237905,1.55047413499048e-06,15.727738360969388,7.871682680033123
4cam_splc/4cam_splc/canong3_kodakdcs330_sub_17.tif,1,jpeg95_secondary,rgb,757,568,uint8,RGB,60.58880340608158,61.473923019282424,0.003581595251828009,4.573898698221916e-05,60.58834236819728,60.725430263451024
4cam_splc/4cam_splc/canong3_kodakdcs330_sub_17.tif,1,jpeg95_secondary,ela,757,568,uint8,RGB,14.187206572769954,15.325154519275703,0.28049937670939773,2.3257112024857202e-06,14.184430803571429,8.893388206687622
4cam_splc/4cam_splc/canong3_kodakdcs330_sub_18.tif,1,jpeg95_secondary,rgb,757,568,uint8,RGB,95.04513042588424,77.05211600749612,0.0032598718688174842,1.1628556012428601e-05,95.04463621386054,76.24594191769036
4cam_splc/4cam_splc/canong3_kodakdcs330_sub_18.tif,1,jpeg95_secondary,ela,757,568,uint8,RGB,15.912888161199694,16.1680357592812,0.23917536482656396,3.10094826998096e-06,15.91099994685374,8.828236339783116
4cam_splc/4cam_splc/canong3_kodakdcs330_sub_19.tif,1,jpeg95_secondary,rgb,757,568,uint8,RGB,106.68227994120602,79.71198957105125,0.004294038116856135,5.4266594724666804e-05,106.68512170493197,78.83640104023313
4cam_splc/4cam_splc/canong3_kodakdcs330_sub_19.tif,1,jpeg95_secondary,ela,757,568,uint8,RGB,16.940282713453776,17.03092878931008,0.22708244181070572,3.8761853374762e-06,16.939313616071427,9.273971165271394
4cam_splc/4cam_splc/canong3_kodakdcs330_sub_20.tif,1,jpeg95_secondary,rgb,757,568,uint8,RGB,99.8866339826719,54.69450029177854,0.004030457513907753,4.573898698221916e-05,99.90082243835035,53.288057484142634
4cam_splc/4cam_splc/canong3_kodakdcs330_sub_20.tif,1,jpeg95_secondary,ela,757,568,uint8,RGB,17.11015265968333,16.80426618776182,0.21808969182776092,2.3257112024857202e-06,17.111560639880953,8.815510188328133
4cam_splc/4cam_splc/canong3_kodakdcs330_sub_21.tif,1,jpeg95_secondary,rgb,757,568,uint8,RGB,102.4640367524389,58.942485639653036,0.004125036436142172,0.027638751930340297,102.46487696641157,57.00578788756484
4cam_splc/4cam_splc/canong3_kodakdcs330_sub_21.tif,1,jpeg95_secondary,ela,757,568,uint8,RGB,18.225114114896336,20.29043022322937,0.23371692063432997,8.760178862696213e-05,18.223347151360546,12.221452974940687
4cam_splc/4cam_splc/canong3_kodakdcs330_sub_22.tif,1,jpeg95_secondary,rgb,757,568,uint8,RGB,110.60240106424544,55.70298777763519,0.002301678853393368,0.00016900168071396233,110.60129676870748,54.016673382522725
4cam_splc/4cam_splc/canong3_kodakdcs330_sub_22.tif,1,jpeg95_secondary,ela,757,568,uint8,RGB,17.066681241123536,17.318432204819896,0.22230155481546257,7.7523706749524e-06,17.064081101190474,9.652514548415256
4cam_splc/4cam_splc/canong3_kodakdcs330_sub_23.tif,1,jpeg95_secondary,rgb,757,568,uint8,RGB,114.46983785141497,51.10794988224517,0.001321003963011889,2.3257112024857202e-06,114.47673522534014,50.174719743846694
4cam_splc/4cam_splc/canong3_kodakdcs330_sub_23.tif,1,jpeg95_secondary,ela,757,568,uint8,RGB,15.604491103379413,16.326896554620735,0.23839470109959626,1.55047413499048e-05,15.601529283588436,9.414722510333526
4cam_splc/4cam_splc/canong3_kodakdcs330_sub_24.tif,1,jpeg95_secondary,rgb,757,568,uint8,RGB,116.02945280666827,50.964011963041635,0.0004527384474172202,0.00032482433128050556,116.02798150510205,49.688571346286786
4cam_splc/4cam_splc/canong3_kodakdcs330_sub_24.tif,1,jpeg95_secondary,ela,757,568,uint8,RGB,16.365994846223977,16.631332146278258,0.2311687163934731,7.7523706749524e-07,16.36530745110544,9.276665086328435
4cam_splc/4cam_splc/canong3_kodakdcs330_sub_25.tif,1,jpeg95_secondary,rgb,757,568,uint8,RGB,103.45633864835867,47.33727007179521,0.00151791417815568,0.0,103.4526599702381,46.298667187364515
4cam_splc/4cam_splc/canong3_kodakdcs330_sub_25.tif,1,jpeg95_secondary,ela,757,568,uint8,RGB,15.24386244813664,15.465867301968398,0.24199490204104415,2.3257112024857202e-06,15.244054262329932,8.676685529343382
4cam_splc/4cam_splc/canong3_kodakdcs330_sub_26.tif,1,jpeg95_secondary,rgb,757,568,uint8,RGB,115.2198107181176,54.73654217298224,0.00031862243474054365,0.0,115.23604910714286,53.575438633590316
4cam_splc/4cam_splc/canong3_kodakdcs330_sub_26.tif,1,jpeg95_secondary,ela,757,568,uint8,RGB,18.581893718098996,18.346314951719325,0.20523083458921737,3.8761853374762e-06,18.581247342687075,9.772995550191773
4cam_splc/4cam_splc/canong3_kodakdcs330_sub_27.tif,1,jpeg95_secondary,rgb,757,568,uint8,RGB,110.15459157410336,54.39751458523587,0.0015814836176902896,0.0,110.15662202380952,52.992721939883225
4cam_splc/4cam_splc/canong3_kodakdcs330_sub_27.tif,1,jpeg95_secondary,ela,757,568,uint8,RGB,19.39985022419856,19.883450314463925,0.20547968568788336,1.8605689619885762e-05,19.39979937287415,11.079211536271254
4cam_splc/4cam_splc/canong3_kodakdcs330_sub_28.tif,1,jpeg95_secondary,rgb,757,568,uint8,RGB,116.41610849597807,46.29123990868,0.002064456310739824,0.0,116.41617506377551,44.841682270065306
4cam_splc/4cam_splc/canong3_kodakdcs330_sub_28.tif,1,jpeg95_secondary,ela,757,568,uint8,RGB,17.540940269534424,17.887558480042415,0.21619501243480257,1.3954267214914321e-05,17.54037786989796,10.144312576122559
4cam_splc/4cam_splc/canong3_kodakdcs330_sub_29.tif,1,jpeg95_secondary,rgb,757,568,uint8,RGB,102.89553370420674,50.215304272309176,0.001540396053113042,0.0,102.89754730017007,49.32041768364665
4cam_splc/4cam_splc/canong3_kodakdcs330_sub_29.tif,1,jpeg95_secondary,ela,757,568,uint8,RGB,16.093150160319027,16.849114499026037,0.23878542058161387,2.3257112024857202e-06,16.090660873724488,9.731150202985635
4cam_splc/4cam_splc/canong3_kodakdcs330_sub_30.tif,1,jpeg95_secondary,rgb,757,568,uint8,RGB,107.32498403011641,44.66480539428634,0.003271500424829913,0.0,107.32379357993197,42.63026569756088
4cam_splc/4cam_splc/canong3_kodakdcs330_sub_30.tif,1,jpeg95_secondary,ela,757,568,uint8,RGB,18.681104681811696,20.000475597888013,0.21468174967905185,2.015616375487624e-05,18.67995987457483,11.880667134504272
4cam_splc/4cam_splc/canong3_nikond70_sub_01.tif,1,jpeg95_secondary,rgb,757,568,uint8,RGB,114.12649620754027,54.00137781188939,0.0006395705806835731,0.03244677222294578,114.12534545068027,52.55771440595108
4cam_splc/4cam_splc/canong3_nikond70_sub_01.tif,1,jpeg95_secondary,ela,757,568,uint8,RGB,17.445764414758035,17.854671907416055,0.23626279916398435,3.10094826998096e-06,17.444834183673468,10.146399233446205
4cam_splc/4cam_splc/canong3_nikond70_sub_02.tif,1,jpeg95_secondary,rgb,757,568,uint8,RGB,134.4040876700095,53.209837978132725,0.0011062632953157076,0.00016900168071396233,134.4030612244898,51.94947548811537
4cam_splc/4cam_splc/canong3_nikond70_sub_02.tif,1,jpeg95_secondary,ela,757,568,uint8,RGB,14.58633350078454,14.413210587633008,0.25536386526999955,0.0,14.5847549957483,7.636950588734835
4cam_splc/4cam_splc/canong3_nikond70_sub_03.tif,1,jpeg95_secondary,rgb,757,568,uint8,RGB,109.08671646789588,46.21249519682702,0.008411322182323355,0.00019380926687381,109.09206260629252,45.132088079231266
4cam_splc/4cam_splc/canong3_nikond70_sub_03.tif,1,jpeg95_secondary,ela,757,568,uint8,RGB,17.91170127324936,18.04781465788068,0.21380728226691723,1.783045255239052e-05,17.911092952806122,10.02688017972564
4cam_splc/4cam_splc/canong3_nikond70_sub_04.tif,1,jpeg95_secondary,rgb,757,568,uint8,RGB,109.4997116118109,47.4257158040248,9.380368516692405e-05,0.000329475753685477,109.49987377763605,46.34849220964332
4cam_splc/4cam_splc/canong3_nikond70_sub_04.tif,1,jpeg95_secondary,ela,757,568,uint8,RGB,16.254399470358035,16.589929145708908,0.23025238617969376,8.52760774244764e-06,16.25364051870748,9.591375610873992
4cam_splc/4cam_splc/canong3_nikond70_sub_05.tif,1,jpeg95_secondary,rgb,757,568,uint8,RGB,112.98787761797557,45.41316640563229,0.01331779758250073,0.00016745120657897186,112.98659385629252,44.2978492208616
4cam_splc/4cam_splc/canong3_nikond70_sub_05.tif,1,jpeg95_secondary,ela,757,568,uint8,RGB,17.33064171023499,17.576853306489188,0.2219713038247096,7.7523706749524e-06,17.329745960884352,9.865223221418931
4cam_splc/4cam_splc/canong3_nikond70_sub_06.tif,1,jpeg95_secondary,rgb,757,568,uint8,RGB,129.78183355970256,57.45183079874484,0.0,0.0,129.7977519132653,56.62123791531409
4cam_splc/4cam_splc/canong3_nikond70_sub_06.tif,1,jpeg95_secondary,ela,757,568,uint8,RGB,17.033090218988967,17.644397730931665,0.23795591691939394,0.0,17.033063616071427,9.7767315047906
4cam_splc/4cam_splc/canong3_nikond70_sub_07.tif,1,jpeg95_secondary,rgb,757,568,uint8,RGB,99.8273764117067,48.54034100597204,0.0001240379307992384,0.019955377354394975,99.8276666135204,47.05163704145542
4cam_splc/4cam_splc/canong3_nikond70_sub_07.tif,1,jpeg95_secondary,ela,757,568,uint8,RGB,18.971465849256703,19.18186168221541,0.21489881605795053,3.8761853374762e-06,18.972835618622447,10.34329557340156
4cam_splc/4cam_splc/canong3_nikond70_sub_08.tif,1,jpeg95_secondary,rgb,757,568,uint8,RGB,102.99054753443603,47.68465504272705,6.0468491264628726e-05,0.0003387785984954199,102.99291826105443,46.2263918972936
4cam_splc/4cam_splc/canong3_nikond70_sub_08.tif,1,jpeg95_secondary,ela,757,568,uint8,RGB,20.642989376151228,20.252734156595377,0.18885162582717796,1.55047413499048e-06,20.64418579931973,10.541254278739796
4cam_splc/4cam_splc/canong3_nikond70_sub_09.tif,1,jpeg95_secondary,rgb,757,568,uint8,RGB,120.90919648228429,38.817203071129825,0.001075253812615898,0.0,120.9111328125,37.723636781202735
4cam_splc/4cam_splc/canong3_nikond70_sub_09.tif,1,jpeg95_secondary,ela,757,568,uint8,RGB,14.682090783361552,14.696895830510961,0.2508434579294348,0.0,14.682192017431973,7.881619993763782
4cam_splc/4cam_splc/canong3_nikond70_sub_10.tif,1,jpeg95_secondary,rgb,757,568,uint8,RGB,94.8159354630646,44.583903322152366,0.0008419074552998306,0.0,94.81672512755102,43.82782602051149
4cam_splc/4cam_splc/canong3_nikond70_sub_10.tif,1,jpeg95_secondary,ela,757,568,uint8,RGB,14.542784558517996,14.9448378952293,0.25470336328849363,2.3257112024857202e-06,14.54096912202381,8.282026638361144
4cam_splc/4cam_splc/canong3_nikond70_sub_11.tif,1,jpeg95_secondary,rgb,757,568,uint8,RGB,89.40826619780329,40.67348565025469,0.0012489069157348316,0.0,89.40678810586735,39.310051659311746
4cam_splc/4cam_splc/canong3_nikond70_sub_11.tif,1,jpeg95_secondary,ela,757,568,uint8,RGB,15.654145037552484,16.307869660002392,0.2386148684267649,1.55047413499048e-06,15.651539912840136,9.207286421082513
4cam_splc/4cam_splc/canong3_nikond70_sub_12.tif,1,jpeg95_secondary,rgb,757,568,uint8,RGB,103.86971055748847,52.60394728059522,0.0013458115491717367,2.3257112024857202e-06,103.87157870960884,51.75508243830154
4cam_splc/4cam_splc/canong3_nikond70_sub_12.tif,1,jpeg95_secondary,ela,757,568,uint8,RGB,15.589924398881179,15.681644998960074,0.23802878920373852,4.6514224049714405e-06,15.587917198129253,8.542129870596504
4cam_splc/4cam_splc/canong3_nikond70_sub_13.tif,1,jpeg95_secondary,rgb,757,568,uint8,RGB,108.77958227125855,50.57437440108638,0.000584528748891411,0.0,108.77964232568027,50.090634447290675
4cam_splc/4cam_splc/canong3_nikond70_sub_13.tif,1,jpeg95_secondary,ela,757,568,uint8,RGB,14.540575132875633,15.08005977741757,0.24953020633709788,1.6279978417400042e-05,14.53863068664966,8.421760862975404
4cam_splc/4cam_splc/canong3_nikond70_sub_14.tif,1,jpeg95_secondary,rgb,757,568,uint8,RGB,108.54402183687772,50.21350120113548,0.0007015895460831922,0.0264332582903852,108.54500159438776,49.863399390671084
4cam_splc/4cam_splc/canong3_nikond70_sub_14.tif,1,jpeg95_secondary,ela,757,568,uint8,RGB,13.812007336843607,13.95107672447632,0.2633402794574581,1.007808187743812e-05,13.810786033163266,7.514657944503074
4cam_splc/4cam_splc/canong3_nikond70_sub_15.tif,1,jpeg95_secondary,rgb,757,568,uint8,RGB,65.94946849746653,63.311515278868285,0.06768362265180693,8.52760774244764e-06,65.9415590454932,63.053915999797454
4cam_splc/4cam_splc/canong3_nikond70_sub_15.tif,1,jpeg95_secondary,ela,757,568,uint8,RGB,13.435238245855583,13.73077267057742,0.2834863651304569,0.0,13.43223187712585,7.667363904072539
4cam_splc/4cam_splc/canong3_nikond70_sub_16.tif,1,jpeg95_secondary,rgb,757,568,uint8,RGB,99.44964137533258,60.625699944746444,0.019770870932331108,2.3257112024857202e-06,99.44843484268708,60.03535751754162
4cam_splc/4cam_splc/canong3_nikond70_sub_16.tif,1,jpeg95_secondary,ela,757,568,uint8,RGB,13.874216235324763,14.933850699574839,0.2699701068586774,4.6514224049714405e-06,13.872575201955783,8.559217051878433
4cam_splc/4cam_splc/canong3_nikond70_sub_17.tif,1,jpeg95_secondary,rgb,757,568,uint8,RGB,35.50155047413499,31.32229687429774,0.0001410931462841337,3.2559956834800083e-05,35.501049638605444,30.67038796078826
4cam_splc/4cam_splc/canong3_nikond70_sub_17.tif,1,jpeg95_secondary,ela,757,568,uint8,RGB,10.985438722161238,12.24727114621696,0.33028587642100954,1.9380926687381e-05,10.987982302295919,7.145684550143742
4cam_splc/4cam_splc/canong3_nikond70_sub_18.tif,1,jpeg95_secondary,rgb,757,568,uint8,RGB,116.17933404034954,71.69075276678144,0.005227423546120403,0.00014264362041912417,116.17913610756803,71.10056330862548
4cam_splc/4cam_splc/canong3_nikond70_sub_18.tif,1,jpeg95_secondary,ela,757,568,uint8,RGB,13.347632581043284,14.096909037617554,0.27701003466860163,3.8761853374762e-06,13.34679262329932,7.964672214072318
4cam_splc/4cam_splc/canong3_nikond70_sub_19.tif,1,jpeg95_secondary,rgb,757,568,uint8,RGB,126.47071386930124,52.42655890065577,0.0005387897619091918,2.868377149732388e-05,126.47223107993197,51.784363816924916
4cam_splc/4cam_splc/canong3_nikond70_sub_19.tif,1,jpeg95_secondary,ela,757,568,uint8,RGB,13.99954493584138,14.219960358662806,0.25715698860711605,2.3257112024857202e-06,13.99936224489796,7.714739509177151
4cam_splc/4cam_splc/canong3_nikond70_sub_20.tif,1,jpeg95_secondary,rgb,757,568,uint8,RGB,63.77557352038253,57.387431238267844,0.0005054545680068965,0.0,63.77418154761905,56.92360840406334
4cam_splc/4cam_splc/canong3_nikond70_sub_20.tif,1,jpeg95_secondary,ela,757,568,uint8,RGB,11.363455944827928,12.331666782318576,0.320921012645667,7.7523706749524e-06,11.360225340136054,6.979446420342082
4cam_splc/4cam_splc/canong3_nikond70_sub_21.tif,1,jpeg95_secondary,rgb,757,568,uint8,RGB,144.67647651651876,79.35852946454166,0.00024342443919350538,0.0,144.67722948554422,79.02989045581268
4cam_splc/4cam_splc/canong3_nikond70_sub_21.tif,1,jpeg95_secondary,ela,757,568,uint8,RGB,12.72500480646982,12.637281594544818,0.2796737492325153,0.0,12.72334050807823,6.6291268329714
4cam_splc/4cam_splc/canong3_nikond70_sub_22.tif,1,jpeg95_secondary,rgb,757,568,uint8,RGB,127.82353046061486,70.98502463325616,0.0012551088122747937,2.3257112024857202e-06,127.82700892857143,70.30657974473642
4cam_splc/4cam_splc/canong3_nikond70_sub_22.tif,1,jpeg95_secondary,ela,757,568,uint8,RGB,14.732996725398626,15.14545191707843,0.2533211155971496,2.3257112024857202e-06,14.731817336309524,8.420952821125027
4cam_splc/4cam_splc/canong3_nikond70_sub_23.tif,1,jpeg95_secondary,rgb,757,568,uint8,RGB,117.95015458227125,44.87424390612057,0.0012644116570847365,0.0,117.95923681972789,44.05135384824324
4cam_splc/4cam_splc/canong3_nikond70_sub_23.tif,1,jpeg95_secondary,ela,757,568,uint8,RGB,13.32779426448608,13.150460148010874,0.2653465929881358,6.977133607457161e-06,13.326929209183673,6.984697631835535
4cam_splc/4cam_splc/canong3_nikond70_sub_24.tif,1,jpeg95_secondary,rgb,757,568,uint8,RGB,104.87332161174888,48.06503404272167,0.0002721082106908293,0.03349411750113185,104.87249548256803,46.975116002794614
4cam_splc/4cam_splc/canong3_nikond70_sub_24.tif,1,jpeg95_secondary,ela,757,568,uint8,RGB,14.387105326808939,14.498959797718541,0.26783665444893046,0.0,14.386373299319727,7.900253133975247
4cam_splc/4cam_splc/canong3_nikond70_sub_25.tif,1,jpeg95_secondary,rgb,757,568,uint8,RGB,113.12140445048095,52.5192257309038,0.0011628556012428602,0.00016900168071396233,113.11933328018708,51.35848136327596
4cam_splc/4cam_splc/canong3_nikond70_sub_25.tif,1,jpeg95_secondary,ela,757,568,uint8,RGB,14.916464329792051,14.678651822660363,0.24275851055252695,2.3257112024857202e-06,14.915776466836734,7.644734508646195
4cam_splc/4cam_splc/canong3_nikond70_sub_26.tif,1,jpeg95_secondary,rgb,757,568,uint8,RGB,86.70507656241278,57.61354083761264,0.004471567405312545,1.55047413499048e-06,86.71101057610544,57.24469729367301
4cam_splc/4cam_splc/canong3_nikond70_sub_26.tif,1,jpeg95_secondary,ela,757,568,uint8,RGB,13.13194224793942,12.576271297161451,0.26238596262737146,1.55047413499048e-06,13.132712850765307,6.229273560141815
4cam_splc/4cam_splc/canong3_nikond70_sub_27.tif,1,jpeg95_secondary,rgb,757,568,uint8,RGB,107.41432932690817,49.15070391999249,0.0001666759695114766,0.011631656960698582,107.41179049744898,48.02259974558131
4cam_splc/4cam_splc/canong3_nikond70_sub_27.tif,1,jpeg95_secondary,ela,757,568,uint8,RGB,14.798643800274125,14.815929532193026,0.2503883937708151,3.8761853374762e-06,14.798137223639456,7.935091815272141
4cam_splc/4cam_splc/canong3_nikond70_sub_28.tif,1,jpeg95_secondary,rgb,757,568,uint8,RGB,114.98912962583958,42.39828201330152,0.0006147629945237253,0.0003736642665327057,114.98804209183673,41.56131386054289
4cam_splc/4cam_splc/canong3_nikond70_sub_28.tif,1,jpeg95_secondary,ela,757,568,uint8,RGB,14.057319478296463,13.741266574599443,0.25447621882771754,0.0,14.057245163690476,7.246984568204576
4cam_splc/4cam_splc/canong3_nikond70_sub_29.tif,1,jpeg95_secondary,rgb,757,568,uint8,RGB,100.46636711506379,57.95462750863982,0.0010171110325537548,0.0,100.48003029336735,57.06640847198936
4cam_splc/4cam_splc/canong3_nikond70_sub_29.tif,1,jpeg95_secondary,ela,757,568,uint8,RGB,18.35704008285734,18.61380710264486,0.2138623240987094,0.0,18.357793898809526,10.033696395230171
4cam_splc/4cam_splc/canong3_nikond70_sub_30.tif,1,jpeg95_secondary,rgb,757,568,uint8,RGB,95.32120552464944,49.50326516165021,0.00016124931003900993,0.0,95.32146178784014,48.09082737016244
4cam_splc/4cam_splc/canong3_nikond70_sub_30.tif,1,jpeg95_secondary,ela,757,568,uint8,RGB,20.13375552744029,19.525180447456897,0.1905362159748451,2.3257112024857202e-06,20.13566911139456,9.981180262482958
4cam_splc/4cam_splc/canonxt_kodakdcs330_sub_01.tif,1,jpeg95_secondary,rgb,1152,768,uint8,RGB,98.13089441370082,36.359356822410895,0.005240734712577161,7.535204475308642e-07,98.13481212797619,35.48991979801669
4cam_splc/4cam_splc/canonxt_kodakdcs330_sub_01.tif,1,jpeg95_secondary,ela,1152,768,uint8,RGB,11.08252066153067,11.92079061989994,0.3159352997202932,1.8838011188271604e-06,11.076583758503402,6.077076954193125
4cam_splc/4cam_splc/canonxt_kodakdcs330_sub_02.tif,1,jpeg95_secondary,rgb,1152,768,uint8,RGB,96.89207741066262,46.28269704061897,0.003676049503279321,8.288724922839506e-06,96.89301658163265,45.450007251264886
4cam_splc/4cam_splc/canonxt_kodakdcs330_sub_02.tif,1,jpeg95_secondary,ela,1152,768,uint8,RGB,11.109965760030864,12.313389505622428,0.3218572169174383,1.5070408950617283e-06,11.105349170918368,6.444409110234853
4cam_splc/4cam_splc/canonxt_kodakdcs330_sub_03.tif,1,jpeg95_secondary,rgb,1152,768,uint8,RGB,132.46402806411555,62.68364273864645,0.0027868953751929012,7.535204475308642e-07,132.4645913052721,61.86936255023399
4cam_splc/4cam_splc/canonxt_kodakdcs330_sub_03.tif,1,jpeg95_secondary,ela,1152,768,uint8,RGB,10.86094797393422,12.794144953933488,0.34451557677469136,1.1302806712962962e-06,10.858179209183673,7.152342293081888
4cam_splc/4cam_splc/canonxt_kodakdcs330_sub_04.tif,1,jpeg95_secondary,rgb,1152,768,uint8,RGB,137.66062456295813,46.34811235906455,0.0012026186342592592,0.0,137.66291985544217,45.01647797394334
4cam_splc/4cam_splc/canonxt_kodakdcs330_sub_04.tif,1,jpeg95_secondary,ela,1152,768,uint8,RGB,13.29379423165027,14.196213423452084,0.2864978931568287,1.8838011188271604e-06,13.288012861394558,7.493268437052855
4cam_splc/4cam_splc/canonxt_kodakdcs330_sub_05.tif,1,jpeg95_secondary,rgb,1152,768,uint8,RGB,92.72363431954089,46.402065717534235,0.0034688313802083335,7.535204475308642e-07,92.72456287202381,45.33785174431479
4cam_splc/4cam_splc/canonxt_kodakdcs330_sub_05.tif,1,jpeg95_secondary,ela,1152,768,uint8,RGB,13.211899745611497,13.938197033907137,0.2766516414689429,3.7676022376543208e-06,13.20764243197279,7.278489944380251
4cam_splc/4cam_splc/canonxt_kodakdcs330_sub_06.tif,1,jpeg95_secondary,rgb,1152,768,uint8,RGB,111.33148607795621,54.8305907249597,0.003624810112847222,0.0,111.33557211947279,53.66742442332369
4cam_splc/4cam_splc/canonxt_kodakdcs330_sub_06.tif,1,jpeg95_secondary,ela,1152,768,uint8,RGB,13.17630155586902,14.352084650537924,0.2845504195601852,7.1584442515432095e-06,13.169888658588436,7.716008903752099
4cam_splc/4cam_splc/canonxt_kodakdcs330_sub_07.tif,1,jpeg95_secondary,rgb,1152,768,uint8,RGB,102.87281366042149,42.834216199056996,0.0028795783902391976,0.0,102.87430909863946,41.31908108339568
4cam_splc/4cam_splc/canonxt_kodakdcs330_sub_07.tif,1,jpeg95_secondary,ela,1152,768,uint8,RGB,14.179907904730904,14.428188398811592,0.25442090446566357,4.144362461419753e-06,14.173761692176871,7.254298573738945
4cam_splc/4cam_splc/canonxt_kodakdcs330_sub_08.tif,1,jpeg95_secondary,rgb,1152,768,uint8,RGB,73.16872679157022,63.4931166509664,0.1018077709056713,0.0,73.16956978103741,61.88311821503345
4cam_splc/4cam_splc/canonxt_kodakdcs330_sub_08.tif,1,jpeg95_secondary,ela,1152,768,uint8,RGB,13.619420557846258,15.125062942167368,0.3112517933786651,4.144362461419753e-06,13.613174957482993,8.378385585641531
4cam_splc/4cam_splc/canonxt_kodakdcs330_sub_09.tif,1,jpeg95_secondary,rgb,1152,768,uint8,RGB,90.18626008210359,68.9069617489642,0.02958698037229938,0.0,90.18248432185374,66.96574642941384
4cam_splc/4cam_splc/canonxt_kodakdcs330_sub_09.tif,1,jpeg95_secondary,ela,1152,768,uint8,RGB,15.561562997323495,16.184054439416805,0.25303367332175924,6.404923804012345e-06,15.555112670068027,8.60710997129023
4cam_splc/4cam_splc/canonxt_kodakdcs330_sub_10.tif,1,jpeg95_secondary,rgb,1152,768,uint8,RGB,58.68768988715278,58.40822653625577,0.10495070469232252,7.911964699074074e-06,58.685918898809526,57.64232923506395
4cam_splc/4cam_splc/canonxt_kodakdcs330_sub_10.tif,1,jpeg95_secondary,ela,1152,768,uint8,RGB,12.131002920645255,13.81927958522713,0.3340506847993827,4.897882908950617e-06,12.126886692176871,7.728133095152803
4cam_splc/4cam_splc/canonxt_kodakdcs330_sub_11.tif,1,jpeg95_secondary,rgb,1152,768,uint8,RGB,76.6046760464892,57.099353738292635,0.06230521496431327,5.7267554012345676e-05,76.60316353103741,56.39996095854278
4cam_splc/4cam_splc/canonxt_kodakdcs330_sub_11.tif,1,jpeg95_secondary,ela,1152,768,uint8,RGB,11.572738459080826,12.51359929626265,0.32410948953510804,1.1302806712962962e-06,11.568033854166666,6.5503791862091925
4cam_splc/4cam_splc/canonxt_kodakdcs330_sub_12.tif,1,jpeg95_secondary,rgb,1152,768,uint8,RGB,76.19576385874807,49.98717360067282,0.02272052529417438,4.219714506172839e-05,76.19444887329932,48.56313504791048
4cam_splc/4cam_splc/canonxt_kodakdcs330_sub_12.tif,1,jpeg95_secondary,ela,1152,768,uint8,RGB,13.870830771363812,15.157531687050446,0.28067054277584874,4.521122685185185e-06,13.863746279761905,8.29350125263527
4cam_splc/4cam_splc/canonxt_kodakdcs330_sub_13.tif,1,jpeg95_secondary,rgb,1152,768,uint8,RGB,62.31010870285976,45.20624254575147,0.06076087480709876,1.7330970293209876e-05,62.309550382653065,44.30248054944055
4cam_splc/4cam_splc/canonxt_kodakdcs330_sub_13.tif,1,jpeg95_secondary,ela,1152,768,uint8,RGB,12.245140546633873,13.380254911167802,0.3151531454957562,3.7676022376543208e-06,12.239045227465986,7.122574176223606
4cam_splc/4cam_splc/canonxt_kodakdcs330_sub_14.tif,1,jpeg95_secondary,rgb,1152,768,uint8,RGB,81.25661628628954,60.75963769947584,0.05803275402681327,3.541546103395062e-05,81.25690901360544,59.62817748303527
4cam_splc/4cam_splc/canonxt_kodakdcs330_sub_14.tif,1,jpeg95_secondary,ela,1152,768,uint8,RGB,14.315213803891782,16.308360639060293,0.2967540599681713,1.2433087384259259e-05,14.311935321003402,9.394686698360804
4cam_splc/4cam_splc/canonxt_kodakdcs330_sub_15.tif,1,jpeg95_secondary,rgb,1152,768,uint8,RGB,88.02307015878183,58.44504381571095,0.009008713710455247,0.0025683744454089506,88.02613467261905,56.872901979821975
4cam_splc/4cam_splc/canonxt_kodakdcs330_sub_15.tif,1,jpeg95_secondary,ela,1152,768,uint8,RGB,15.985341013213734,17.269890968747884,0.2534963348765432,1.2056327160493826e-05,15.98183062287415,9.50878301180843
4cam_splc/4cam_splc/canonxt_kodakdcs330_sub_16.tif,1,jpeg95_secondary,rgb,1152,768,uint8,RGB,65.81459667064526,42.31415929832423,0.02523728358892747,0.00014392240547839505,65.81616709183673,41.19503422257082
4cam_splc/4cam_splc/canonxt_kodakdcs330_sub_16.tif,1,jpeg95_secondary,ela,1152,768,uint8,RGB,13.134863582658179,15.215340286407757,0.29982277199074076,1.9591531635802468e-05,13.131988732993197,8.698604542176037
4cam_splc/4cam_splc/canonxt_kodakdcs330_sub_17.tif,1,jpeg95_secondary,rgb,768,1152,uint8,RGB,136.68334282769098,70.18576948206713,0.00919483326099537,0.0016509633005401235,136.6852479272959,69.48334326470732
4cam_splc/4cam_splc/canonxt_kodakdcs330_sub_17.tif,1,jpeg95_secondary,ela,768,1152,uint8,RGB,12.196745695891204,14.26534106750876,0.321618350935571,6.028163580246913e-06,12.19222337372449,8.192258662432236
4cam_splc/4cam_splc/canonxt_kodakdcs330_sub_18.tif,1,jpeg95_secondary,rgb,768,1152,uint8,RGB,105.8235624336902,73.43734066631842,0.03005906093267747,1.8838011188271604e-06,105.82393308886054,72.84537832746817
4cam_splc/4cam_splc/canonxt_kodakdcs330_sub_18.tif,1,jpeg95_secondary,ela,768,1152,uint8,RGB,12.485854537398726,13.815444633722237,0.3129291298948688,1.8838011188271604e-06,12.482322225765307,7.506829267194526
4cam_splc/4cam_splc/canonxt_kodakdcs330_sub_19.tif,1,jpeg95_secondary,rgb,768,1152,uint8,RGB,69.20467612184125,47.182607408891755,0.03542676384066358,6.442599826388889e-05,69.20356345663265,46.70443873132659
4cam_splc/4cam_splc/canonxt_kodakdcs330_sub_19.tif,1,jpeg95_secondary,ela,768,1152,uint8,RGB,12.233069149064429,12.635597959946956,0.29962911723572533,0.0,12.228555484693878,6.398117752493313
4cam_splc/4cam_splc/canonxt_kodakdcs330_sub_20.tif,1,jpeg95_secondary,rgb,1152,768,uint8,RGB,88.38798202703029,41.34884553428717,0.002680272231867284,4.295066550925926e-05,88.38734986181973,40.266556423633084
4cam_splc/4cam_splc/canonxt_kodakdcs330_sub_20.tif,1,jpeg95_secondary,ela,1152,768,uint8,RGB,12.03862319757909,12.339966977818662,0.29256410951967593,7.5352044753086416e-06,12.033927242772108,5.919818897298018
4cam_splc/4cam_splc/canonxt_kodakdcs330_sub_21.tif,1,jpeg95_secondary,rgb,1152,768,uint8,RGB,107.07850590458622,32.31828339838742,0.0008921682098765432,0.0,107.07930086096938,31.065749171525873
4cam_splc/4cam_splc/canonxt_kodakdcs330_sub_21.tif,1,jpeg95_secondary,ela,1152,768,uint8,RGB,12.400712378231095,13.214519158653383,0.28935147509162806,3.7676022376543208e-06,12.395793473639456,6.9360009298964
4cam_splc/4cam_splc/canonxt_kodakdcs330_sub_22.tif,1,jpeg95_secondary,rgb,1152,768,uint8,RGB,86.79422712914737,42.98434654980091,0.0027111665702160494,0.0,86.79839631164965,42.09938288448287
4cam_splc/4cam_splc/canonxt_kodakdcs330_sub_22.tif,1,jpeg95_secondary,ela,1152,768,uint8,RGB,12.896491156684029,13.722540938470658,0.2864447699652778,7.535204475308642e-07,12.892936862244898,7.280334627247851
4cam_splc/4cam_splc/canonxt_kodakdcs330_sub_23.tif,1,jpeg95_secondary,rgb,768,1152,uint8,RGB,122.046142578125,64.49163205312604,0.013496681495949073,0.0,122.04916028911565,63.728903708402335
4cam_splc/4cam_splc/canonxt_kodakdcs330_sub_23.tif,1,jpeg95_secondary,ela,768,1152,uint8,RGB,11.355078426408179,13.548265809178226,0.33959923261477626,1.1302806712962962e-05,11.350825095663266,7.835215394010248
4cam_splc/4cam_splc/canonxt_kodakdcs330_sub_24.tif,1,jpeg95_secondary,rgb,1152,768,uint8,RGB,123.18909068166474,57.34176115783657,0.0011442207995756174,0.022055543499228395,123.18973878613946,56.10492214781308
4cam_splc/4cam_splc/canonxt_kodakdcs330_sub_24.tif,1,jpeg95_secondary,ela,1152,768,uint8,RGB,15.445535918812693,16.75837072087291,0.2580702039930556,6.404923804012345e-06,15.441831420068027,9.185742995982823
4cam_splc/4cam_splc/canonxt_kodakdcs330_sub_25.tif,1,jpeg95_secondary,rgb,1152,768,uint8,RGB,87.46292264961902,48.08374590234702,0.00738110954378858,3.767602237654321e-07,87.46318957270408,46.165099067661124
4cam_splc/4cam_splc/canonxt_kodakdcs330_sub_25.tif,1,jpeg95_secondary,ela,1152,768,uint8,RGB,16.362924458068093,17.721668456296477,0.23435616198881173,6.970064139660494e-05,16.35710964073129,9.705129398387522
4cam_splc/4cam_splc/canonxt_kodakdcs330_sub_26.tif,1,jpeg95_secondary,rgb,1152,768,uint8,RGB,95.76538801781925,57.93018638105123,0.02160456151138117,2.2605613425925925e-06,95.76850818452381,56.66879490591526
4cam_splc/4cam_splc/canonxt_kodakdcs330_sub_26.tif,1,jpeg95_secondary,ela,1152,768,uint8,RGB,15.711728319709684,17.572064357549976,0.251776424455054,6.517951871141976e-05,15.707230548469388,9.916157627537434
4cam_splc/4cam_splc/canonxt_kodakdcs330_sub_27.tif,1,jpeg95_secondary,rgb,1152,768,uint8,RGB,99.4134363245081,45.66414592807017,0.0011600447289737655,0.01866281768422068,99.41880580357143,44.70085738572162
4cam_splc/4cam_splc/canonxt_kodakdcs330_sub_27.tif,1,jpeg95_secondary,ela,1152,768,uint8,RGB,12.454082347728589,15.709072307079182,0.31468897690007713,8.10034481095679e-05,12.450235172193878,9.584739715255305
4cam_splc/4cam_splc/canonxt_kodakdcs330_sub_28.tif,1,jpeg95_secondary,rgb,768,1152,uint8,RGB,141.4002482096354,60.414272574132106,0.0010782877604166667,0.08981586974344136,141.40061649659864,58.65857345193327
4cam_splc/4cam_splc/canonxt_kodakdcs330_sub_28.tif,1,jpeg95_secondary,ela,768,1152,uint8,RGB,16.03752983940972,18.390996187495773,0.28771068431712965,5.425347222222222e-05,16.03113706420068,10.598414575103533
4cam_splc/4cam_splc/canonxt_kodakdcs330_sub_29.tif,1,jpeg95_secondary,rgb,1152,768,uint8,RGB,121.59626562801408,60.68544516621825,0.0014689881124614198,0.002948148750964506,121.59245455994898,59.21751544076697
4cam_splc/4cam_splc/canonxt_kodakdcs330_sub_29.tif,1,jpeg95_secondary,ela,1152,768,uint8,RGB,15.678767451533565,18.13202601508362,0.2565763497058256,7.233796296296296e-05,15.674685108418368,10.692210845363386
4cam_splc/4cam_splc/canonxt_kodakdcs330_sub_30.tif,1,jpeg95_secondary,rgb,768,1152,uint8,RGB,90.93180413893711,64.86023549290317,0.013506854021990741,1.092604648919753e-05,90.93334130527211,63.36901458628756
4cam_splc/4cam_splc/canonxt_kodakdcs330_sub_30.tif,1,jpeg95_secondary,ela,768,1152,uint8,RGB,15.160773006486304,17.09782862005529,0.2643161349826389,2.5996455439814815e-05,15.154854910714286,9.66887416014165
4cam_splc/4cam_splc/nikond70_canonxt_sub_01.tif,1,jpeg95_secondary,rgb,1002,666,uint8,RGB,133.79998311684938,51.94292022010934,0.0036258813703923484,4.495513477549406e-06,133.8016448767007,50.87200109889806
4cam_splc/4cam_splc/nikond70_canonxt_sub_01.tif,1,jpeg95_secondary,ela,1002,666,uint8,RGB,13.868738998479518,15.669079977053395,0.2990640340939742,9.99002995010979e-07,13.86909412202381,9.385429820388687
4cam_splc/4cam_splc/nikond70_canonxt_sub_02.tif,1,jpeg95_secondary,rgb,1002,666,uint8,RGB,141.9326592061123,56.69490458683274,0.0002007996019972068,4.495513477549406e-06,141.93094972363946,55.893389876715524
4cam_splc/4cam_splc/nikond70_canonxt_sub_02.tif,1,jpeg95_secondary,ela,1002,666,uint8,RGB,13.954083824343305,14.388467731245349,0.28115141089192985,0.0,13.955935108418368,7.639357195732266
4cam_splc/4cam_splc/nikond70_canonxt_sub_03.tif,1,jpeg95_secondary,rgb,1002,666,uint8,RGB,157.43391095686505,33.74031442324755,3.946061830293367e-05,0.0,157.43443080357142,32.74143389686311
4cam_splc/4cam_splc/nikond70_canonxt_sub_03.tif,1,jpeg95_secondary,ela,1002,666,uint8,RGB,11.16201031370692,11.609675682941422,0.32872693052333773,0.0,11.161963222789115,5.9923627479542
4cam_splc/4cam_splc/nikond70_canonxt_sub_04.tif,1,jpeg95_secondary,rgb,1002,666,uint8,RGB,94.54700558842275,48.0081963463215,0.010270749791707875,0.0001098903294512077,94.54581207482993,46.05756240323199
4cam_splc/4cam_splc/nikond70_canonxt_sub_04.tif,1,jpeg95_secondary,ela,1002,666,uint8,RGB,20.046006585427744,19.339866504352898,0.19242545939152725,9.490528452604302e-06,20.04465614370748,9.754211211371222
4cam_splc/4cam_splc/nikond70_canonxt_sub_05.tif,1,jpeg95_secondary,rgb,1002,666,uint8,RGB,102.22870275465085,61.855080857790554,0.0024125922329515143,0.0,102.22910687712584,61.087912646685474
4cam_splc/4cam_splc/nikond70_canonxt_sub_05.tif,1,jpeg95_secondary,ela,1002,666,uint8,RGB,15.491766716816617,16.16288017116257,0.2457782133430836,1.048953144761528e-05,15.49271231930272,9.12501092242842
4cam_splc/4cam_splc/nikond70_canonxt_sub_06.tif,1,jpeg95_secondary,rgb,1002,666,uint8,RGB,143.248595401789,50.768853587692085,0.0009675344006681333,0.0,143.25013950892858,50.34503878832647
4cam_splc/4cam_splc/nikond70_canonxt_sub_06.tif,1,jpeg95_secondary,ela,1002,666,uint8,RGB,10.435692678706651,10.554083524379834,0.3332943722165279,4.995014975054895e-07,10.438077965561224,5.114556375694217
4cam_splc/4cam_splc/nikond70_canonxt_sub_07.tif,1,jpeg95_secondary,rgb,1002,666,uint8,RGB,152.31747815679952,69.13894424855343,0.01680073286859714,0.0001093908279537022,152.31665205144557,67.92141192933558
4cam_splc/4cam_splc/nikond70_canonxt_sub_07.tif,1,jpeg95_secondary,ela,1002,666,uint8,RGB,17.277696858535183,18.57775556297615,0.26649004293714873,9.99002995010979e-07,17.27766262755102,10.490586618996558
4cam_splc/4cam_splc/nikond70_canonxt_sub_08.tif,1,jpeg95_secondary,rgb,1002,666,uint8,RGB,165.70309381237524,52.70027455278302,0.011058463653274033,0.0,165.71322278911563,51.82941803226677
4cam_splc/4cam_splc/nikond70_canonxt_sub_08.tif,1,jpeg95_secondary,ela,1002,666,uint8,RGB,9.884977292661924,11.594692796525061,0.36719254184324046,4.495513477549406e-06,9.884732408588436,6.540478211089318
4cam_splc/4cam_splc/nikond70_canonxt_sub_09.tif,1,jpeg95_secondary,rgb,1002,666,uint8,RGB,86.33883584182985,53.11024084303462,0.045419671168174164,0.013965562368755981,86.333878082483,52.17628856028414
4cam_splc/4cam_splc/nikond70_canonxt_sub_09.tif,1,jpeg95_secondary,ela,1002,666,uint8,RGB,12.445826565088042,13.329031924494673,0.30938473403543265,5.494516472560384e-06,12.445830676020408,7.211793600664906
4cam_splc/4cam_splc/nikond70_canonxt_sub_10.tif,1,jpeg95_secondary,rgb,1002,666,uint8,RGB,115.15712618806431,43.306869129247985,0.0024565483647319974,0.0007327686968405531,115.15832934736395,42.2171099113217
4cam_splc/4cam_splc/nikond70_canonxt_sub_10.tif,1,jpeg95_secondary,ela,1002,666,uint8,RGB,12.463608818399237,12.640280049660998,0.2909641178104252,4.995014975054895e-07,12.462671396683673,6.510905381611656
4cam_splc/4cam_splc/nikond70_canonxt_sub_11.tif,1,jpeg95_secondary,rgb,1002,666,uint8,RGB,88.51818535101968,53.35810018901435,0.011181840523157889,1.4485543427659196e-05,88.52048123937075,52.86913454255742
4cam_splc/4cam_splc/nikond70_canonxt_sub_11.tif,1,jpeg95_secondary,ela,1002,666,uint8,RGB,11.751482020943099,11.899511922310122,0.3019027011042979,1.998005990021958e-06,11.752969547193878,5.913966729308628
4cam_splc/4cam_splc/nikond70_canonxt_sub_12.tif,1,jpeg95_secondary,rgb,1002,666,uint8,RGB,100.62469105832379,43.67371852980199,0.002944061826297355,0.0019120917324510138,100.63358976403062,41.87920069512467
4cam_splc/4cam_splc/nikond70_canonxt_sub_12.tif,1,jpeg95_secondary,ela,1002,666,uint8,RGB,13.618666071260881,14.126991967570826,0.27509195822569077,3.4965104825384267e-06,13.619532578656463,7.307304015821878
4cam_splc/4cam_splc/nikond70_canonxt_sub_13.tif,1,jpeg95_secondary,rgb,1002,666,uint8,RGB,72.23130965296635,41.052347123317716,0.0016098933264601927,0.0,72.23218271683673,40.453991134253414
4cam_splc/4cam_splc/nikond70_canonxt_sub_13.tif,1,jpeg95_secondary,ela,1002,666,uint8,RGB,12.497300194405982,11.922373777619754,0.2750859642077207,1.4985044925164685e-06,12.49836575255102,5.375170311269555
4cam_splc/4cam_splc/nikond70_canonxt_sub_14.tif,1,jpeg95_secondary,rgb,1002,666,uint8,RGB,91.38866061670453,57.63477394799394,0.002628376879873886,0.0031988075900251547,91.38802083333333,56.43266192221591
4cam_splc/4cam_splc/nikond70_canonxt_sub_14.tif,1,jpeg95_secondary,ela,1002,666,uint8,RGB,16.422632712552872,15.469990041315885,0.2154664644684605,4.495513477549406e-06,16.423316592261905,7.358285406789193
4cam_splc/4cam_splc/nikond70_canonxt_sub_15.tif,1,jpeg95_secondary,rgb,1002,666,uint8,RGB,87.34652666638695,56.25925516166342,0.0014875154595713478,0.07042421663180146,87.34351748511905,55.906459320075264
4cam_splc/4cam_splc/nikond70_canonxt_sub_15.tif,1,jpeg95_secondary,ela,1002,666,uint8,RGB,12.238805671939405,11.967619206646766,0.30286573999148847,0.0,12.240586468962585,5.717851473631205
4cam_splc/4cam_splc/nikond70_canonxt_sub_16.tif,1,jpeg95_secondary,rgb,1002,666,uint8,RGB,62.11532490574407,50.793232161030886,0.004388620157083231,0.00012287736838635042,62.115015146683675,50.246827897351395
4cam_splc/4cam_splc/nikond70_canonxt_sub_16.tif,1,jpeg95_secondary,ela,1002,666,uint8,RGB,12.59688830547114,11.992539656898634,0.2708182234130338,0.0,12.597961840986395,5.456922617703288
4cam_splc/4cam_splc/nikond70_canonxt_sub_17.tif,1,jpeg95_secondary,rgb,1002,666,uint8,RGB,82.00368032703362,46.45509732554958,0.006956057854261447,0.0,82.00369366496598,45.53282261668744
4cam_splc/4cam_splc/nikond70_canonxt_sub_17.tif,1,jpeg95_secondary,ela,1002,666,uint8,RGB,12.60790730850611,12.425253668927327,0.2776808744872617,4.995014975054896e-06,12.609773596938776,5.943840655919314
4cam_splc/4cam_splc/nikond70_canonxt_sub_18.tif,1,jpeg95_secondary,rgb,1002,666,uint8,RGB,90.76695008381635,47.21659526033919,0.0015824207440973909,0.0,90.76903300382654,46.99250217307065
4cam_splc/4cam_splc/nikond70_canonxt_sub_18.tif,1,jpeg95_secondary,ela,1002,666,uint8,RGB,10.6664199129269,10.532908951744593,0.3207164250078422,0.0,10.66889880952381,5.002871675259543
4cam_splc/4cam_splc/nikond70_canonxt_sub_19.tif,1,jpeg95_secondary,rgb,1002,666,uint8,RGB,62.748821675967385,35.02390078512405,0.015874157590724455,0.0,62.749641262755105,34.43959347268648
4cam_splc/4cam_splc/nikond70_canonxt_sub_19.tif,1,jpeg95_secondary,ela,1002,666,uint8,RGB,12.610854367341393,11.983902113380458,0.27375179570788355,0.0,12.60969387755102,5.595904968348949
4cam_splc/4cam_splc/nikond70_canonxt_sub_20.tif,1,jpeg95_secondary,rgb,1002,666,uint8,RGB,99.18074112036187,37.12961622964658,0.006962051872231513,0.0,99.18071056547619,36.7278924889003
4cam_splc/4cam_splc/nikond70_canonxt_sub_20.tif,1,jpeg95_secondary,ela,1002,666,uint8,RGB,10.548912185638732,10.68855827149348,0.32783631935328544,0.0,10.552515146683673,5.3209397170325055
4cam_splc/4cam_splc/nikond70_canonxt_sub_21.tif,1,jpeg95_secondary,rgb,1002,666,uint8,RGB,84.12471353589117,41.110458892123134,0.0013931096765428103,0.0,84.12518601190476,40.43482296595477
4cam_splc/4cam_splc/nikond70_canonxt_sub_21.tif,1,jpeg95_secondary,ela,1002,666,uint8,RGB,12.639288490086892,12.242879707271845,0.27542812273351197,1.4985044925164685e-06,12.641189678996598,5.802615131692919
4cam_splc/4cam_splc/nikond70_canonxt_sub_22.tif,1,jpeg95_secondary,rgb,1002,666,uint8,RGB,99.49526272779765,36.772270307556624,0.0016658374941808075,0.0,99.49259274022108,36.20579510451827
4cam_splc/4cam_splc/nikond70_canonxt_sub_22.tif,1,jpeg95_secondary,ela,1002,666,uint8,RGB,11.210322098545651,10.620094050577007,0.30105055154955357,0.0,11.212418951955783,4.6924328523303265
4cam_splc/4cam_splc/nikond70_canonxt_sub_23.tif,1,jpeg95_secondary,rgb,1002,666,uint8,RGB,66.12016107924292,45.844760249639926,0.0026373679068289846,0.0,66.12059550382654,45.46454214330726
4cam_splc/4cam_splc/nikond70_canonxt_sub_23.tif,1,jpeg95_secondary,ela,1002,666,uint8,RGB,12.790759821697945,11.685728634222581,0.2643217069364774,0.0,12.792749521683673,5.027237281235061
4cam_splc/4cam_splc/nikond70_canonxt_sub_24.tif,1,jpeg95_secondary,rgb,1002,666,uint8,RGB,67.71269023514533,57.66198591279218,0.026950603297908687,1.0989032945120769e-05,67.7124322385204,57.3510190237889
4cam_splc/4cam_splc/nikond70_canonxt_sub_24.tif,1,jpeg95_secondary,ela,1002,666,uint8,RGB,11.451638764513016,10.961887688762053,0.2982698267129405,4.995014975054895e-07,11.45360331632653,4.966431724481328
4cam_splc/4cam_splc/nikond70_canonxt_sub_25.tif,1,jpeg95_secondary,rgb,1002,666,uint8,RGB,46.60719851588115,38.3892286858738,0.04732676788565012,0.0,46.60658482142857,38.161897010035844
4cam_splc/4cam_splc/nikond70_canonxt_sub_25.tif,1,jpeg95_secondary,ela,1002,666,uint8,RGB,11.046185906465347,10.632449381552716,0.30973288657919396,0.0,11.047300170068027,4.855805864923258
4cam_splc/4cam_splc/nikond70_canonxt_sub_26.tif,1,jpeg95_secondary,rgb,1002,666,uint8,RGB,115.68851336366306,58.927863431852344,0.015824207440973907,4.495513477549406e-06,115.6868821747449,57.91070377873896
4cam_splc/4cam_splc/nikond70_canonxt_sub_26.tif,1,jpeg95_secondary,ela,1002,666,uint8,RGB,15.356334378290466,16.3732328055155,0.26495357633082184,1.998005990021958e-06,15.35617293792517,9.338781421367505
4cam_splc/4cam_splc/nikond70_canonxt_sub_27.tif,1,jpeg95_secondary,rgb,1002,666,uint8,RGB,137.08668798539057,63.469435728232966,0.000690810571050092,4.495513477549406e-06,137.08468191964286,62.810671189975004
4cam_splc/4cam_splc/nikond70_canonxt_sub_27.tif,1,jpeg95_secondary,ela,1002,666,uint8,RGB,13.363443283602964,13.603454534985982,0.28256150361938787,0.0,13.36496200042517,7.0886480361326605
4cam_splc/4cam_splc/nikond70_canonxt_sub_28.tif,1,jpeg95_secondary,rgb,1002,666,uint8,RGB,105.23068028107949,61.28094276170271,0.014109918301535069,0.00022577467687248125,105.23081420068027,59.881468770224934
4cam_splc/4cam_splc/nikond70_canonxt_sub_28.tif,1,jpeg95_secondary,ela,1002,666,uint8,RGB,18.414442386498276,19.628019117402108,0.2314535093976212,1.4985044925164686e-05,18.412395036139454,11.231303185568331
4cam_splc/4cam_splc/nikond70_canonxt_sub_29.tif,1,jpeg95_secondary,rgb,1002,666,uint8,RGB,91.24214483945023,64.7882864709367,0.004682327037616459,0.0006903110695525865,91.23942389455782,64.04435112730678
4cam_splc/4cam_splc/nikond70_canonxt_sub_29.tif,1,jpeg95_secondary,ela,1002,666,uint8,RGB,15.583784882687079,16.727598890697003,0.24776423129716543,1.1488534442626258e-05,15.58434975552721,9.669182200021462
4cam_splc/4cam_splc/nikond70_canonxt_sub_30.tif,1,jpeg95_secondary,rgb,1002,666,uint8,RGB,137.64025602448757,73.72028862885423,0.027356198513883146,0.0001093908279537022,137.63816698554422,72.62491275240762
4cam_splc/4cam_splc/nikond70_canonxt_sub_30.tif,1,jpeg95_secondary,ela,1002,666,uint8,RGB,17.624358390326453,18.826874800251936,0.25895006783230334,2.497507487527448e-06,17.623830782312925,10.492559986283288
4cam_splc/4cam_splc/nikond70_kodakdcs330_sub_01.tif,1,jpeg95_secondary,rgb,1002,666,uint8,RGB,93.59482536428644,48.19566421651692,0.0008451565337792882,0.0237308166449883,93.5904615752551,47.13760639561213
4cam_splc/4cam_splc/nikond70_kodakdcs330_sub_01.tif,1,jpeg95_secondary,ela,1002,666,uint8,RGB,13.443186200172228,14.179506979068904,0.2773437109764455,7.492522462582343e-06,13.44331287202381,7.603898872691592
4cam_splc/4cam_splc/nikond70_kodakdcs330_sub_02.tif,1,jpeg95_secondary,rgb,1002,666,uint8,RGB,119.77773532015048,37.9262506309727,0.000710291129452806,0.0007327686968405531,119.77830038265306,36.67300400120906
4cam_splc/4cam_splc/nikond70_kodakdcs330_sub_02.tif,1,jpeg95_secondary,ela,1002,666,uint8,RGB,12.9697237157317,13.401709045418926,0.283347219474964,6.493519467571364e-06,12.968563988095237,7.1143829985898925
4cam_splc/4cam_splc/nikond70_kodakdcs330_sub_03.tif,1,jpeg95_secondary,rgb,1002,666,uint8,RGB,104.47580764397132,44.44904869793637,0.0012242781703859548,0.0019120917324510138,104.48404947916667,42.43941257277499
4cam_splc/4cam_splc/nikond70_kodakdcs330_sub_03.tif,1,jpeg95_secondary,ela,1002,666,uint8,RGB,15.131099163035291,15.583619039646305,0.25086563609517704,3.996011980043916e-06,15.13238068664966,8.08894860690261
4cam_splc/4cam_splc/nikond70_kodakdcs330_sub_04.tif,1,jpeg95_secondary,rgb,1002,666,uint8,RGB,79.54887122651594,45.048018894966404,0.0011838185490880102,0.0,79.54853582057824,44.43793155130125
4cam_splc/4cam_splc/nikond70_kodakdcs330_sub_04.tif,1,jpeg95_secondary,ela,1002,666,uint8,RGB,13.408975342608077,13.348310032242807,0.26417235598872324,2.497507487527448e-06,13.41124574829932,6.629354678425561
4cam_splc/4cam_splc/nikond70_kodakdcs330_sub_05.tif,1,jpeg95_secondary,rgb,1002,666,uint8,RGB,88.50151998305691,52.02854653430348,0.0009235782688876501,3.596410782039525e-05,88.49908987032313,50.87692875968195
4cam_splc/4cam_splc/nikond70_kodakdcs330_sub_05.tif,1,jpeg95_secondary,ela,1002,666,uint8,RGB,16.442130753508,15.29715001283704,0.21153438868009727,3.996011980043916e-06,16.443505527210885,6.8672370224620565
4cam_splc/4cam_splc/nikond70_kodakdcs330_sub_06.tif,1,jpeg95_secondary,rgb,1002,666,uint8,RGB,92.97538406670144,52.96510120456089,0.0015654376931822042,0.03981076885268502,92.97482860331633,52.31916080389185
4cam_splc/4cam_splc/nikond70_kodakdcs330_sub_06.tif,1,jpeg95_secondary,ela,1002,666,uint8,RGB,13.62422302542063,13.99972315710134,0.2754416092739446,1.998005990021958e-06,13.62565768494898,7.188673366627782
4cam_splc/4cam_splc/nikond70_kodakdcs330_sub_07.tif,1,jpeg95_secondary,rgb,1002,666,uint8,RGB,81.41296785807764,43.22762464061404,0.002245758732784681,0.0,81.41337824192176,42.367417321038594
4cam_splc/4cam_splc/nikond70_kodakdcs330_sub_07.tif,1,jpeg95_secondary,ela,1002,666,uint8,RGB,12.888989288689887,12.451288058593525,0.26816537095978216,1.4985044925164685e-06,12.891222895408163,5.878850645297421
4cam_splc/4cam_splc/nikond70_kodakdcs330_sub_08.tif,1,jpeg95_secondary,rgb,1002,666,uint8,RGB,87.12637987288686,52.261440589899685,0.001239762716808625,0.0,87.12828178146259,51.65500906199958
4cam_splc/4cam_splc/nikond70_kodakdcs330_sub_08.tif,1,jpeg95_secondary,ela,1002,666,uint8,RGB,12.774191357025689,13.37153940648671,0.2843781905658153,2.997008985032937e-06,12.777111235119047,7.0128850577782105
4cam_splc/4cam_splc/nikond70_kodakdcs330_sub_09.tif,1,jpeg95_secondary,rgb,1002,666,uint8,RGB,69.41678155201109,53.71900900811089,0.002084419749090408,0.0,69.41602891156462,53.05658964447673
4cam_splc/4cam_splc/nikond70_kodakdcs330_sub_09.tif,1,jpeg95_secondary,ela,1002,666,uint8,RGB,13.085190979402556,13.511258574019038,0.27386118653583724,3.996011980043916e-06,13.087545174319727,6.9760566779216875
4cam_splc/4cam_splc/nikond70_kodakdcs330_sub_10.tif,1,jpeg95_secondary,rgb,1002,666,uint8,RGB,112.02293461125797,39.47769980855081,0.0015924107740475006,0.0,112.0229791135204,38.604806152996375
4cam_splc/4cam_splc/nikond70_kodakdcs330_sub_10.tif,1,jpeg95_secondary,ela,1002,666,uint8,RGB,12.501670832509156,13.32498441298696,0.2976724229219239,2.497507487527448e-06,12.504869525935375,7.182013411039875
4cam_splc/4cam_splc/nikond70_kodakdcs330_sub_11.tif,1,jpeg95_secondary,rgb,1002,666,uint8,RGB,77.10988783194372,45.27474582048269,0.004907602212991435,3.246759733785682e-05,77.11059072066327,43.824520019373544
4cam_splc/4cam_splc/nikond70_kodakdcs330_sub_11.tif,1,jpeg95_secondary,ela,1002,666,uint8,RGB,15.607466248683814,15.365857172055144,0.23252693811576047,6.493519467571364e-06,15.607415231717686,7.720017747490382
4cam_splc/4cam_splc/nikond70_kodakdcs330_sub_12.tif,1,jpeg95_secondary,rgb,1002,666,uint8,RGB,88.34558260855665,47.30718759252404,0.004339669010327693,4.195812579046112e-05,88.34408880739795,46.107824865988206
4cam_splc/4cam_splc/nikond70_kodakdcs330_sub_12.tif,1,jpeg95_secondary,ela,1002,666,uint8,RGB,14.670403936871002,15.552890387457461,0.26186316056575537,3.996011980043916e-06,14.671655771683673,8.478796562088618
4cam_splc/4cam_splc/nikond70_kodakdcs330_sub_13.tif,1,jpeg95_secondary,rgb,1002,666,uint8,RGB,64.2447352542163,49.26768464459286,0.004362646079212946,0.0008406610203017388,64.24504411139456,48.57900723375422
4cam_splc/4cam_splc/nikond70_kodakdcs330_sub_13.tif,1,jpeg95_secondary,ela,1002,666,uint8,RGB,13.774410638183094,13.607745726195603,0.25734616852381326,5.494516472560384e-06,13.776666135204081,6.796269575885041
4cam_splc/4cam_splc/nikond70_kodakdcs330_sub_14.tif,1,jpeg95_secondary,rgb,1002,666,uint8,RGB,44.018643393892894,47.6599557557192,0.0314101526676377,8.041974109838381e-05,44.01820923681973,46.63149016608298
4cam_splc/4cam_splc/nikond70_kodakdcs330_sub_14.tif,1,jpeg95_secondary,ela,1002,666,uint8,RGB,14.431844519169868,15.172330094394246,0.26222330114545683,1.1488534442626258e-05,14.432544111394558,8.191891321244372
4cam_splc/4cam_splc/nikond70_kodakdcs330_sub_15.tif,1,jpeg95_secondary,rgb,1002,666,uint8,RGB,42.24392306478135,36.33380869515355,0.039310767853682024,1.4985044925164685e-06,42.2417756164966,35.962681470666524
4cam_splc/4cam_splc/nikond70_kodakdcs330_sub_15.tif,1,jpeg95_secondary,ela,1002,666,uint8,RGB,12.421977866089643,12.204796590916034,0.2858612105119091,0.0,12.422951211734693,5.883937822989386
4cam_splc/4cam_splc/nikond70_kodakdcs330_sub_16.tif,1,jpeg95_secondary,rgb,1002,666,uint8,RGB,119.99342905780031,58.864756703964844,0.004701807596019173,7.992023960087833e-05,119.99238679846938,57.2010098254709
4cam_splc/4cam_splc/nikond70_kodakdcs330_sub_16.tif,1,jpeg95_secondary,ela,1002,666,uint8,RGB,17.94204883526241,18.779542577866206,0.23591805378232525,2.2977068885252517e-05,17.939619207057824,10.471126620958206
4cam_splc/4cam_splc/nikond70_kodakdcs330_sub_17.tif,1,jpeg95_secondary,rgb,1002,666,uint8,RGB,130.6594074114034,61.799735683103435,0.0018891146635657613,3.746261231291171e-05,130.6578377444728,60.566288015924194
4cam_splc/4cam_splc/nikond70_kodakdcs330_sub_17.tif,1,jpeg95_secondary,ela,1002,666,uint8,RGB,16.81522840205475,16.935173630012287,0.2402717088345831,2.997008985032937e-06,16.81577513818027,8.866392217571628
4cam_splc/4cam_splc/nikond70_kodakdcs330_sub_18.tif,1,jpeg95_secondary,rgb,1002,666,uint8,RGB,99.64483695272118,59.58461429105375,0.014313215411019802,0.0002432572292851734,99.64465747236395,57.733471453808285
4cam_splc/4cam_splc/nikond70_kodakdcs330_sub_18.tif,1,jpeg95_secondary,ela,1002,666,uint8,RGB,21.23930067792343,21.50561779911316,0.2001827176477875,3.046959134783486e-05,21.237763073979593,11.646499342321098
4cam_splc/4cam_splc/nikond70_kodakdcs330_sub_19.tif,1,jpeg95_secondary,rgb,1002,666,uint8,RGB,101.10101318883754,67.42401468610086,0.001485517453581326,5.644366921812031e-05,101.09869260204081,66.44936219698387
4cam_splc/4cam_splc/nikond70_kodakdcs330_sub_19.tif,1,jpeg95_secondary,ela,1002,666,uint8,RGB,17.57094919270568,18.59212059110407,0.22616678554802308,3.396610183037329e-05,17.569867400085034,10.621989370805933
4cam_splc/4cam_splc/nikond70_kodakdcs330_sub_20.tif,1,jpeg95_secondary,rgb,1002,666,uint8,RGB,78.29080677483871,44.82969009828403,0.004159348969728211,0.010894127660594726,78.28669084821429,43.22762354248652
4cam_splc/4cam_splc/nikond70_kodakdcs330_sub_20.tif,1,jpeg95_secondary,ela,1002,666,uint8,RGB,15.625088661515807,16.12483090018822,0.2451228673783564,6.493519467571364e-06,15.62488706420068,8.46418534891901
4cam_splc/4cam_splc/nikond70_kodakdcs330_sub_21.tif,1,jpeg95_secondary,rgb,1002,666,uint8,RGB,112.77593611575648,45.517211424567364,0.0006273738808668948,0.0018931106755458052,112.78558806335035,43.50963313245892
4cam_splc/4cam_splc/nikond70_kodakdcs330_sub_21.tif,1,jpeg95_secondary,ela,1002,666,uint8,RGB,14.14027051003099,15.293177450535609,0.2739066411721102,7.492522462582343e-06,14.14105681335034,8.412863195381224
4cam_splc/4cam_splc/nikond70_kodakdcs330_sub_22.tif,1,jpeg95_secondary,rgb,1002,666,uint8,RGB,75.43589197980415,42.22684084423814,0.0012107916299533067,0.0,75.4360584077381,41.34915855845602
4cam_splc/4cam_splc/nikond70_kodakdcs330_sub_22.tif,1,jpeg95_secondary,ela,1002,666,uint8,RGB,14.203984423545302,14.30597864969223,0.25039460618302933,3.996011980043916e-06,14.205908535289115,7.386642840934837
4cam_splc/4cam_splc/nikond70_kodakdcs330_sub_23.tif,1,jpeg95_secondary,rgb,1002,666,uint8,RGB,98.1078283872695,59.07946844387451,0.0015074955194715673,0.07042421663180146,98.10972709396259,58.34941138955725
4cam_splc/4cam_splc/nikond70_kodakdcs330_sub_23.tif,1,jpeg95_secondary,ela,1002,666,uint8,RGB,13.765447083810358,14.74522536947511,0.2905240569911229,1.998005990021958e-06,13.76591730442177,8.20551253404641
4cam_splc/4cam_splc/nikond70_kodakdcs330_sub_24.tif,1,jpeg95_secondary,rgb,1002,666,uint8,RGB,86.9506992021962,50.53580733418985,0.001239762716808625,0.0,86.95068027210884,49.51145369665768
4cam_splc/4cam_splc/nikond70_kodakdcs330_sub_24.tif,1,jpeg95_secondary,ela,1002,666,uint8,RGB,13.986763709817602,14.794612949131292,0.2604995214775654,2.6473579367790944e-05,13.98798894557823,8.008779380616923
4cam_splc/4cam_splc/nikond70_kodakdcs330_sub_25.tif,1,jpeg95_secondary,rgb,1002,666,uint8,RGB,90.2323381265497,56.26027146586467,0.0019016022010033987,0.0,90.23232886904762,55.149827510174944
4cam_splc/4cam_splc/nikond70_kodakdcs330_sub_25.tif,1,jpeg95_secondary,ela,1002,666,uint8,RGB,14.538548029066991,16.290890851270163,0.26418334502166835,2.8471585357812903e-05,14.538843271683673,9.382947624478902
4cam_splc/4cam_splc/nikond70_kodakdcs330_sub_26.tif,1,jpeg95_secondary,rgb,1002,666,uint8,RGB,67.54523835212458,51.69067697095422,0.0025214835594077113,0.0,67.5428159545068,50.6947280344689
4cam_splc/4cam_splc/nikond70_kodakdcs330_sub_26.tif,1,jpeg95_secondary,ela,1002,666,uint8,RGB,14.243225261189332,15.22394464252321,0.26098403793014574,2.997008985032937e-06,14.243556016156463,8.509876632547481
4cam_splc/4cam_splc/nikond70_kodakdcs330_sub_27.tif,1,jpeg95_secondary,rgb,1002,666,uint8,RGB,116.90424306542072,40.502111361948806,0.0007262751773729817,0.0,116.90492798681973,39.30731299060617
4cam_splc/4cam_splc/nikond70_kodakdcs330_sub_27.tif,1,jpeg95_secondary,ela,1002,666,uint8,RGB,13.203865042687397,14.692008666554603,0.2899706093318868,1.9480558402714093e-05,13.205682663690476,8.374913085208668
4cam_splc/4cam_splc/nikond70_kodakdcs330_sub_28.tif,1,jpeg95_secondary,rgb,1002,666,uint8,RGB,67.40937694181207,55.05232724914665,0.001303199406991822,0.0,67.40896045918367,54.12603434114157
4cam_splc/4cam_splc/nikond70_kodakdcs330_sub_28.tif,1,jpeg95_secondary,ela,1002,666,uint8,RGB,14.203907000813189,15.167548303124864,0.26037015058971147,5.494516472560384e-06,14.204765890731293,8.372572966745611
4cam_splc/4cam_splc/nikond70_kodakdcs330_sub_29.tif,1,jpeg95_secondary,rgb,1002,666,uint8,RGB,99.07790724856594,53.05657637943395,0.003147858437279595,4.995014975054895e-07,99.07842394770408,51.5764361710357
4cam_splc/4cam_splc/nikond70_kodakdcs330_sub_29.tif,1,jpeg95_secondary,ela,1002,666,uint8,RGB,15.966063368757979,16.956864170113224,0.23434662207117296,5.744267221313129e-05,15.9656143707483,9.37207154516645
4cam_splc/4cam_splc/nikond70_kodakdcs330_sub_30.tif,1,jpeg95_secondary,rgb,1002,666,uint8,RGB,110.63076749404095,47.80871944518997,0.003447059834285383,3.596410782039525e-05,110.6312181122449,46.52821254613314
4cam_splc/4cam_splc/nikond70_kodakdcs330_sub_30.tif,1,jpeg95_secondary,ela,1002,666,uint8,RGB,13.393390895885906,15.11014588878569,0.28046060032087977,2.8471585357812903e-05,13.39521550807823,8.670884597565598
