model,filename,true_label,sha256,prob_fake,threshold,pred_label
rgb,4cam_auth/4cam_auth/canong3_02_sub_01.tif,0,10c57dc429df12de57b5f9c3b7098a1ac0db8b2c190c974feca300eefe833f9e,0.19576340913772583,0.15752553939819336,1
rgb,4cam_auth/4cam_auth/canong3_02_sub_02.tif,0,95b5b75278b683dfff44b1589be6af3eb8fa658ec3597d992ce9c1aa93dae23a,0.3697710335254669,0.15752553939819336,1
rgb,4cam_auth/4cam_auth/canong3_02_sub_03.tif,0,e7afa299409ba75ed1422f2677f67b3c1ed738a92bd459586298d026c2053fb7,0.5050368905067444,0.15752553939819336,1
rgb,4cam_auth/4cam_auth/canong3_02_sub_04.tif,0,a0cd073756642e050cc29f393525f61907f39c856ec5c55e513ee471518207ab,0.31915849447250366,0.15752553939819336,1
rgb,4cam_auth/4cam_auth/canong3_02_sub_05.tif,0,f2058ef514f31ee2591c42e4204526d6fed41dc16e2b610a9b4d2041f0d9373a,0.6291337013244629,0.15752553939819336,1
rgb,4cam_auth/4cam_auth/canong3_02_sub_06.tif,0,c43a3f9480fac9072b6dce6dc843aad44c959fad9678594ef20b294180923dfc,0.5478036999702454,0.15752553939819336,1
rgb,4cam_auth/4cam_auth/canong3_02_sub_07.tif,0,97b34886e971dcdb342da3a7a6035e73c2ee89aaa2244525e94155f1b55237ed,0.32319366931915283,0.15752553939819336,1
rgb,4cam_auth/4cam_auth/canong3_02_sub_08.tif,0,73cae422708bcdd2249fffbd6b47539086874167911f05b29946570f3c3b756f,0.5106058120727539,0.15752553939819336,1
rgb,4cam_auth/4cam_auth/canong3_02_sub_09.tif,0,4c3e18741d9d80fb83b6d0e43036dc13d50d4f8907ddedc3e55217180d52a741,0.3237732946872711,0.15752553939819336,1
rgb,4cam_auth/4cam_auth/canong3_05_sub_01.tif,0,673e4aef0fa814d7aa7ce4685efeecda61de3828a22cab2988deb4be8e99faec,0.5732818245887756,0.15752553939819336,1
rgb,4cam_auth/4cam_auth/canong3_05_sub_02.tif,0,c8cc7fceed4e96117b06ff2fdac7a1f7ee8b70ff0d09c33c7bee2ba36a8d59bd,0.45610105991363525,0.15752553939819336,1
rgb,4cam_auth/4cam_auth/canong3_05_sub_03.tif,0,392b8c0acceffdb81d0555444d159e030c9661d219d457351319e5decc8ac0d2,0.4870566427707672,0.15752553939819336,1
rgb,4cam_auth/4cam_auth/canong3_05_sub_04.tif,0,1d7a2d2535baf710ab656b1c0cbcc003c7975e57f5412b4ac6a1a97297372a8b,0.35400962829589844,0.15752553939819336,1
rgb,4cam_auth/4cam_auth/canong3_05_sub_05.tif,0,bf0715e19b048206752a64702b4b6c414f13b1d9ae4d9bca7a880a44bab3390a,0.37869417667388916,0.15752553939819336,1
rgb,4cam_auth/4cam_auth/canong3_05_sub_06.tif,0,6eb3a498974f349318672788d38eeb24dcc6e93b354b35235c21fe22444b1103,0.40794432163238525,0.15752553939819336,1
rgb,4cam_auth/4cam_auth/canong3_05_sub_07.tif,0,bf0de9033ebb169f47ce84d6d156a9eaa4706130640e259b381ca90bbc52d314,0.1857437938451767,0.15752553939819336,1
rgb,4cam_auth/4cam_auth/canong3_05_sub_08.tif,0,f7192d29875db25136f16ff1f0a89968157dff9e4c7a04d5827746e8e5094c88,0.20857124030590057,0.15752553939819336,1
rgb,4cam_auth/4cam_auth/canong3_05_sub_09.tif,0,2be9ee6cd21f572ddebee611372f284ca32bca54eef529fd65bf77a6f5df4b11,0.16317304968833923,0.15752553939819336,1
rgb,4cam_auth/4cam_auth/canong3_08_sub_01.tif,0,ed586d47aac561c5bca8a93398e1adb0f4fb4a6f021c3134860e3f5fb6960773,0.668222963809967,0.15752553939819336,1
rgb,4cam_auth/4cam_auth/canong3_08_sub_02.tif,0,64d85ca9b185348237b4aee07fe0434e534ef784fc175dccefdd5548cc892283,0.19133992493152618,0.15752553939819336,1
rgb,4cam_auth/4cam_auth/canong3_08_sub_03.tif,0,bb8bc3c1837ad68b1ad02887d1584d1c820ae339804ce31f3bd1af4966024b70,0.22833609580993652,0.15752553939819336,1
rgb,4cam_auth/4cam_auth/canong3_08_sub_04.tif,0,a2684cd4a7f1dbe1fc0b9871e2d8bf5ee9dc8a5c23075cd867d1bf18c8e82b29,0.2292475700378418,0.15752553939819336,1
rgb,4cam_auth/4cam_auth/canong3_08_sub_05.tif,0,933fbf786e2462fb3bb65133178fcd118972ff6e3b8e695018d058d7308131e7,0.8542894124984741,0.15752553939819336,1
rgb,4cam_auth/4cam_auth/canong3_08_sub_06.tif,0,9f8b4dbfb39e2d98027eda785e0c0698c73e5eacaebc2835d967c7dfe18fc8ee,0.7316746711730957,0.15752553939819336,1
rgb,4cam_auth/4cam_auth/canong3_08_sub_07.tif,0,de30614806f2b51e08ac83d363fde8c4e42d99281c71ba3aba6f3506326c34be,0.09688758850097656,0.15752553939819336,0
rgb,4cam_auth/4cam_auth/canong3_08_sub_08.tif,0,5834159b8e7b05da3b7d178afc1ecc5af6fa1a84756d4602b8bb130619d013ad,0.1075354591012001,0.15752553939819336,0
rgb,4cam_auth/4cam_auth/canong3_08_sub_09.tif,0,a3d5b2ce5296993a1dda645025edf58728c20d4987e44e2775d846c837f6d96f,0.4468962252140045,0.15752553939819336,1
rgb,4cam_auth/4cam_auth/canonxt_02_sub_01.tif,0,341eb6e4933c2eafa8c4aa87ba5122386308b6d2d951336c46aa8b9cecd6c682,0.25392505526542664,0.15752553939819336,1
rgb,4cam_auth/4cam_auth/canonxt_02_sub_02.tif,0,22230dfe6c6fb3b0493bb24167b481b9421bfee654fa186e64e9b578b7e7ea2e,0.1039162203669548,0.15752553939819336,0
rgb,4cam_auth/4cam_auth/canonxt_02_sub_03.tif,0,a36dbc4e220c1596643cd8b74835d2cea6d088616e876bceb3beff9570025885,0.16727472841739655,0.15752553939819336,1
rgb,4cam_auth/4cam_auth/canonxt_02_sub_04.tif,0,131a473ef9306dc9926ccfd0fbd309fc19cc25a6f3332b8a35e488eafe5577b6,0.3823566138744354,0.15752553939819336,1
rgb,4cam_auth/4cam_auth/canonxt_02_sub_05.tif,0,8c282b79232bd182f3d71318486f845b4d4a96a7c655ac838a529e09e06f53ea,0.1528353989124298,0.15752553939819336,0
rgb,4cam_auth/4cam_auth/canonxt_02_sub_06.tif,0,ccdab98ba9f6dbaf88d27db93753278213793ee0b5abbcfda8e7c3660f3fe0a4,0.3156902492046356,0.15752553939819336,1
rgb,4cam_auth/4cam_auth/canonxt_02_sub_07.tif,0,cc49b1578572938f79ec0f979b320b51ae22bd4fb9d98b7f36c1e975d2def816,0.47777029871940613,0.15752553939819336,1
rgb,4cam_auth/4cam_auth/canonxt_02_sub_08.tif,0,3acf3f6297eee2da381e5b13dbb0f5a81d5a4960312fe3cb5d180bd3036b17e4,0.4716302156448364,0.15752553939819336,1
rgb,4cam_auth/4cam_auth/canonxt_02_sub_09.tif,0,8a3c73fba4e1c049e49d1debf76362fbd05929351f089aaef1f279cc6c6b0bef,0.45203500986099243,0.15752553939819336,1
rgb,4cam_auth/4cam_auth/canonxt_05_sub_01.tif,0,04b8e46b84a640f3700dc378fdc1cb0eae4f082f4b001d2cd495b6f3178a3cfe,0.19751763343811035,0.15752553939819336,1
rgb,4cam_auth/4cam_auth/canonxt_05_sub_02.tif,0,6c7ee43b8da0d39f562dd4d01f3859e0f386792cbe9da0f0abd77c65c73d7d8c,0.42416027188301086,0.15752553939819336,1
rgb,4cam_auth/4cam_auth/canonxt_05_sub_03.tif,0,0f836bb9c0b351f9fbced2d2db16062f620e5027569443cc0942f71fba1c59d4,0.2590772807598114,0.15752553939819336,1
rgb,4cam_auth/4cam_auth/canonxt_05_sub_04.tif,0,389c3ebcd6752a6ba4099e117e07978df1d1b923e16f73e7e064129a237be118,0.5298439860343933,0.15752553939819336,1
rgb,4cam_auth/4cam_auth/canonxt_05_sub_05.tif,0,5d89b0da9616c9f33f790111e0e7ce28bc2f411cda76416f4390a2e34d669e96,0.2157871276140213,0.15752553939819336,1
rgb,4cam_auth/4cam_auth/canonxt_05_sub_06.tif,0,3a7b8086887c0f17a47cbedc72474cd4231b5ecdafc4c6d39b43ad915562b970,0.214371919631958,0.15752553939819336,1
rgb,4cam_auth/4cam_auth/canonxt_05_sub_07.tif,0,9fac94c2a4fc83ce2c65141a83e6cda9770275c5fd7d0e9b7f654a6e3fad957c,0.3977687954902649,0.15752553939819336,1
rgb,4cam_auth/4cam_auth/canonxt_05_sub_08.tif,0,0ee67ec5a5f49294cb8e24de0df93450f0307ccbd807e10533c286055bd232df,0.6942797899246216,0.15752553939819336,1
rgb,4cam_auth/4cam_auth/canonxt_05_sub_09.tif,0,108e6c0d6ddd7f92044c7423cfcf41dfebf24dac190bb291baf34ef91b9113d1,0.4072589874267578,0.15752553939819336,1
rgb,4cam_auth/4cam_auth/canonxt_08_sub_01.tif,0,f759aaf03e4b84adb84642266010e5f15c8a1f49b41ef8fbc097587ec68b99e9,0.18352986872196198,0.15752553939819336,1
rgb,4cam_auth/4cam_auth/canonxt_08_sub_02.tif,0,25c81bd3b7590b854fd2d89f74ef4d59316047ac328782a03d6d11c0466e0ed3,0.23272110521793365,0.15752553939819336,1
rgb,4cam_auth/4cam_auth/canonxt_08_sub_03.tif,0,ca3670befb868f6cf5294d2787f832d5eba43340a79f44218b8a7a4d03bfa038,0.14900442957878113,0.15752553939819336,0
rgb,4cam_auth/4cam_auth/canonxt_08_sub_04.tif,0,d4c676d0f3f8d0c3a2ac42a3ae642e872915e4085dc5d451ac164fb3f5e6c22f,0.1874696910381317,0.15752553939819336,1
rgb,4cam_auth/4cam_auth/canonxt_08_sub_05.tif,0,3134a9c64a57c5e50cef72a084275c88848190fd25aea49b457d70ab9755d12f,0.20615361630916595,0.15752553939819336,1
rgb,4cam_auth/4cam_auth/canonxt_08_sub_06.tif,0,87434d1a2c01c2b8ce02941348d6df6dd1178c66674a157631c9bd3e355b5214,0.17093400657176971,0.15752553939819336,1
rgb,4cam_auth/4cam_auth/canonxt_08_sub_07.tif,0,339ba75d4ff4dbe8d3b52ce5469e7308fbf870ee4922d3966e30b72ce73ba4dd,0.2059716284275055,0.15752553939819336,1
rgb,4cam_auth/4cam_auth/canonxt_08_sub_08.tif,0,b1421533975f956d8d3aa5fcb9c0e8bf048042d674273a76c926337f378e3000,0.05751235410571098,0.15752553939819336,0
rgb,4cam_auth/4cam_auth/canonxt_08_sub_09.tif,0,9024ef19d75002df8a0b37d3e2239e7ca54afa639bb9426cad7f98e0e07ea697,0.1232156977057457,0.15752553939819336,0
rgb,4cam_auth/4cam_auth/canonxt_11_sub_01.tif,0,8698ec3235f15866b171c39d8f3c99a2c7abdf96ef6e92c212537f826c201f39,0.10399450361728668,0.15752553939819336,0
rgb,4cam_auth/4cam_auth/canonxt_11_sub_02.tif,0,1106e8ce2e24e9c8abda6cf311a2261a7cd72d214704875a54f94aabaea3844f,0.17440594732761383,0.15752553939819336,1
rgb,4cam_auth/4cam_auth/canonxt_11_sub_03.tif,0,b1249224a6ff94a4e27c8c912313f2bd4ee1935e43b7a38f3a4f3177db3cad88,0.1962577998638153,0.15752553939819336,1
rgb,4cam_auth/4cam_auth/canonxt_11_sub_04.tif,0,767dc3f987dc9888e52fa3db248ccb8855db20929f39165a0dec981105b1d189,0.14132803678512573,0.15752553939819336,0
rgb,4cam_auth/4cam_auth/canonxt_11_sub_05.tif,0,ae25d32a5897cca7b88f03984edfe7b0afd618a0f69c46bac916d8d937605da7,0.2582034170627594,0.15752553939819336,1
rgb,4cam_auth/4cam_auth/canonxt_11_sub_06.tif,0,6739eb712fee716cdf9c16f7c72a9a1f4fa31bfddc553408ab04a0580e190f5a,0.4744638204574585,0.15752553939819336,1
rgb,4cam_auth/4cam_auth/canonxt_11_sub_07.tif,0,8fa4b4ec6fe678e2c5d187ae3b9fb055bad1c11aa8ac8402939c6e4d06a0a3f8,0.1695173680782318,0.15752553939819336,1
rgb,4cam_auth/4cam_auth/canonxt_11_sub_08.tif,0,fae87978655d1e0881b692a78a8e263763e7992d493b38eedb23d4cc45a56d7f,0.3385562002658844,0.15752553939819336,1
rgb,4cam_auth/4cam_auth/canonxt_11_sub_09.tif,0,d976e399bd9209b01cf0e265aa904e39e4b56f90d7b97ed9b9695f58d7121083,0.10427495092153549,0.15752553939819336,0
rgb,4cam_auth/4cam_auth/canonxt_14_sub_01.tif,0,1b4d83293436a0723f27ca5ab28193adc4d42a91058bb9a65afa9f96bdc12c10,0.12157315015792847,0.15752553939819336,0
rgb,4cam_auth/4cam_auth/canonxt_14_sub_02.tif,0,f7c44ebb06c9c1958495f39910a50fff281c87833aec63267247734db87e3569,0.35700199007987976,0.15752553939819336,1
rgb,4cam_auth/4cam_auth/canonxt_14_sub_03.tif,0,4c3e27358b8276f04b75b400c32b65bb0b3f49c2bdafa232ee27de81137a11e2,0.2902020215988159,0.15752553939819336,1
rgb,4cam_auth/4cam_auth/canonxt_14_sub_04.tif,0,89eb602e33d291dd5ddea9cee1305455413582cb8dd8d7d00a0cc7c32a59703d,0.29326024651527405,0.15752553939819336,1
rgb,4cam_auth/4cam_auth/canonxt_14_sub_05.tif,0,66405761768681034b6aca56be6f7a478f34c05b2cc9257e5b17b10bf2ee4dbe,0.13597387075424194,0.15752553939819336,0
rgb,4cam_auth/4cam_auth/canonxt_14_sub_06.tif,0,231a1d20b537976bc144dcde93d8dded798644245dca3c04e6574f856388252e,0.07901446521282196,0.15752553939819336,0
rgb,4cam_auth/4cam_auth/canonxt_14_sub_07.tif,0,11ee5864344b86b18567d52f47869322052e4e84ffa5630b70f48f6c1d5a7d4b,0.13052332401275635,0.15752553939819336,0
rgb,4cam_auth/4cam_auth/canonxt_14_sub_08.tif,0,cc3bd450dc0af10edecde29dcb9abd664109bdf14b53e2cf8aa7d81199a00ab5,0.42576077580451965,0.15752553939819336,1
rgb,4cam_auth/4cam_auth/canonxt_14_sub_09.tif,0,4ae3c68ce590c5543bba9874f624db778852de1204303bb5607f551e6b6d3664,0.25900450348854065,0.15752553939819336,1
rgb,4cam_auth/4cam_auth/canonxt_17_sub_01.tif,0,021d1b8f746ae2bd28004960a8563101c16ea8ad667d606420f638a20ae5c256,0.21351255476474762,0.15752553939819336,1
rgb,4cam_auth/4cam_auth/canonxt_17_sub_02.tif,0,60f0f0309579b2d853e58029ee611d7b6ec356cf572287e568263afd2cbd2d49,0.5387524962425232,0.15752553939819336,1
rgb,4cam_auth/4cam_auth/canonxt_17_sub_03.tif,0,8aae3b65567ba21e7970188bad16764552e4d9e72620fa8fab4f8a9ed95cf1f8,0.0305874515324831,0.15752553939819336,0
rgb,4cam_auth/4cam_auth/canonxt_17_sub_04.tif,0,a323fb48291447bd628c52c0afd0fd55bb3c593da0e5a3ecafd0f291cf3e1ed4,0.5944358110427856,0.15752553939819336,1
rgb,4cam_auth/4cam_auth/canonxt_17_sub_05.tif,0,bccbe60915a1c1d828cd4ff558e4dc4c433130ee4b28fddc67dbbb24f4fcf0e3,0.6215286254882812,0.15752553939819336,1
rgb,4cam_auth/4cam_auth/canonxt_17_sub_06.tif,0,38938c0017ce988170bfcbb88dd2f79cd507713d045666db0ce7ae66c3b0719b,0.09229542315006256,0.15752553939819336,0
rgb,4cam_auth/4cam_auth/canonxt_17_sub_07.tif,0,09d943625613c5161e4687802b7fc2c50a32e941f1953b0c7be65b16d8eb89b1,0.44225800037384033,0.15752553939819336,1
rgb,4cam_auth/4cam_auth/canonxt_17_sub_08.tif,0,fb96ab39689ad4370717315cffe44ef36420e608fbc002b6bf4fc6dce6b7a580,0.6021134853363037,0.15752553939819336,1
rgb,4cam_auth/4cam_auth/canonxt_17_sub_09.tif,0,88a98e7fd30191128be75067bb0c1c5ff989b2fec1eaa7869f5a8e9b836f7985,0.2373901605606079,0.15752553939819336,1
rgb,4cam_auth/4cam_auth/canonxt_20_sub_01.tif,0,b2d22a8e91458811a7a4b375180a70e9cd51d938cc60c2917373f489aa353760,0.07132188975811005,0.15752553939819336,0
rgb,4cam_auth/4cam_auth/canonxt_20_sub_02.tif,0,1128470d275c2dddea7aa09ab94713190e474ae36c8956e0b8fbbf1b72e1a78c,0.20465505123138428,0.15752553939819336,1
rgb,4cam_auth/4cam_auth/canonxt_20_sub_03.tif,0,e1a565b431c7620472512ee3132155de0efb5be24aee05de9780871c5f6ad381,0.6721678972244263,0.15752553939819336,1
rgb,4cam_auth/4cam_auth/canonxt_20_sub_04.tif,0,0d83d4cba3c5a81b9ec96cf0d73ccad06e5fc037dfac8e72753f5f8606bee9f9,0.06671889871358871,0.15752553939819336,0
rgb,4cam_auth/4cam_auth/canonxt_20_sub_05.tif,0,0b6ec30c3e2ee13a68589b48b2b5576e54f8db9f78e7b34e8ad2f4e6e4f3531c,0.23508453369140625,0.15752553939819336,1
rgb,4cam_auth/4cam_auth/canonxt_20_sub_06.tif,0,5719e0a8f099b392abf233c15e2b1b50ec62ea8415479ab20e1af81ef911c97d,0.44549357891082764,0.15752553939819336,1
rgb,4cam_auth/4cam_auth/canonxt_20_sub_07.tif,0,9f8631d778fa6a290cf588fe8b971752c623163d009714e4b49d22f0fc96fe0e,0.09106571972370148,0.15752553939819336,0
rgb,4cam_auth/4cam_auth/canonxt_20_sub_08.tif,0,3814bc6935f504250c58818c099a793f1a3ef8dbbd928ff480d0471797a6c7c1,0.30977925658226013,0.15752553939819336,1
rgb,4cam_auth/4cam_auth/canonxt_20_sub_09.tif,0,76e31e6fcb2bec81a48600dd03f8ba23ffc3ced7d19a95457e52317c058f23db,0.23524785041809082,0.15752553939819336,1
rgb,4cam_auth/4cam_auth/canonxt_23_sub_01.tif,0,50a3a76c877c770bfbf1b22b712e2f66b1bc29e36a9b6208d2a329a2dd934071,0.27590084075927734,0.15752553939819336,1
rgb,4cam_auth/4cam_auth/canonxt_23_sub_02.tif,0,6782c205b388d460f10bd7ff2d2ad1891a248d33515890e466835aa31db5f016,0.1487661451101303,0.15752553939819336,0
rgb,4cam_auth/4cam_auth/canonxt_23_sub_03.tif,0,1a2327caf2e42605ec063bc4a82572e848bef1a1a35f4096f3cb6df3bc818c5d,0.16620087623596191,0.15752553939819336,1
rgb,4cam_auth/4cam_auth/canonxt_23_sub_04.tif,0,f094a23420775729add213bd2795942610963d7f94444171371591b8a5b26e4e,0.42421451210975647,0.15752553939819336,1
rgb,4cam_auth/4cam_auth/canonxt_23_sub_05.tif,0,ad2ee56ea65435ee656d787b4cbc0c31da7f8bd80c032bd46597063544d235ab,0.32683196663856506,0.15752553939819336,1
rgb,4cam_auth/4cam_auth/canonxt_23_sub_06.tif,0,535006fcff5dcdc868c16612b1fb13b9f31c0f0d2af74ed58dacb00f2c289e37,0.1131596714258194,0.15752553939819336,0
rgb,4cam_auth/4cam_auth/canonxt_23_sub_07.tif,0,647d51070b6ce6d4139b78ae0a4fdf9ceb5feba604ee4c10dd85087b162ccc13,0.290078729391098,0.15752553939819336,1
rgb,4cam_auth/4cam_auth/canonxt_23_sub_08.tif,0,87f4b07a1c628fce92ead67355d39095b343f5b695efb020dc30646e62114205,0.03917607665061951,0.15752553939819336,0
rgb,4cam_auth/4cam_auth/canonxt_23_sub_09.tif,0,4efa22b3d395527c797d9b281e5ac869330b4753de2d59ec9e714a41df596192,0.04919612035155296,0.15752553939819336,0
rgb,4cam_auth/4cam_auth/canonxt_26_sub_01.tif,0,2c76146b85f098d170d4fb004dcc4722c06a3c95554074af5753fa1731837ca8,0.0513128936290741,0.15752553939819336,0
rgb,4cam_auth/4cam_auth/canonxt_26_sub_02.tif,0,4bb66532a48e352be3a1299c2020389997409f188af7a39becbe2199a75eae9b,0.30474936962127686,0.15752553939819336,1
rgb,4cam_auth/4cam_auth/canonxt_26_sub_03.tif,0,d855aa9b77188c32ec894b14c0a2e6204d277730890875abd9c17e7dcf3b1c2b,0.4028680622577667,0.15752553939819336,1
rgb,4cam_auth/4cam_auth/canonxt_26_sub_04.tif,0,aa6fbf47a37f8db33631c364f12be538bdc30ca85a183c9dc132af6a1ccd67e7,0.1828068047761917,0.15752553939819336,1
rgb,4cam_auth/4cam_auth/canonxt_26_sub_05.tif,0,f25885c3213456c014edc945ec84a216c09f2f90767f322b7e300e107bc42799,0.08934056013822556,0.15752553939819336,0
rgb,4cam_auth/4cam_auth/canonxt_26_sub_06.tif,0,84a772790032aa3e713b8fcf5ec769b005326b054977661fbb2073ecb2d23f57,0.17230835556983948,0.15752553939819336,1
rgb,4cam_auth/4cam_auth/canonxt_26_sub_07.tif,0,d22d65b2a477174364c86f9aa45d9b9e8e2e008035936975efcd2e48de2131ed,0.1370379626750946,0.15752553939819336,0
rgb,4cam_auth/4cam_auth/canonxt_26_sub_08.tif,0,9b9dc94025e182a7789ddf1c8a5c6714adb2e9a35369a1d6c29ffccd4ece4aa8,0.14078950881958008,0.15752553939819336,0
rgb,4cam_auth/4cam_auth/canonxt_26_sub_09.tif,0,b21a94a5a58db0a2cf438c563b4b38d36267a40fb7ad9f5631c7d8a62ff202b3,0.3159821033477783,0.15752553939819336,1
rgb,4cam_auth/4cam_auth/canonxt_29_sub_01.tif,0,5c45cbdb0b30e765a8471af8be88d0d1402576e30329ba86015d551f49a01c87,0.36167699098587036,0.15752553939819336,1
rgb,4cam_auth/4cam_auth/canonxt_29_sub_02.tif,0,836f7806fc016dd03ebdf238fe1a7a9ca7aeb9a12670cc50d02c074e80d1f367,0.21665918827056885,0.15752553939819336,1
rgb,4cam_auth/4cam_auth/canonxt_29_sub_03.tif,0,f15cd42e6094b42e0e6d0584cd4b380de6e1cb773f46a2a2c905b1923737a356,0.042989231646060944,0.15752553939819336,0
rgb,4cam_auth/4cam_auth/canonxt_29_sub_04.tif,0,1fea55c6fd32b5050801fee739e9e4396518f07b751f437a02522bedbd5d7410,0.13552281260490417,0.15752553939819336,0
rgb,4cam_auth/4cam_auth/canonxt_29_sub_05.tif,0,7aa11771bfb045e3bc367860e09fe8c720202b1c36a9a9cb9e880505ee390d7b,0.250788152217865,0.15752553939819336,1
rgb,4cam_auth/4cam_auth/canonxt_29_sub_06.tif,0,aff48f4e3c825275d59c177db05b9be1d45fccbd9f96f118cbc4c5701fc778a0,0.23672528564929962,0.15752553939819336,1
rgb,4cam_auth/4cam_auth/canonxt_29_sub_07.tif,0,737ed1128cbc45180aa2b7e1fb17ef253bc7aa2630529f709fe72764f5cd107d,0.05926608294248581,0.15752553939819336,0
rgb,4cam_auth/4cam_auth/canonxt_29_sub_08.tif,0,f39074d479e059861c47c41ac76ef07c86d116b33748c9f93754eade356c1667,0.03794410824775696,0.15752553939819336,0
rgb,4cam_auth/4cam_auth/canonxt_29_sub_09.tif,0,63dc09c8523468081efd6769e1ead6af76019d2a8f17791071fc9ccdf2f12f01,0.3766651749610901,0.15752553939819336,1
rgb,4cam_auth/4cam_auth/canonxt_32_sub_01.tif,0,08b5d87da8ffc9d862ac53739da65241592784b4f94927c19efa9e068c27e11a,0.30915936827659607,0.15752553939819336,1
rgb,4cam_auth/4cam_auth/canonxt_32_sub_02.tif,0,883332cd45a9b18063a7093d5928c19d87f1f62e6ed0231a27b284e89896dcad,0.3576461970806122,0.15752553939819336,1
rgb,4cam_auth/4cam_auth/canonxt_32_sub_03.tif,0,bf23a04da08b697972717053c74ea0d9d4c85edb90277e5f03cbb7ea7536ebd0,0.42538878321647644,0.15752553939819336,1
rgb,4cam_auth/4cam_auth/canonxt_32_sub_04.tif,0,7d0180fdc9d03bf21755ddcc3b1a7f323b1b19dd2f78f7781eb84cdb17571cc7,0.30881181359291077,0.15752553939819336,1
rgb,4cam_auth/4cam_auth/canonxt_32_sub_05.tif,0,840f0aeda28281808f76a717666c6043c986a4998e26ae7d32e0e379d8fdd38e,0.4597839117050171,0.15752553939819336,1
rgb,4cam_auth/4cam_auth/canonxt_32_sub_06.tif,0,227dcf35853c33981efcaad01b49b24cb07b81469ebfa148ae35eb0db8c71eb0,0.5866532921791077,0.15752553939819336,1
rgb,4cam_auth/4cam_auth/canonxt_32_sub_07.tif,0,ac211e00ab7d1a73925c3a47a2813f1525dd7c321fc9eef19f3db967f45e8ecb,0.30790460109710693,0.15752553939819336,1
rgb,4cam_auth/4cam_auth/canonxt_32_sub_08.tif,0,102e916c97b51e8c177c21d8a20d42da3ac3b793a20b8cb1cfa70ba4a61b511f,0.16387541592121124,0.15752553939819336,1
rgb,4cam_auth/4cam_auth/canonxt_32_sub_09.tif,0,d280a054e61c8db6e249a186c04e9fb5a825b9b21425e3cb63c288ae6d152d8c,0.2762759029865265,0.15752553939819336,1
rgb,4cam_auth/4cam_auth/canonxt_35_sub_01.tif,0,fd3d17da2d9f0ad24bfbbc22fdebf8913e1fefdb342f6edff0c0edb0424e83db,0.38234633207321167,0.15752553939819336,1
rgb,4cam_auth/4cam_auth/canonxt_35_sub_02.tif,0,e9a1eff3b5a6032b6b0b63d8c90226e053fb4b82a39c86482a5551500768d39c,0.5088769793510437,0.15752553939819336,1
rgb,4cam_auth/4cam_auth/canonxt_35_sub_03.tif,0,0d4e99904a3c907e62dffc1129e758257bad7b2ff53e9db3d3408ecb170c8fd8,0.5365399718284607,0.15752553939819336,1
rgb,4cam_auth/4cam_auth/canonxt_35_sub_04.tif,0,267626397c94686b8fcd48b2a52970f0ec216931496684f80108cbeb1ad9cd9f,0.3170984089374542,0.15752553939819336,1
rgb,4cam_auth/4cam_auth/canonxt_35_sub_05.tif,0,1683630eed7aea79b0cfb56b6876f44b97d4b6a522f6c720b7271de7abc7280c,0.3144190311431885,0.15752553939819336,1
rgb,4cam_auth/4cam_auth/canonxt_35_sub_06.tif,0,33aa918317f9661faf8dbcc0babc1aa15e4dcd1689615b49efb188a7274ece71,0.687477707862854,0.15752553939819336,1
rgb,4cam_auth/4cam_auth/canonxt_35_sub_07.tif,0,963d91d7ef2b80069081b03bd2def2ce7f3e782ac0d22302bbd6ed41a62c5964,0.3837009072303772,0.15752553939819336,1
rgb,4cam_auth/4cam_auth/canonxt_35_sub_08.tif,0,a775a6c20fe22e802de3086afce5fa19b72ac333be548584a43863b15846c94e,0.3464733064174652,0.15752553939819336,1
rgb,4cam_auth/4cam_auth/canonxt_35_sub_09.tif,0,471f7d59b177e34d390f328cb186439769779fc188a4ab8f5773b4dec5e41f8f,0.492201030254364,0.15752553939819336,1
rgb,4cam_auth/4cam_auth/canonxt_38_sub_01.tif,0,ef2f004e0e0dae016d9f06f81dcd73924ebe2d1fcf134211db4f3609e4c52747,0.2058657705783844,0.15752553939819336,1
rgb,4cam_auth/4cam_auth/canonxt_38_sub_02.tif,0,620907f3650a1c425c021dd12cd302fc5a7afa2840b9c1ddea6b436a138eb2e1,0.1223798468708992,0.15752553939819336,0
rgb,4cam_auth/4cam_auth/canonxt_38_sub_03.tif,0,b27d51936b7b8dc51ef141106b938c2809cf0cfc290f7b52a9544bdd70f930a3,0.138218954205513,0.15752553939819336,0
rgb,4cam_auth/4cam_auth/canonxt_38_sub_04.tif,0,ca3ac2f191ef7f32593377442509ba84a2f55518e2de9d30765cd5bd5ff7ec5f,0.30796465277671814,0.15752553939819336,1
rgb,4cam_auth/4cam_auth/canonxt_38_sub_05.tif,0,0ec50a42b9e47d4a0ee9cee4058b3a80ab8ada74e63c462b02b859b77f1b1974,0.09876694530248642,0.15752553939819336,0
rgb,4cam_auth/4cam_auth/canonxt_38_sub_06.tif,0,0cd727fdbd5483940280d378bf621ad9afd9775133f5589c1d57393910918f6e,0.05833476036787033,0.15752553939819336,0
rgb,4cam_auth/4cam_auth/canonxt_38_sub_07.tif,0,17dda886b5e072ea6d5bb3155f680cbc7215b70ab850c5b7fc3a831fd1eb2b70,0.185580313205719,0.15752553939819336,1
rgb,4cam_auth/4cam_auth/canonxt_38_sub_08.tif,0,6b842a201e48dc4be36b467c9d53f1fe589b096a0b481c3b018d2b3244c4daca,0.4527905583381653,0.15752553939819336,1
rgb,4cam_auth/4cam_auth/canonxt_38_sub_09.tif,0,637127b89d8fbf2b5099e3bb66cdf56f4f2dfd1c49072c46c156b195c4500b6f,0.08796367049217224,0.15752553939819336,0
rgb,4cam_auth/4cam_auth/kodakdcs330_01_sub_01.tif,0,58ce9d03200a96219db3aeb923bf5bca292675ca47c16870e54db0bea9bb872f,0.6549989581108093,0.15752553939819336,1
rgb,4cam_auth/4cam_auth/kodakdcs330_02_sub_01.tif,0,1afc97bdd0d4efd979b94319dad7540dbe72d54cfa11cf4e4686f65fbe0f4e84,0.3054448366165161,0.15752553939819336,1
rgb,4cam_auth/4cam_auth/kodakdcs330_03_sub_01.tif,0,3da50fab8fd5f8f2616c8c52417cedf858e1ca39d9c56619e234371f25dfacfd,0.4316461980342865,0.15752553939819336,1
rgb,4cam_auth/4cam_auth/nikond70_02_sub_01.tif,0,4bcd5d8ab8a855056ac29b638eb04dbd0077bf818c627fcd2016f5a387d6d502,0.8416961431503296,0.15752553939819336,1
rgb,4cam_auth/4cam_auth/nikond70_02_sub_02.tif,0,22183970aaf6a9a9a7b268e5eed6a9be45abe24a92f855349ea80b627e0570c9,0.6619148254394531,0.15752553939819336,1
rgb,4cam_auth/4cam_auth/nikond70_02_sub_03.tif,0,4f9606a33be34251ad1d9f8c996de5a8daf20fcbea172c7a5f0603b85e01c38d,0.15670137107372284,0.15752553939819336,0
rgb,4cam_auth/4cam_auth/nikond70_02_sub_04.tif,0,9e05717b25d5a9ac872d47d7b72408fe9d160bc28e3ae69c289f07b773cc7ccb,0.8384279012680054,0.15752553939819336,1
rgb,4cam_auth/4cam_auth/nikond70_02_sub_05.tif,0,34b180abcc18c00561736879fabc00d29ad53300aa3963269df888386b8c1852,0.5659688711166382,0.15752553939819336,1
rgb,4cam_auth/4cam_auth/nikond70_02_sub_06.tif,0,e9385c79cd6da92c93d14a6feb133034483a6a4c26c1237cddb59c1e771e416e,0.2869243919849396,0.15752553939819336,1
rgb,4cam_auth/4cam_auth/nikond70_02_sub_07.tif,0,56af486b771e7d1c0e15d182215451d405aa3f804ccdb6b3e0fe69aec1d093dc,0.6516666412353516,0.15752553939819336,1
rgb,4cam_auth/4cam_auth/nikond70_02_sub_08.tif,0,b30519b4bb8a402abec996b03da876cb9b3267e4a4cbe575e3a25c1002ef0b37,0.21606309711933136,0.15752553939819336,1
rgb,4cam_auth/4cam_auth/nikond70_02_sub_09.tif,0,24cf284a11f7aecd9a8c914b67b41112f46a80531b1331956e167ea1e8ec6104,0.21818561851978302,0.15752553939819336,1
rgb,4cam_auth/4cam_auth/nikond70_05_sub_01.tif,0,fe3ff7b742c39bd1753816d00f58e50f110ad7cafa7e9ce94e7ce3e48ae7cba1,0.14357267320156097,0.15752553939819336,0
rgb,4cam_auth/4cam_auth/nikond70_05_sub_02.tif,0,48d6875f66e16f44319a05e9facc4d3afa6b8cab684c0a705e34da5e15bb097d,0.36809688806533813,0.15752553939819336,1
rgb,4cam_auth/4cam_auth/nikond70_05_sub_03.tif,0,0356ffa2dcc9ceef4eb86868440b52bf1e0e8d430ea54001cec7de6c5c370c30,0.3030966818332672,0.15752553939819336,1
rgb,4cam_auth/4cam_auth/nikond70_05_sub_04.tif,0,cd3d2ded7938be70c2e2cd5c77fdc8022ad074a5e2e672a3b0e16118b1cc13ac,0.04989700764417648,0.15752553939819336,0
rgb,4cam_auth/4cam_auth/nikond70_05_sub_05.tif,0,ae905e86b128be418c87d65e05dcf57ecff4cf5d27f9e593bc2f352f4b9b004d,0.3590405285358429,0.15752553939819336,1
rgb,4cam_auth/4cam_auth/nikond70_05_sub_06.tif,0,9509a5c2f4d71874e469db943483c1ddddbc10b814db607e6cff372533012707,0.11615008115768433,0.15752553939819336,0
rgb,4cam_auth/4cam_auth/nikond70_05_sub_07.tif,0,846026872ec53592d4b373e0460c43459be55fe872f7a3df14f0e90c3c33beec,0.05642559006810188,0.15752553939819336,0
rgb,4cam_auth/4cam_auth/nikond70_05_sub_08.tif,0,25bc8b22d346ea938ce63942250d6b6199c26725b2159cc6692c944da7ed31b7,0.4755955934524536,0.15752553939819336,1
rgb,4cam_auth/4cam_auth/nikond70_05_sub_09.tif,0,db2fb6d4aa3d39f2ebb0138954ee5f4bc74fc4b708527aef361523d0dfd458d3,0.18544811010360718,0.15752553939819336,1
rgb,4cam_auth/4cam_auth/nikond70_08_sub_01.tif,0,0150ae5e42e89c2854c3effa116c2f79bf416c713cf32bb5ff432e2fd4954d34,0.09700851142406464,0.15752553939819336,0
rgb,4cam_auth/4cam_auth/nikond70_08_sub_02.tif,0,4130f4307030439a1b6ebf3f1196eacd42dd87ea9fede6e0ee33d28ea9a954ca,0.4312402307987213,0.15752553939819336,1
rgb,4cam_auth/4cam_auth/nikond70_08_sub_03.tif,0,6463d6a084fa69f3377f5df2a822663ec1c9a4ac5c8a8cb9c653232b74a25fdd,0.1605059653520584,0.15752553939819336,1
rgb,4cam_auth/4cam_auth/nikond70_08_sub_04.tif,0,34cf50f170a4fb6f53be6419e2aca35730c6366ef40e0f914283899b84156278,0.09791848063468933,0.15752553939819336,0
rgb,4cam_auth/4cam_auth/nikond70_08_sub_05.tif,0,9adf516aa36fa290da2526495d2d70f238c4d315a3445154d6c1d3964e97e90f,0.25386926531791687,0.15752553939819336,1
rgb,4cam_auth/4cam_auth/nikond70_08_sub_06.tif,0,279b66db15f09a7832233b411261d3cedeab5a4324b3dfb4e76e210c89f7126d,0.16981936991214752,0.15752553939819336,1
rgb,4cam_auth/4cam_auth/nikond70_08_sub_07.tif,0,636fe1a9bfd373aa9027b12106a56ce4560261094c356db5167a440c20a69f69,0.1113663837313652,0.15752553939819336,0
rgb,4cam_auth/4cam_auth/nikond70_08_sub_08.tif,0,7c953cf63d0fb44f7c808913feb0def860f3652c56741c319eea97e9b7b385d9,0.20908907055854797,0.15752553939819336,1
rgb,4cam_auth/4cam_auth/nikond70_08_sub_09.tif,0,4aa2c770f5d608cde4a84343c91ddb42cbc35981b75538cd4a74e0ec8e091bf2,0.11150642484426498,0.15752553939819336,0
rgb,4cam_auth/4cam_auth/nikond70_11_sub_01.tif,0,9fada6aae76b7f9b6877c857abd87fbc132a638c7924632d6f39fbd9a33d42db,0.08359771966934204,0.15752553939819336,0
rgb,4cam_auth/4cam_auth/nikond70_11_sub_02.tif,0,7458b4a1b8f23b52c9505b693f679bc74db2763cfa3192df7c25db0d16dce60b,0.042649514973163605,0.15752553939819336,0
rgb,4cam_auth/4cam_auth/nikond70_11_sub_03.tif,0,18a8e836a87a42590c0aafb73c1be9709400aa5c9ae42aef79efde9f058ff7d7,0.06354469805955887,0.15752553939819336,0
rgb,4cam_auth/4cam_auth/nikond70_11_sub_04.tif,0,77f34af085d608d613da946f4da46cb22b2f8cfb2dea3385c1c51c040cf069dd,0.1791815608739853,0.15752553939819336,1
rgb,4cam_auth/4cam_auth/nikond70_11_sub_05.tif,0,d7a7e4f290a1074c8d8a3e4a07dc9bc2e80cfddb10658e9755b7245e0d81039b,0.33892005681991577,0.15752553939819336,1
rgb,4cam_auth/4cam_auth/nikond70_11_sub_06.tif,0,f573e3dd43011e07424c4ad7e5a830226b2690eaaa5c16c9aeafe1f180ca7965,0.46628108620643616,0.15752553939819336,1
rgb,4cam_auth/4cam_auth/nikond70_11_sub_07.tif,0,16a2b71eb83be01601a4bd0bb408934bcb6ed99058304cd8be7acef5686d4ff3,0.29628559947013855,0.15752553939819336,1
rgb,4cam_auth/4cam_auth/nikond70_11_sub_08.tif,0,dd806e97da5e3f14283488272dbbc4fc23ba4a10fb34962f5220ab405b282696,0.3093239665031433,0.15752553939819336,1
rgb,4cam_auth/4cam_auth/nikond70_11_sub_09.tif,0,b1ff358ca5eae3966928080c5fc5be7f8bb1b09f097cacb1ecb7b0fb245cc69e,0.27020013332366943,0.15752553939819336,1
rgb,4cam_splc/4cam_splc/canong3_canonxt_sub_01.tif,1,cf907487b402219876234a991ce3a9bca201e9fd38d0a4b6d8260c32db4228ed,0.5183626413345337,0.15752553939819336,1
rgb,4cam_splc/4cam_splc/canong3_canonxt_sub_02.tif,1,6f6050c0634f0ea4b3d2c7c01f1b4aa4f1772159c80494ccd9cf4e7ee8e79762,0.6121787428855896,0.15752553939819336,1
rgb,4cam_splc/4cam_splc/canong3_canonxt_sub_03.tif,1,3d4ab29d92e080228bec597fad1fab4010b0c40dbbea110f552b4a15e7a5d087,0.6766936779022217,0.15752553939819336,1
rgb,4cam_splc/4cam_splc/canong3_canonxt_sub_04.tif,1,f169eef353a85306ac62293acb1ed6275e7a223a801698c7bdf9c4a081fa5d79,0.5035146474838257,0.15752553939819336,1
rgb,4cam_splc/4cam_splc/canong3_canonxt_sub_05.tif,1,e4c8b93332db89da4a8dbd239b8d0441bd793f4027258e505b066959ef4eb285,0.528860867023468,0.15752553939819336,1
rgb,4cam_splc/4cam_splc/canong3_canonxt_sub_06.tif,1,d597340769b0051b753aa146b993977192eb15a06785895867098914da8a93ae,0.3707204759120941,0.15752553939819336,1
rgb,4cam_splc/4cam_splc/canong3_canonxt_sub_07.tif,1,e98d695b45e303c28f0a9f6bff3de01993375e415626cf1bf56e8f9f8f535bd5,0.8510765433311462,0.15752553939819336,1
rgb,4cam_splc/4cam_splc/canong3_canonxt_sub_08.tif,1,0b9631f3334afbecd5056874f59ca425654fc22bb22f33db6fd3fcef0214a18c,0.4534718096256256,0.15752553939819336,1
rgb,4cam_splc/4cam_splc/canong3_canonxt_sub_09.tif,1,50a77f77f0f4fd0aa1df04b5d5bc08e565d159505c537dd3a3155bafd99d421b,0.6744941473007202,0.15752553939819336,1
rgb,4cam_splc/4cam_splc/canong3_canonxt_sub_10.tif,1,4eb9cf644135e89605710a0ee440c4e8dd1488147e91ee1717ac5a3059a4e865,0.9293944239616394,0.15752553939819336,1
rgb,4cam_splc/4cam_splc/canong3_canonxt_sub_11.tif,1,857463adfce2047aa08fa51e10421e2e7b9f37df49a3f2d4f01d3b9416639761,0.8063013553619385,0.15752553939819336,1
rgb,4cam_splc/4cam_splc/canong3_canonxt_sub_12.tif,1,052ec53f6443cbedefc09e27404285646a1fe38fed0cef78f1681c5b6e852fe5,0.28322404623031616,0.15752553939819336,1
rgb,4cam_splc/4cam_splc/canong3_canonxt_sub_13.tif,1,e0ec4675164e5e19ff8c8fa82f82653b712d174fafe2e9de26c0559a2e6cfbda,0.13634341955184937,0.15752553939819336,0
rgb,4cam_splc/4cam_splc/canong3_canonxt_sub_14.tif,1,0017abdefc545f58fe2bafe8e2997e765ccc86d5b38840d75862cadb4e676f4d,0.40190476179122925,0.15752553939819336,1
rgb,4cam_splc/4cam_splc/canong3_canonxt_sub_15.tif,1,0e31a59c9d9e6fd04daf6a1cfaa9927474d44128816933d360581085099149a0,0.31894537806510925,0.15752553939819336,1
rgb,4cam_splc/4cam_splc/canong3_canonxt_sub_16.tif,1,a5c4d797659a5dfc5e5df804f47139a57b06a74e1b9f99f0a7eaa2b359271c17,0.7149593234062195,0.15752553939819336,1
rgb,4cam_splc/4cam_splc/canong3_canonxt_sub_17.tif,1,59dbd783000a8f6d2b7387cdb2e4b0ba1b506e2f0850fe8ec3d8831c9d39e5a5,0.4874713122844696,0.15752553939819336,1
rgb,4cam_splc/4cam_splc/canong3_canonxt_sub_18.tif,1,2cc3be604ecbc2e1fcac7a88c42a2d7835121e3aa75b24f28f3707a831f34ffa,0.24343810975551605,0.15752553939819336,1
rgb,4cam_splc/4cam_splc/canong3_canonxt_sub_19.tif,1,729201ea6675b5104b8867c4c1bde756ff09bdfb23e20c9d34927c1f861cb270,0.5090080499649048,0.15752553939819336,1
rgb,4cam_splc/4cam_splc/canong3_canonxt_sub_20.tif,1,b0a3a1961fb9a01edbe02827a86e791ceec32a5421b98913a0cce36fe7573f64,0.560188889503479,0.15752553939819336,1
rgb,4cam_splc/4cam_splc/canong3_canonxt_sub_21.tif,1,32665f1916e5ed2dfd2d070582e5b19b009a4feca49041bbf552cd7ec79816cc,0.21018216013908386,0.15752553939819336,1
rgb,4cam_splc/4cam_splc/canong3_canonxt_sub_22.tif,1,65a4e0a7ca805f891bb130c4c7716d9d4ac8e72b8b9a402c76ba811284aac965,0.37150469422340393,0.15752553939819336,1
rgb,4cam_splc/4cam_splc/canong3_canonxt_sub_23.tif,1,5e9920d08b6b7ef148c901b26b004d32311de18783bf001ea3387d61cd802155,0.5541347861289978,0.15752553939819336,1
rgb,4cam_splc/4cam_splc/canong3_canonxt_sub_24.tif,1,5074fe0cf4325f5ab552f45489909d523a9a8832ef679702346d60ac826ef845,0.6423801779747009,0.15752553939819336,1
rgb,4cam_splc/4cam_splc/canong3_canonxt_sub_25.tif,1,76e6a69a571597535ff07b45c7b799592af43b911a75ac68164bef683e5b4a68,0.4200998842716217,0.15752553939819336,1
rgb,4cam_splc/4cam_splc/canong3_canonxt_sub_26.tif,1,4779a7676225da9f7ce92cda6e2bd5d926216b28c6ddf4e422c590acb5cf9409,0.39209824800491333,0.15752553939819336,1
rgb,4cam_splc/4cam_splc/canong3_canonxt_sub_27.tif,1,9acc02ef48e974e141681a1f9630c59fece8c39b0f4ce9c080e284c8564edee2,0.5904297828674316,0.15752553939819336,1
rgb,4cam_splc/4cam_splc/canong3_canonxt_sub_28.tif,1,b6035c99437c6698e0b849f53f041b3354467738fdb7272be2c67567c57a2495,0.6709340810775757,0.15752553939819336,1
rgb,4cam_splc/4cam_splc/canong3_canonxt_sub_29.tif,1,da03d9cc0f34b347f7cc53f4368844f1cf3b7303f41dea80457ccb9bff3b6139,0.3334086239337921,0.15752553939819336,1
rgb,4cam_splc/4cam_splc/canong3_canonxt_sub_30.tif,1,3e6c45a0de9ed64c62439ab7a81f863d0c702ae91074a68693c1f6be83e2f2cf,0.19873620569705963,0.15752553939819336,1
rgb,4cam_splc/4cam_splc/canong3_kodakdcs330_sub_01.tif,1,81f9be7f66d99ec66437c882b6026149e8c6044d4b66a8d4e71db5fa2819cbcb,0.3526293933391571,0.15752553939819336,1
rgb,4cam_splc/4cam_splc/canong3_kodakdcs330_sub_02.tif,1,62f64d0c2369e4c6610f29b90164ecfc63b8f4684ba16c8e4d2b2e1e14f9330f,0.337064653635025,0.15752553939819336,1
rgb,4cam_splc/4cam_splc/canong3_kodakdcs330_sub_03.tif,1,dc10f43e9b3f24bf64c70990f7b870021f37054f1a0317aed8661cc44ef7eb4a,0.49768707156181335,0.15752553939819336,1
rgb,4cam_splc/4cam_splc/canong3_kodakdcs330_sub_04.tif,1,797a2d4220d6fb0680f3c5ae73a826f0801dc30f35c01d4d63ddddebd37db0c1,0.3528735637664795,0.15752553939819336,1
rgb,4cam_splc/4cam_splc/canong3_kodakdcs330_sub_05.tif,1,e33c88c01f51a9180bc645a910c1a63a290f11d0d1db0da907e4d1670a3c15ea,0.4283704161643982,0.15752553939819336,1
rgb,4cam_splc/4cam_splc/canong3_kodakdcs330_sub_06.tif,1,e38e889a71bc23f09f8ce44ad481047fe7533380cbac9caaf2084e4e3a63f699,0.5432661175727844,0.15752553939819336,1
rgb,4cam_splc/4cam_splc/canong3_kodakdcs330_sub_07.tif,1,0cc51f7f6332867ee016688a633b307bbe82375f6608994da725c4f3f016c2a6,0.589689314365387,0.15752553939819336,1
rgb,4cam_splc/4cam_splc/canong3_kodakdcs330_sub_08.tif,1,0d72942713f2f0a634f6e6942580ca189db66785350a517614ae30ce95259742,0.6318032145500183,0.15752553939819336,1
rgb,4cam_splc/4cam_splc/canong3_kodakdcs330_sub_09.tif,1,8595feb01d5b50a822d5c5180104067e35ef0a33f1d75f78b5991e37bc47893d,0.2662275731563568,0.15752553939819336,1
rgb,4cam_splc/4cam_splc/canong3_kodakdcs330_sub_10.tif,1,797fa6af04fd8b4af72bffb296e28b1edcad12093979618ed0d569d2922e82ed,0.934409499168396,0.15752553939819336,1
rgb,4cam_splc/4cam_splc/canong3_kodakdcs330_sub_11.tif,1,9bd1034ed71b1eed3fd59bb3da950042a99c4487df2da84254e439c416fe53a9,0.4352153539657593,0.15752553939819336,1
rgb,4cam_splc/4cam_splc/canong3_kodakdcs330_sub_12.tif,1,8a7895b3b3a25e059e6af51e2cae3929cbb6046b268c1584b6f304f02b898039,0.7191251516342163,0.15752553939819336,1
rgb,4cam_splc/4cam_splc/canong3_kodakdcs330_sub_13.tif,1,127960c8e7d229774e887cd489f071c17d51cfd3edb415a09c3aa032f91a7b8c,0.32800185680389404,0.15752553939819336,1
rgb,4cam_splc/4cam_splc/canong3_kodakdcs330_sub_14.tif,1,51684cce38f4f6fefa858e28a7bffaab9adfcac35a62ba267df5554ed400ce45,0.3427201807498932,0.15752553939819336,1
rgb,4cam_splc/4cam_splc/canong3_kodakdcs330_sub_15.tif,1,c6f7d0907036c5ed940a3fcb2a18b3541266aaa4f3bbe92f27abb07fce93b001,0.8520986437797546,0.15752553939819336,1
rgb,4cam_splc/4cam_splc/canong3_kodakdcs330_sub_16.tif,1,0e1057bebff09ff44d0e4d7f609b8f25c101ea2c59e8c11439fb9c5d46c2ec43,0.815587043762207,0.15752553939819336,1
rgb,4cam_splc/4cam_splc/canong3_kodakdcs330_sub_17.tif,1,46ad5359600093527afb145003b4f0dbc754e9b80cbd73ec0e28eedcea011bff,0.2510739266872406,0.15752553939819336,1
rgb,4cam_splc/4cam_splc/canong3_kodakdcs330_sub_18.tif,1,9b2a8f934a9064f0c3082b8d5b16825f91c466623ac0721c24ef952377a45790,0.18679939210414886,0.15752553939819336,1
rgb,4cam_splc/4cam_splc/canong3_kodakdcs330_sub_19.tif,1,b5e07e94f2c81a87bb849f60441786a2892819909027eb1f5f875a0533c46973,0.469708651304245,0.15752553939819336,1
rgb,4cam_splc/4cam_splc/canong3_kodakdcs330_sub_20.tif,1,13bd4e0eaf24a4a618804b0f04dc6e7394fcbe22a447317016a0d70dc4b7793f,0.2384105622768402,0.15752553939819336,1
rgb,4cam_splc/4cam_splc/canong3_kodakdcs330_sub_21.tif,1,cb0f0e30147b34b5f944bcf5840fd61452d09d2909636a1f679806a63a57b2f7,0.44220417737960815,0.15752553939819336,1
rgb,4cam_splc/4cam_splc/canong3_kodakdcs330_sub_22.tif,1,80054c06024b448ddfab079d9f54ea1e35b03c5820d75a0e649e8a983370965f,0.5815310478210449,0.15752553939819336,1
rgb,4cam_splc/4cam_splc/canong3_kodakdcs330_sub_23.tif,1,617dd8750461b9e9196d4dd2c86e1d39b4a3b8fcc969c8d94724c9a6b618daa6,0.4115455448627472,0.15752553939819336,1
rgb,4cam_splc/4cam_splc/canong3_kodakdcs330_sub_24.tif,1,8cf93898eb64e2ff97c5aabdad427fdc866ad8402eddf0956c90f46e46e80a55,0.5880722999572754,0.15752553939819336,1
rgb,4cam_splc/4cam_splc/canong3_kodakdcs330_sub_25.tif,1,0e05f2c4d6feb00f43801205dc28315654051cdc339d7b7c39ad71f21deca270,0.5959290862083435,0.15752553939819336,1
rgb,4cam_splc/4cam_splc/canong3_kodakdcs330_sub_26.tif,1,1624c442894fd3424189c8f8d8dac90a4f079e1465e81d65a5a52a5322c91478,0.5939314365386963,0.15752553939819336,1
rgb,4cam_splc/4cam_splc/canong3_kodakdcs330_sub_27.tif,1,875dc1dce5276e8f2b16930f22a1c5e3f2ef6a98a1e04802550896d653425638,0.49651190638542175,0.15752553939819336,1
rgb,4cam_splc/4cam_splc/canong3_kodakdcs330_sub_28.tif,1,faea40f83bb66a1090447f721ae9cabfd93b151b4c3fff72e1567516425b5cf6,0.5406720042228699,0.15752553939819336,1
rgb,4cam_splc/4cam_splc/canong3_kodakdcs330_sub_29.tif,1,502b9e556e8f7904dddc15847d31499dac17141215051300ab5fb40f5a02064e,0.6812543869018555,0.15752553939819336,1
rgb,4cam_splc/4cam_splc/canong3_kodakdcs330_sub_30.tif,1,c608fa85c90f743b20418e67496726d2b413aec3e674bdd7278367757787e5fa,0.4719313979148865,0.15752553939819336,1
rgb,4cam_splc/4cam_splc/canong3_nikond70_sub_01.tif,1,6c148808dd5c2334aad65d25cd147aff48723b68d3ffc6d1596b84f9e99f3567,0.9293105006217957,0.15752553939819336,1
rgb,4cam_splc/4cam_splc/canong3_nikond70_sub_02.tif,1,7a8dccc35fb8309ae109ebc3d8248987271bd2aa52adcc030e636f33763e6443,0.5157370567321777,0.15752553939819336,1
rgb,4cam_splc/4cam_splc/canong3_nikond70_sub_03.tif,1,73a2c0f0e2d7010619c80ce5bdeac38c51160065e4a9bf1d5773c5150e6c9c94,0.7914905548095703,0.15752553939819336,1
rgb,4cam_splc/4cam_splc/canong3_nikond70_sub_04.tif,1,993058b7a9c9187362bb97206f60a8ab57a38eac0d426fc98fb1803db429e2ec,0.737655758857727,0.15752553939819336,1
rgb,4cam_splc/4cam_splc/canong3_nikond70_sub_05.tif,1,a34b9bc884af6100c951c6665d8afb63dcbf7aea84fdb16182ffa503460b16b7,0.9118192195892334,0.15752553939819336,1
rgb,4cam_splc/4cam_splc/canong3_nikond70_sub_06.tif,1,ae7e1ded200f317317b03673ccc0377e82dac6d013953e29ff9bcf6003f17bfb,0.698858916759491,0.15752553939819336,1
rgb,4cam_splc/4cam_splc/canong3_nikond70_sub_07.tif,1,dafa36fc3d8b9a7a2c62f725f5dcb5f58fd632f2073563a6f2203f5cd77142a7,0.42929407954216003,0.15752553939819336,1
rgb,4cam_splc/4cam_splc/canong3_nikond70_sub_08.tif,1,468bb16a80f04ef119cdf0d84a2717f7247f27fb60688a90b185a13810cc4899,0.40490207076072693,0.15752553939819336,1
rgb,4cam_splc/4cam_splc/canong3_nikond70_sub_09.tif,1,2be1ef78985973c1b165fcd678d1620c8e7ec8e65fac260153c07af8f5d9558e,0.49326691031455994,0.15752553939819336,1
rgb,4cam_splc/4cam_splc/canong3_nikond70_sub_10.tif,1,6c0198712327fc19bfddb6e63b5f3beba2bf0b56337ac6a52c82e870c5264b2c,0.6782995462417603,0.15752553939819336,1
rgb,4cam_splc/4cam_splc/canong3_nikond70_sub_11.tif,1,fc9771fa88bb1cd184c302213ae30f338df66071ea74650c59588ae81757777d,0.3931221067905426,0.15752553939819336,1
rgb,4cam_splc/4cam_splc/canong3_nikond70_sub_12.tif,1,47413d46abd85624ed9d0fb03999e35b4752129a68e566c9683387e983233a24,0.5019679665565491,0.15752553939819336,1
rgb,4cam_splc/4cam_splc/canong3_nikond70_sub_13.tif,1,ce8bc41a76031721da600eb9e8ff9858cc3a68d36253897d2d5922d66ad3b887,0.3802958130836487,0.15752553939819336,1
rgb,4cam_splc/4cam_splc/canong3_nikond70_sub_14.tif,1,9da8d2088914911bf7c0715a90668d3791183d029539834b0fd0f45c6d868b52,0.5444298386573792,0.15752553939819336,1
rgb,4cam_splc/4cam_splc/canong3_nikond70_sub_15.tif,1,305166f105db18d99c651973538dcf231f09e0b4bf330247785943cbe7a9a3dc,0.6797811985015869,0.15752553939819336,1
rgb,4cam_splc/4cam_splc/canong3_nikond70_sub_16.tif,1,116d7fb2ee8dff72d54252055194075d5a83f53b9fd6d0e25d09fe5e59d4ada2,0.20554499328136444,0.15752553939819336,1
rgb,4cam_splc/4cam_splc/canong3_nikond70_sub_17.tif,1,e9b3e973d883faadd5db277745fe2747cd9b568f72894ec7f057b187a41bf549,0.4470987319946289,0.15752553939819336,1
rgb,4cam_splc/4cam_splc/canong3_nikond70_sub_18.tif,1,6b0fb36ce3205a14d0ed49c5d1218262ca40cf6f01da494e4f21637dcdb9fc91,0.9168851375579834,0.15752553939819336,1
rgb,4cam_splc/4cam_splc/canong3_nikond70_sub_19.tif,1,73a0f7a1ad5656a0c1df5ce9762411c3886bcd57ac3345b4e21fc8277a8b3bd0,0.7889829277992249,0.15752553939819336,1
rgb,4cam_splc/4cam_splc/canong3_nikond70_sub_20.tif,1,ee61d478502adb805a5e00c01b1a38fc70c21fc31045445bb9912946316cbd67,0.28178057074546814,0.15752553939819336,1
rgb,4cam_splc/4cam_splc/canong3_nikond70_sub_21.tif,1,7c5fb385e3a1a2e95c6b8e94df38f09a7b00a23c397681443b694c1aeed9de60,0.25045520067214966,0.15752553939819336,1
rgb,4cam_splc/4cam_splc/canong3_nikond70_sub_22.tif,1,ba07a9a94f867abad8747e99428989375f28e4dc2907036cf07cb426de94478a,0.634994626045227,0.15752553939819336,1
rgb,4cam_splc/4cam_splc/canong3_nikond70_sub_23.tif,1,102badb28fc5017956e73c1075852cfbc6ae7183d30b4b48be6c723f8699dc4d,0.4801102578639984,0.15752553939819336,1
rgb,4cam_splc/4cam_splc/canong3_nikond70_sub_24.tif,1,ec1b8503ffdb5647b61e26e62756852bc64d016e1496efe5bae8f2b18a11cb7a,0.4491608142852783,0.15752553939819336,1
rgb,4cam_splc/4cam_splc/canong3_nikond70_sub_25.tif,1,06640b827ee4aa37456d211f088a67643cffafbb71f5ca9bf50e7d7ada95271b,0.5868720412254333,0.15752553939819336,1
rgb,4cam_splc/4cam_splc/canong3_nikond70_sub_26.tif,1,b9cca0509655a79d3654d5d544a64f9aa9efb60361894ac4429c5f14241dfe00,0.3117368817329407,0.15752553939819336,1
rgb,4cam_splc/4cam_splc/canong3_nikond70_sub_27.tif,1,c4c76dfea0e4f3c0badb184f298aaa7b7816972a3d9fdfd8b27491dc6d6416dc,0.5051572918891907,0.15752553939819336,1
rgb,4cam_splc/4cam_splc/canong3_nikond70_sub_28.tif,1,0ec8ce20ac94d72ad4e412f3e7bc3f68d7805cee7baa126379a46103fff03e5c,0.7661303877830505,0.15752553939819336,1
rgb,4cam_splc/4cam_splc/canong3_nikond70_sub_29.tif,1,d6a0a9cf4db1613ac289803e99dedc169dbc2e840ee294984b98c61f0898f365,0.2806719243526459,0.15752553939819336,1
rgb,4cam_splc/4cam_splc/canong3_nikond70_sub_30.tif,1,33020d7e3e6c4376d80d86a695070f230b8b8fab1570469864107669349b7246,0.340461403131485,0.15752553939819336,1
rgb,4cam_splc/4cam_splc/canonxt_kodakdcs330_sub_01.tif,1,c09914ae0dbb73382d3afc16101618634f8e458e5ee4d260c4d110308368d7b0,0.5647779703140259,0.15752553939819336,1
rgb,4cam_splc/4cam_splc/canonxt_kodakdcs330_sub_02.tif,1,a9dd5ce6d99d6628c5dd10b805c3d26bd38bcb69750ef9b144d570b33f838e21,0.42372581362724304,0.15752553939819336,1
rgb,4cam_splc/4cam_splc/canonxt_kodakdcs330_sub_03.tif,1,0c843fc70ef03614e3adc9fc8421afddb2abb7451deae750cf9ee97821a95446,0.6272159218788147,0.15752553939819336,1
rgb,4cam_splc/4cam_splc/canonxt_kodakdcs330_sub_04.tif,1,f4e1153f137016435cd25c3abaadbc2a072c9f33b627b391b1725eab46f17dca,0.4188833236694336,0.15752553939819336,1
rgb,4cam_splc/4cam_splc/canonxt_kodakdcs330_sub_05.tif,1,e6fb25dcb83e90827eed7eb57f0222211b08eb3447463fda612efde43d7e6d9d,0.8467090129852295,0.15752553939819336,1
rgb,4cam_splc/4cam_splc/canonxt_kodakdcs330_sub_06.tif,1,b13f3a0f070104ef5993575828957844b2c23837b71be46a66f79da73430350e,0.8210902810096741,0.15752553939819336,1
rgb,4cam_splc/4cam_splc/canonxt_kodakdcs330_sub_07.tif,1,3a5654f4115d060925aaec7bf56d64bd7cc8ad5461426488b125fc98bb038e66,0.8769819140434265,0.15752553939819336,1
rgb,4cam_splc/4cam_splc/canonxt_kodakdcs330_sub_08.tif,1,4a0ce685b8296222090cba944f7acb92f19761a64734cd61eec677de9fb15c1a,0.21586649119853973,0.15752553939819336,1
rgb,4cam_splc/4cam_splc/canonxt_kodakdcs330_sub_09.tif,1,dbcf555501cca23710219511a3609dc0a5f6f532f59e1744184af62f9a5873dc,0.585479199886322,0.15752553939819336,1
rgb,4cam_splc/4cam_splc/canonxt_kodakdcs330_sub_10.tif,1,8627d2dd73121d8bc3e5d4a2cbc92088a122ffab2291fede60f1f7128608b976,0.2958022952079773,0.15752553939819336,1
rgb,4cam_splc/4cam_splc/canonxt_kodakdcs330_sub_11.tif,1,af4e0025a6250cd0e2af9feb7e40db20cd998caf0f1e349283eeb80a84800398,0.7994916439056396,0.15752553939819336,1
rgb,4cam_splc/4cam_splc/canonxt_kodakdcs330_sub_12.tif,1,7c9f3eb4d715890d5b58d527d00b288c6c4f120a5c773abc7bed119641c88c35,0.24028007686138153,0.15752553939819336,1
rgb,4cam_splc/4cam_splc/canonxt_kodakdcs330_sub_13.tif,1,a0436887ca15e1f8a247dc11490b7a1e938c0b8c58979739c85c29018510a93d,0.3019711375236511,0.15752553939819336,1
rgb,4cam_splc/4cam_splc/canonxt_kodakdcs330_sub_14.tif,1,9cfc8bf478c876aead57b9a2ae610a8c2baa14d649059266b79cd67a6714dacd,0.4326224625110626,0.15752553939819336,1
rgb,4cam_splc/4cam_splc/canonxt_kodakdcs330_sub_15.tif,1,402e86dda7bbd3cbf6beb8d2831a546a05d9eb127b89eb58848d0eaab200ca27,0.6787483096122742,0.15752553939819336,1
rgb,4cam_splc/4cam_splc/canonxt_kodakdcs330_sub_16.tif,1,f9df7e6af2d214cd9b54a2a023edac00ee712b1e44bb380d7666156264a59132,0.6097305417060852,0.15752553939819336,1
rgb,4cam_splc/4cam_splc/canonxt_kodakdcs330_sub_17.tif,1,7d89f0115b27ac4a98a70d4bd53e48af833f86f9afa0b6f3d37d833b276553bd,0.36382800340652466,0.15752553939819336,1
rgb,4cam_splc/4cam_splc/canonxt_kodakdcs330_sub_18.tif,1,8bc50a9e4103c4a84917f0254a343442308ec1a7de139461477020a6f05612d8,0.23699386417865753,0.15752553939819336,1
rgb,4cam_splc/4cam_splc/canonxt_kodakdcs330_sub_19.tif,1,70ccacf26ae78d3aac2f938b7ebcf49b6cce6effba9ddf69c80b0b74f57d62fd,0.18439380824565887,0.15752553939819336,1
rgb,4cam_splc/4cam_splc/canonxt_kodakdcs330_sub_20.tif,1,34dae8f9a31da9c2be8ca414a68031f23c9102e29a1aab013191e2e24e2ffff3,0.17213623225688934,0.15752553939819336,1
rgb,4cam_splc/4cam_splc/canonxt_kodakdcs330_sub_21.tif,1,80c4f64fb91198930983bc1f45de0c8bfe9439fe7af900d02f9857ab8b4cb236,0.5731635093688965,0.15752553939819336,1
rgb,4cam_splc/4cam_splc/canonxt_kodakdcs330_sub_22.tif,1,6593faaf224fa945737736f2ce802e905b2a6fd1bb243200739d2a4953305d39,0.4682376980781555,0.15752553939819336,1
rgb,4cam_splc/4cam_splc/canonxt_kodakdcs330_sub_23.tif,1,e12c20282b9ce557edec9467712e516cb985c68f1eb2e7c11f06876abc4dbd91,0.46793973445892334,0.15752553939819336,1
rgb,4cam_splc/4cam_splc/canonxt_kodakdcs330_sub_24.tif,1,cfa81364230a2dd4a772672ca1d0891fe9f0da1246b572d106fc9bb619ce6830,0.5114065408706665,0.15752553939819336,1
rgb,4cam_splc/4cam_splc/canonxt_kodakdcs330_sub_25.tif,1,c13aa770e8a9aeb6c52e25633712938e9e9f0194bf85e73425244c1fcc15f899,0.4391808807849884,0.15752553939819336,1
rgb,4cam_splc/4cam_splc/canonxt_kodakdcs330_sub_26.tif,1,75fc1e0ebb312d7996fa94d881912cfcd11a98bfa9501a0f34b9812e7b62bbe3,0.4136691093444824,0.15752553939819336,1
rgb,4cam_splc/4cam_splc/canonxt_kodakdcs330_sub_27.tif,1,36ebe73c3a4565209357360956c55810efb6c23bd6bf9867a410f42486af83a5,0.5848668217658997,0.15752553939819336,1
rgb,4cam_splc/4cam_splc/canonxt_kodakdcs330_sub_28.tif,1,e7f9990c6bea332decfd18739bbf25d04200c755256f8223523f74806dc462d3,0.553647518157959,0.15752553939819336,1
rgb,4cam_splc/4cam_splc/canonxt_kodakdcs330_sub_29.tif,1,a79c6a191c7bbab85984c47c7ed95edd7e49f1665d65a1ab7892daa5abbde954,0.451776921749115,0.15752553939819336,1
rgb,4cam_splc/4cam_splc/canonxt_kodakdcs330_sub_30.tif,1,3639892113c7825175e9506961c27237cafa8d5e367fb14a995ecaadfd324e97,0.5380725264549255,0.15752553939819336,1
rgb,4cam_splc/4cam_splc/nikond70_canonxt_sub_01.tif,1,c84272f28ca61e002d267b154392fdec9b91828a3124f5030a7c168d0bb3bffb,0.8259352445602417,0.15752553939819336,1
rgb,4cam_splc/4cam_splc/nikond70_canonxt_sub_02.tif,1,4645b7271647d2d491d93afa532a84f9591b0be503cf788b6a2c7cfb08e27836,0.6664827466011047,0.15752553939819336,1
rgb,4cam_splc/4cam_splc/nikond70_canonxt_sub_03.tif,1,fe2917454f16eb166df47cc91cf42762b014687a73b75ba6167ff85d18cd2c82,0.455899715423584,0.15752553939819336,1
rgb,4cam_splc/4cam_splc/nikond70_canonxt_sub_04.tif,1,f0d2ead43603dfee2344d7b6310cc795490162dc7cf3441be75b8485d8fc9566,0.7764667272567749,0.15752553939819336,1
rgb,4cam_splc/4cam_splc/nikond70_canonxt_sub_05.tif,1,a2107e21faeb68a28b6327c2c46702f0f6e99d85f974c58918e9e27171968617,0.7462524771690369,0.15752553939819336,1
rgb,4cam_splc/4cam_splc/nikond70_canonxt_sub_06.tif,1,416b8d87d62b13c56c83e72aa9ce8e36e83585c68c62a5785d67ba760d3eced8,0.16744568943977356,0.15752553939819336,1
rgb,4cam_splc/4cam_splc/nikond70_canonxt_sub_07.tif,1,6326bfeb31f0f77297d9d6d9bab14c937186cbf0db0998b15c9f8e8a88630d73,0.7378570437431335,0.15752553939819336,1
rgb,4cam_splc/4cam_splc/nikond70_canonxt_sub_08.tif,1,79936c8eb10a6689ac8be9232586767a4d520a3f8e86c62c0fbb97cf2b395d34,0.14335530996322632,0.15752553939819336,0
rgb,4cam_splc/4cam_splc/nikond70_canonxt_sub_09.tif,1,e0492d643f6611953423ca0f21ad320c9b1540fa88cee5d553e154f51a181167,0.4871000349521637,0.15752553939819336,1
rgb,4cam_splc/4cam_splc/nikond70_canonxt_sub_10.tif,1,bbb42d9b058365e82e83efa9e4a0816c5f357849be62063ca9a3932af932e5c1,0.5656253695487976,0.15752553939819336,1
rgb,4cam_splc/4cam_splc/nikond70_canonxt_sub_11.tif,1,4ff11d63902b267d4d98a144e15be5854b1864b5f4e78386b8358b99fff85ec9,0.3483029901981354,0.15752553939819336,1
rgb,4cam_splc/4cam_splc/nikond70_canonxt_sub_12.tif,1,dee27c64b5e88d8824890a64bcb9f590ae76e2e4b0faab4a4d194fe609e72469,0.38297921419143677,0.15752553939819336,1
rgb,4cam_splc/4cam_splc/nikond70_canonxt_sub_13.tif,1,f0e7d8e4eca2fbb80c81ff4ddedff8e77364c05b080b46975e457b4abb441e23,0.21283702552318573,0.15752553939819336,1
rgb,4cam_splc/4cam_splc/nikond70_canonxt_sub_14.tif,1,301b82b2b9f4329c1de95cedd829da0a5c1172e8371681f5560cdca247ea2b52,0.6412325501441956,0.15752553939819336,1
rgb,4cam_splc/4cam_splc/nikond70_canonxt_sub_15.tif,1,1dce99d3caf801b79fdeb48f8d47bfd6b90f75ccf434ffdaeba36d4c6ba87906,0.46036282181739807,0.15752553939819336,1
rgb,4cam_splc/4cam_splc/nikond70_canonxt_sub_16.tif,1,b19b0112c8f77d8316721d30cab042deaa5d6cf1cad7023d99b1e231e427aad6,0.20882584154605865,0.15752553939819336,1
rgb,4cam_splc/4cam_splc/nikond70_canonxt_sub_17.tif,1,e64bedad1fba9c0fc708b00026a2c5d3fbe15df403a10d1082c589259e41dcdc,0.22866840660572052,0.15752553939819336,1
rgb,4cam_splc/4cam_splc/nikond70_canonxt_sub_18.tif,1,dffb4f9ccaa3bcda78eb6b7bc4325c73104b41f0ec96d3251ed608ad9e903374,0.10826564580202103,0.15752553939819336,0
rgb,4cam_splc/4cam_splc/nikond70_canonxt_sub_19.tif,1,b8020acb08ea9306e64708b418d3345b1a495819050a81346937e9d485918456,0.28094857931137085,0.15752553939819336,1
rgb,4cam_splc/4cam_splc/nikond70_canonxt_sub_20.tif,1,1b548ff423866dfe4d683d9215d12e7febf1b4be46a76eaf4788f89f6e526b35,0.07556014508008957,0.15752553939819336,0
rgb,4cam_splc/4cam_splc/nikond70_canonxt_sub_21.tif,1,c9ec0014d0752fefbd8b5de73e9cc3b3e54dadbc13c85558db9ebd5ec5eab60e,0.17074207961559296,0.15752553939819336,1
rgb,4cam_splc/4cam_splc/nikond70_canonxt_sub_22.tif,1,dd59e8e0f38216a9a8fbbb6a1da4a9f7bb4e9739b64807e5fb5744c24eac0e19,0.32935434579849243,0.15752553939819336,1
rgb,4cam_splc/4cam_splc/nikond70_canonxt_sub_23.tif,1,54201888390b1398279032cc043063a25f34dec327d6d446f469949214a9b9c9,0.3879753053188324,0.15752553939819336,1
rgb,4cam_splc/4cam_splc/nikond70_canonxt_sub_24.tif,1,59bfca8589d6407d45cec768ad6b437664fa7d7f38667dd39ed08bced9a830be,0.2975099980831146,0.15752553939819336,1
rgb,4cam_splc/4cam_splc/nikond70_canonxt_sub_25.tif,1,896c9490255a7181ff3267ce16867c03226ed4bc7a64f5ea0d6a48dc12fda6be,0.3143775165081024,0.15752553939819336,1
rgb,4cam_splc/4cam_splc/nikond70_canonxt_sub_26.tif,1,46bebf3e0446fef04880ac010935ad06e4c18de2cec1fe6b0deac6758890dc2c,0.89581298828125,0.15752553939819336,1
rgb,4cam_splc/4cam_splc/nikond70_canonxt_sub_27.tif,1,1c9d46e899878686310b506527ea619acbe481e76ebbd1ca84344676b6e5e4e4,0.4224368929862976,0.15752553939819336,1
rgb,4cam_splc/4cam_splc/nikond70_canonxt_sub_28.tif,1,9a0eb200b6c77f71a986ec08284b75450af69a1698b405a0d2faf71a1ac61b71,0.9318950772285461,0.15752553939819336,1
rgb,4cam_splc/4cam_splc/nikond70_canonxt_sub_29.tif,1,dbce31d9f0b9f1086aae25b36b0cedc6c8cb006bc7408e5cfb62b47bcf728e13,0.7012927532196045,0.15752553939819336,1
rgb,4cam_splc/4cam_splc/nikond70_canonxt_sub_30.tif,1,3144c7e30c5141bf19f2b7113c0bd27ab8dfb3846b3468b0aa633e9888f836f1,0.4799816906452179,0.15752553939819336,1
rgb,4cam_splc/4cam_splc/nikond70_kodakdcs330_sub_01.tif,1,211abd64b8751bc89cbf23d004bb15fddcd316d2d2b5a94e09ee00c50d3e9c70,0.6878576278686523,0.15752553939819336,1
rgb,4cam_splc/4cam_splc/nikond70_kodakdcs330_sub_02.tif,1,7eaca0a943909d73ceecaf11c3a87f6b8ae9d3cebfd0354cefe6dc07fea42dd8,0.6458331346511841,0.15752553939819336,1
rgb,4cam_splc/4cam_splc/nikond70_kodakdcs330_sub_03.tif,1,cbceae8d330732bf15471077170259f2aced24097d3cefac93fc880d0711f108,0.6979638338088989,0.15752553939819336,1
rgb,4cam_splc/4cam_splc/nikond70_kodakdcs330_sub_04.tif,1,3e315e88471c5419c4fa96df5bb05b3921b4ae2994e1912110d0dcaea1381c53,0.12407493591308594,0.15752553939819336,0
rgb,4cam_splc/4cam_splc/nikond70_kodakdcs330_sub_05.tif,1,f8b7360eefa4ceeaf9fc4eda5a8b6395f593cf51cbdceca441ef78e2f1e5adf0,0.8487134575843811,0.15752553939819336,1
rgb,4cam_splc/4cam_splc/nikond70_kodakdcs330_sub_06.tif,1,5bd31f946151f1cc1d250178f1a81b1988a3b04eb09fc66c5907e9efbb033b37,0.6703595519065857,0.15752553939819336,1
rgb,4cam_splc/4cam_splc/nikond70_kodakdcs330_sub_07.tif,1,840dc852a97e1bd75ceb14162125f781de3040e2838f4297d83519cd052037dc,0.4804387092590332,0.15752553939819336,1
rgb,4cam_splc/4cam_splc/nikond70_kodakdcs330_sub_08.tif,1,0dd959148424017f80046fe601a6188f7bede5a8d384e51f912d1e8dc4fbe52b,0.8901717066764832,0.15752553939819336,1
rgb,4cam_splc/4cam_splc/nikond70_kodakdcs330_sub_09.tif,1,0d9dcf6238355b8f978ea9465e5f46da8f083a42f2073341aa34367b14884f24,0.309274286031723,0.15752553939819336,1
rgb,4cam_splc/4cam_splc/nikond70_kodakdcs330_sub_10.tif,1,8b2db3678a9c41b758fcc26b33637c5218ab927f699d4ebd114432eaaba128c2,0.6751928329467773,0.15752553939819336,1
rgb,4cam_splc/4cam_splc/nikond70_kodakdcs330_sub_11.tif,1,7a6912f8069ce67c71cd08c9af05878bf60e4457817c1891b6d0569bb699119c,0.3191315531730652,0.15752553939819336,1
rgb,4cam_splc/4cam_splc/nikond70_kodakdcs330_sub_12.tif,1,510be1a096af8b7f4213487541e2005da2ac1e0a8f037ab1b8c464cfdcd52d9f,0.2736295163631439,0.15752553939819336,1
rgb,4cam_splc/4cam_splc/nikond70_kodakdcs330_sub_13.tif,1,b8c9456e49424d8e251e3bf87198cc95a68d85a7ced7cfa0732e9da7e2e7e6aa,0.08496221154928207,0.15752553939819336,0
rgb,4cam_splc/4cam_splc/nikond70_kodakdcs330_sub_14.tif,1,bcb548c99a81d36b9f52a5fb4cb3a0ff488497684cea255a33b67098afede4e5,0.11281789094209671,0.15752553939819336,0
rgb,4cam_splc/4cam_splc/nikond70_kodakdcs330_sub_15.tif,1,91c349fce8a2ddb56e4c067c7eda932bb0cb2f0193277775997bd71c0314ac26,0.48855260014533997,0.15752553939819336,1
rgb,4cam_splc/4cam_splc/nikond70_kodakdcs330_sub_16.tif,1,552fffa466214c4e07c39ce76d78039528581243996fbd5580bd74d6261f6a50,0.9207494258880615,0.15752553939819336,1
rgb,4cam_splc/4cam_splc/nikond70_kodakdcs330_sub_17.tif,1,d666dec5d7d87c50454b86f0ab8291ef36369ea21ee76cdfdd5f6d2325c71caf,0.6200844645500183,0.15752553939819336,1
rgb,4cam_splc/4cam_splc/nikond70_kodakdcs330_sub_18.tif,1,76500b7dd06d28d99e480f7afad99c95288c714046e5578935e195fdd2eccdf6,0.8411802649497986,0.15752553939819336,1
rgb,4cam_splc/4cam_splc/nikond70_kodakdcs330_sub_19.tif,1,c09c6e4ceeb030ea8f820e39a8dc84cdabb963f09e98d9e9314d951f3870b637,0.6882404685020447,0.15752553939819336,1
rgb,4cam_splc/4cam_splc/nikond70_kodakdcs330_sub_20.tif,1,bb45c1b8cd3e9cacb19c80d77013fd85fe128e09aa4d6a2cb0f797bfc6c42290,0.3512161076068878,0.15752553939819336,1
rgb,4cam_splc/4cam_splc/nikond70_kodakdcs330_sub_21.tif,1,313a06624e819fc462df2ca8eec21b554b1da7960835cd1260837ca145b599df,0.5479458570480347,0.15752553939819336,1
rgb,4cam_splc/4cam_splc/nikond70_kodakdcs330_sub_22.tif,1,377c1733f37d678a2a99034848f396199859546d9081836f9dc58b2e51264100,0.3744473457336426,0.15752553939819336,1
rgb,4cam_splc/4cam_splc/nikond70_kodakdcs330_sub_23.tif,1,84f0774e135a72aed9364b18aa76662e76c2c4c9d47234d5c6963c243b0f92eb,0.5031925439834595,0.15752553939819336,1
rgb,4cam_splc/4cam_splc/nikond70_kodakdcs330_sub_24.tif,1,eb30327dfcd90123b085529af154793fb3d5591f734a9056349fdc3b4bb39dc8,0.540893018245697,0.15752553939819336,1
rgb,4cam_splc/4cam_splc/nikond70_kodakdcs330_sub_25.tif,1,73510ccf6c342f9609f94532cc53f5960a10fa885d9380af8a4491386d60125e,0.5975663065910339,0.15752553939819336,1
rgb,4cam_splc/4cam_splc/nikond70_kodakdcs330_sub_26.tif,1,5ab71cda3dbf5a10f8e187947739dfa2a01a6b4fe6544a8c58272fa6f4379032,0.4086511731147766,0.15752553939819336,1
rgb,4cam_splc/4cam_splc/nikond70_kodakdcs330_sub_27.tif,1,60ca8a65b225e10cb1a52d2c00ddf987c9c6a83195666b325c473a923b94f856,0.5224435925483704,0.15752553939819336,1
rgb,4cam_splc/4cam_splc/nikond70_kodakdcs330_sub_28.tif,1,d64fdee2cac84ed2e9c74697641432c5a32640106c5c0815dfdb6ec466cc3306,0.5469703674316406,0.15752553939819336,1
rgb,4cam_splc/4cam_splc/nikond70_kodakdcs330_sub_29.tif,1,a553528feb7827e06cbb6dc5e3c3d5a9f33d35dee02f18f945c374107e4ce826,0.4726678431034088,0.15752553939819336,1
rgb,4cam_splc/4cam_splc/nikond70_kodakdcs330_sub_30.tif,1,379f63a43ad0216e05df496d93612ecac557aa9c038130bf139bb09db25b3b7d,0.5735189318656921,0.15752553939819336,1
ela,4cam_auth/4cam_auth/canong3_02_sub_01.tif,0,10c57dc429df12de57b5f9c3b7098a1ac0db8b2c190c974feca300eefe833f9e,0.5251837372779846,0.4166847765445709,1
ela,4cam_auth/4cam_auth/canong3_02_sub_02.tif,0,95b5b75278b683dfff44b1589be6af3eb8fa658ec3597d992ce9c1aa93dae23a,0.5798302888870239,0.4166847765445709,1
ela,4cam_auth/4cam_auth/canong3_02_sub_03.tif,0,e7afa299409ba75ed1422f2677f67b3c1ed738a92bd459586298d026c2053fb7,0.5806336402893066,0.4166847765445709,1
ela,4cam_auth/4cam_auth/canong3_02_sub_04.tif,0,a0cd073756642e050cc29f393525f61907f39c856ec5c55e513ee471518207ab,0.5473467707633972,0.4166847765445709,1
ela,4cam_auth/4cam_auth/canong3_02_sub_05.tif,0,f2058ef514f31ee2591c42e4204526d6fed41dc16e2b610a9b4d2041f0d9373a,0.6122291088104248,0.4166847765445709,1
ela,4cam_auth/4cam_auth/canong3_02_sub_06.tif,0,c43a3f9480fac9072b6dce6dc843aad44c959fad9678594ef20b294180923dfc,0.6069674491882324,0.4166847765445709,1
ela,4cam_auth/4cam_auth/canong3_02_sub_07.tif,0,97b34886e971dcdb342da3a7a6035e73c2ee89aaa2244525e94155f1b55237ed,0.45117563009262085,0.4166847765445709,1
ela,4cam_auth/4cam_auth/canong3_02_sub_08.tif,0,73cae422708bcdd2249fffbd6b47539086874167911f05b29946570f3c3b756f,0.4995887875556946,0.4166847765445709,1
ela,4cam_auth/4cam_auth/canong3_02_sub_09.tif,0,4c3e18741d9d80fb83b6d0e43036dc13d50d4f8907ddedc3e55217180d52a741,0.5021156072616577,0.4166847765445709,1
ela,4cam_auth/4cam_auth/canong3_05_sub_01.tif,0,673e4aef0fa814d7aa7ce4685efeecda61de3828a22cab2988deb4be8e99faec,0.49605756998062134,0.4166847765445709,1
ela,4cam_auth/4cam_auth/canong3_05_sub_02.tif,0,c8cc7fceed4e96117b06ff2fdac7a1f7ee8b70ff0d09c33c7bee2ba36a8d59bd,0.5848285555839539,0.4166847765445709,1
ela,4cam_auth/4cam_auth/canong3_05_sub_03.tif,0,392b8c0acceffdb81d0555444d159e030c9661d219d457351319e5decc8ac0d2,0.3964850902557373,0.4166847765445709,0
ela,4cam_auth/4cam_auth/canong3_05_sub_04.tif,0,1d7a2d2535baf710ab656b1c0cbcc003c7975e57f5412b4ac6a1a97297372a8b,0.5585333704948425,0.4166847765445709,1
ela,4cam_auth/4cam_auth/canong3_05_sub_05.tif,0,bf0715e19b048206752a64702b4b6c414f13b1d9ae4d9bca7a880a44bab3390a,0.6970072388648987,0.4166847765445709,1
ela,4cam_auth/4cam_auth/canong3_05_sub_06.tif,0,6eb3a498974f349318672788d38eeb24dcc6e93b354b35235c21fe22444b1103,0.6172245740890503,0.4166847765445709,1
ela,4cam_auth/4cam_auth/canong3_05_sub_07.tif,0,bf0de9033ebb169f47ce84d6d156a9eaa4706130640e259b381ca90bbc52d314,0.5492478013038635,0.4166847765445709,1
ela,4cam_auth/4cam_auth/canong3_05_sub_08.tif,0,f7192d29875db25136f16ff1f0a89968157dff9e4c7a04d5827746e8e5094c88,0.5620275735855103,0.4166847765445709,1
ela,4cam_auth/4cam_auth/canong3_05_sub_09.tif,0,2be9ee6cd21f572ddebee611372f284ca32bca54eef529fd65bf77a6f5df4b11,0.5776758790016174,0.4166847765445709,1
ela,4cam_auth/4cam_auth/canong3_08_sub_01.tif,0,ed586d47aac561c5bca8a93398e1adb0f4fb4a6f021c3134860e3f5fb6960773,0.632931649684906,0.4166847765445709,1
ela,4cam_auth/4cam_auth/canong3_08_sub_02.tif,0,64d85ca9b185348237b4aee07fe0434e534ef784fc175dccefdd5548cc892283,0.5887390375137329,0.4166847765445709,1
ela,4cam_auth/4cam_auth/canong3_08_sub_03.tif,0,bb8bc3c1837ad68b1ad02887d1584d1c820ae339804ce31f3bd1af4966024b70,0.5154603123664856,0.4166847765445709,1
ela,4cam_auth/4cam_auth/canong3_08_sub_04.tif,0,a2684cd4a7f1dbe1fc0b9871e2d8bf5ee9dc8a5c23075cd867d1bf18c8e82b29,0.7587113380432129,0.4166847765445709,1
ela,4cam_auth/4cam_auth/canong3_08_sub_05.tif,0,933fbf786e2462fb3bb65133178fcd118972ff6e3b8e695018d058d7308131e7,0.6725111603736877,0.4166847765445709,1
ela,4cam_auth/4cam_auth/canong3_08_sub_06.tif,0,9f8b4dbfb39e2d98027eda785e0c0698c73e5eacaebc2835d967c7dfe18fc8ee,0.5955461263656616,0.4166847765445709,1
ela,4cam_auth/4cam_auth/canong3_08_sub_07.tif,0,de30614806f2b51e08ac83d363fde8c4e42d99281c71ba3aba6f3506326c34be,0.6816050410270691,0.4166847765445709,1
ela,4cam_auth/4cam_auth/canong3_08_sub_08.tif,0,5834159b8e7b05da3b7d178afc1ecc5af6fa1a84756d4602b8bb130619d013ad,0.6250345706939697,0.4166847765445709,1
ela,4cam_auth/4cam_auth/canong3_08_sub_09.tif,0,a3d5b2ce5296993a1dda645025edf58728c20d4987e44e2775d846c837f6d96f,0.5974846482276917,0.4166847765445709,1
ela,4cam_auth/4cam_auth/canonxt_02_sub_01.tif,0,341eb6e4933c2eafa8c4aa87ba5122386308b6d2d951336c46aa8b9cecd6c682,0.5537955164909363,0.4166847765445709,1
ela,4cam_auth/4cam_auth/canonxt_02_sub_02.tif,0,22230dfe6c6fb3b0493bb24167b481b9421bfee654fa186e64e9b578b7e7ea2e,0.5969489216804504,0.4166847765445709,1
ela,4cam_auth/4cam_auth/canonxt_02_sub_03.tif,0,a36dbc4e220c1596643cd8b74835d2cea6d088616e876bceb3beff9570025885,0.5768759250640869,0.4166847765445709,1
ela,4cam_auth/4cam_auth/canonxt_02_sub_04.tif,0,131a473ef9306dc9926ccfd0fbd309fc19cc25a6f3332b8a35e488eafe5577b6,0.588329017162323,0.4166847765445709,1
ela,4cam_auth/4cam_auth/canonxt_02_sub_05.tif,0,8c282b79232bd182f3d71318486f845b4d4a96a7c655ac838a529e09e06f53ea,0.6879057884216309,0.4166847765445709,1
ela,4cam_auth/4cam_auth/canonxt_02_sub_06.tif,0,ccdab98ba9f6dbaf88d27db93753278213793ee0b5abbcfda8e7c3660f3fe0a4,0.7751067876815796,0.4166847765445709,1
ela,4cam_auth/4cam_auth/canonxt_02_sub_07.tif,0,cc49b1578572938f79ec0f979b320b51ae22bd4fb9d98b7f36c1e975d2def816,0.591329038143158,0.4166847765445709,1
ela,4cam_auth/4cam_auth/canonxt_02_sub_08.tif,0,3acf3f6297eee2da381e5b13dbb0f5a81d5a4960312fe3cb5d180bd3036b17e4,0.5966835021972656,0.4166847765445709,1
ela,4cam_auth/4cam_auth/canonxt_02_sub_09.tif,0,8a3c73fba4e1c049e49d1debf76362fbd05929351f089aaef1f279cc6c6b0bef,0.7904214262962341,0.4166847765445709,1
ela,4cam_auth/4cam_auth/canonxt_05_sub_01.tif,0,04b8e46b84a640f3700dc378fdc1cb0eae4f082f4b001d2cd495b6f3178a3cfe,0.548136293888092,0.4166847765445709,1
ela,4cam_auth/4cam_auth/canonxt_05_sub_02.tif,0,6c7ee43b8da0d39f562dd4d01f3859e0f386792cbe9da0f0abd77c65c73d7d8c,0.6100336313247681,0.4166847765445709,1
ela,4cam_auth/4cam_auth/canonxt_05_sub_03.tif,0,0f836bb9c0b351f9fbced2d2db16062f620e5027569443cc0942f71fba1c59d4,0.5006754994392395,0.4166847765445709,1
ela,4cam_auth/4cam_auth/canonxt_05_sub_04.tif,0,389c3ebcd6752a6ba4099e117e07978df1d1b923e16f73e7e064129a237be118,0.5315614342689514,0.4166847765445709,1
ela,4cam_auth/4cam_auth/canonxt_05_sub_05.tif,0,5d89b0da9616c9f33f790111e0e7ce28bc2f411cda76416f4390a2e34d669e96,0.6223158836364746,0.4166847765445709,1
ela,4cam_auth/4cam_auth/canonxt_05_sub_06.tif,0,3a7b8086887c0f17a47cbedc72474cd4231b5ecdafc4c6d39b43ad915562b970,0.6764609217643738,0.4166847765445709,1
ela,4cam_auth/4cam_auth/canonxt_05_sub_07.tif,0,9fac94c2a4fc83ce2c65141a83e6cda9770275c5fd7d0e9b7f654a6e3fad957c,0.771342933177948,0.4166847765445709,1
ela,4cam_auth/4cam_auth/canonxt_05_sub_08.tif,0,0ee67ec5a5f49294cb8e24de0df93450f0307ccbd807e10533c286055bd232df,0.6927093863487244,0.4166847765445709,1
ela,4cam_auth/4cam_auth/canonxt_05_sub_09.tif,0,108e6c0d6ddd7f92044c7423cfcf41dfebf24dac190bb291baf34ef91b9113d1,0.6606181859970093,0.4166847765445709,1
ela,4cam_auth/4cam_auth/canonxt_08_sub_01.tif,0,f759aaf03e4b84adb84642266010e5f15c8a1f49b41ef8fbc097587ec68b99e9,0.5350819826126099,0.4166847765445709,1
ela,4cam_auth/4cam_auth/canonxt_08_sub_02.tif,0,25c81bd3b7590b854fd2d89f74ef4d59316047ac328782a03d6d11c0466e0ed3,0.6906748414039612,0.4166847765445709,1
ela,4cam_auth/4cam_auth/canonxt_08_sub_03.tif,0,ca3670befb868f6cf5294d2787f832d5eba43340a79f44218b8a7a4d03bfa038,0.681341826915741,0.4166847765445709,1
ela,4cam_auth/4cam_auth/canonxt_08_sub_04.tif,0,d4c676d0f3f8d0c3a2ac42a3ae642e872915e4085dc5d451ac164fb3f5e6c22f,0.557270348072052,0.4166847765445709,1
ela,4cam_auth/4cam_auth/canonxt_08_sub_05.tif,0,3134a9c64a57c5e50cef72a084275c88848190fd25aea49b457d70ab9755d12f,0.5227941870689392,0.4166847765445709,1
ela,4cam_auth/4cam_auth/canonxt_08_sub_06.tif,0,87434d1a2c01c2b8ce02941348d6df6dd1178c66674a157631c9bd3e355b5214,0.5270617008209229,0.4166847765445709,1
ela,4cam_auth/4cam_auth/canonxt_08_sub_07.tif,0,339ba75d4ff4dbe8d3b52ce5469e7308fbf870ee4922d3966e30b72ce73ba4dd,0.6942930221557617,0.4166847765445709,1
ela,4cam_auth/4cam_auth/canonxt_08_sub_08.tif,0,b1421533975f956d8d3aa5fcb9c0e8bf048042d674273a76c926337f378e3000,0.6793235540390015,0.4166847765445709,1
ela,4cam_auth/4cam_auth/canonxt_08_sub_09.tif,0,9024ef19d75002df8a0b37d3e2239e7ca54afa639bb9426cad7f98e0e07ea697,0.6854223012924194,0.4166847765445709,1
ela,4cam_auth/4cam_auth/canonxt_11_sub_01.tif,0,8698ec3235f15866b171c39d8f3c99a2c7abdf96ef6e92c212537f826c201f39,0.5764848589897156,0.4166847765445709,1
ela,4cam_auth/4cam_auth/canonxt_11_sub_02.tif,0,1106e8ce2e24e9c8abda6cf311a2261a7cd72d214704875a54f94aabaea3844f,0.7138867378234863,0.4166847765445709,1
ela,4cam_auth/4cam_auth/canonxt_11_sub_03.tif,0,b1249224a6ff94a4e27c8c912313f2bd4ee1935e43b7a38f3a4f3177db3cad88,0.6028615236282349,0.4166847765445709,1
ela,4cam_auth/4cam_auth/canonxt_11_sub_04.tif,0,767dc3f987dc9888e52fa3db248ccb8855db20929f39165a0dec981105b1d189,0.5397891998291016,0.4166847765445709,1
ela,4cam_auth/4cam_auth/canonxt_11_sub_05.tif,0,ae25d32a5897cca7b88f03984edfe7b0afd618a0f69c46bac916d8d937605da7,0.6059886813163757,0.4166847765445709,1
ela,4cam_auth/4cam_auth/canonxt_11_sub_06.tif,0,6739eb712fee716cdf9c16f7c72a9a1f4fa31bfddc553408ab04a0580e190f5a,0.566994309425354,0.4166847765445709,1
ela,4cam_auth/4cam_auth/canonxt_11_sub_07.tif,0,8fa4b4ec6fe678e2c5d187ae3b9fb055bad1c11aa8ac8402939c6e4d06a0a3f8,0.5307744145393372,0.4166847765445709,1
ela,4cam_auth/4cam_auth/canonxt_11_sub_08.tif,0,fae87978655d1e0881b692a78a8e263763e7992d493b38eedb23d4cc45a56d7f,0.5711278319358826,0.4166847765445709,1
ela,4cam_auth/4cam_auth/canonxt_11_sub_09.tif,0,d976e399bd9209b01cf0e265aa904e39e4b56f90d7b97ed9b9695f58d7121083,0.5954710245132446,0.4166847765445709,1
ela,4cam_auth/4cam_auth/canonxt_14_sub_01.tif,0,1b4d83293436a0723f27ca5ab28193adc4d42a91058bb9a65afa9f96bdc12c10,0.5472970604896545,0.4166847765445709,1
ela,4cam_auth/4cam_auth/canonxt_14_sub_02.tif,0,f7c44ebb06c9c1958495f39910a50fff281c87833aec63267247734db87e3569,0.6043164730072021,0.4166847765445709,1
ela,4cam_auth/4cam_auth/canonxt_14_sub_03.tif,0,4c3e27358b8276f04b75b400c32b65bb0b3f49c2bdafa232ee27de81137a11e2,0.6088786125183105,0.4166847765445709,1
ela,4cam_auth/4cam_auth/canonxt_14_sub_04.tif,0,89eb602e33d291dd5ddea9cee1305455413582cb8dd8d7d00a0cc7c32a59703d,0.6073827147483826,0.4166847765445709,1
ela,4cam_auth/4cam_auth/canonxt_14_sub_05.tif,0,66405761768681034b6aca56be6f7a478f34c05b2cc9257e5b17b10bf2ee4dbe,0.611725389957428,0.4166847765445709,1
ela,4cam_auth/4cam_auth/canonxt_14_sub_06.tif,0,231a1d20b537976bc144dcde93d8dded798644245dca3c04e6574f856388252e,0.5503402948379517,0.4166847765445709,1
ela,4cam_auth/4cam_auth/canonxt_14_sub_07.tif,0,11ee5864344b86b18567d52f47869322052e4e84ffa5630b70f48f6c1d5a7d4b,0.6173502206802368,0.4166847765445709,1
ela,4cam_auth/4cam_auth/canonxt_14_sub_08.tif,0,cc3bd450dc0af10edecde29dcb9abd664109bdf14b53e2cf8aa7d81199a00ab5,0.6329358816146851,0.4166847765445709,1
ela,4cam_auth/4cam_auth/canonxt_14_sub_09.tif,0,4ae3c68ce590c5543bba9874f624db778852de1204303bb5607f551e6b6d3664,0.6378703117370605,0.4166847765445709,1
ela,4cam_auth/4cam_auth/canonxt_17_sub_01.tif,0,021d1b8f746ae2bd28004960a8563101c16ea8ad667d606420f638a20ae5c256,0.8833829760551453,0.4166847765445709,1
ela,4cam_auth/4cam_auth/canonxt_17_sub_02.tif,0,60f0f0309579b2d853e58029ee611d7b6ec356cf572287e568263afd2cbd2d49,0.6957284808158875,0.4166847765445709,1
ela,4cam_auth/4cam_auth/canonxt_17_sub_03.tif,0,8aae3b65567ba21e7970188bad16764552e4d9e72620fa8fab4f8a9ed95cf1f8,0.5575410723686218,0.4166847765445709,1
ela,4cam_auth/4cam_auth/canonxt_17_sub_04.tif,0,a323fb48291447bd628c52c0afd0fd55bb3c593da0e5a3ecafd0f291cf3e1ed4,0.7215777635574341,0.4166847765445709,1
ela,4cam_auth/4cam_auth/canonxt_17_sub_05.tif,0,bccbe60915a1c1d828cd4ff558e4dc4c433130ee4b28fddc67dbbb24f4fcf0e3,0.6645458936691284,0.4166847765445709,1
ela,4cam_auth/4cam_auth/canonxt_17_sub_06.tif,0,38938c0017ce988170bfcbb88dd2f79cd507713d045666db0ce7ae66c3b0719b,0.5304429531097412,0.4166847765445709,1
ela,4cam_auth/4cam_auth/canonxt_17_sub_07.tif,0,09d943625613c5161e4687802b7fc2c50a32e941f1953b0c7be65b16d8eb89b1,0.6945006847381592,0.4166847765445709,1
ela,4cam_auth/4cam_auth/canonxt_17_sub_08.tif,0,fb96ab39689ad4370717315cffe44ef36420e608fbc002b6bf4fc6dce6b7a580,0.7084174752235413,0.4166847765445709,1
ela,4cam_auth/4cam_auth/canonxt_17_sub_09.tif,0,88a98e7fd30191128be75067bb0c1c5ff989b2fec1eaa7869f5a8e9b836f7985,0.6055783629417419,0.4166847765445709,1
ela,4cam_auth/4cam_auth/canonxt_20_sub_01.tif,0,b2d22a8e91458811a7a4b375180a70e9cd51d938cc60c2917373f489aa353760,0.6189783811569214,0.4166847765445709,1
ela,4cam_auth/4cam_auth/canonxt_20_sub_02.tif,0,1128470d275c2dddea7aa09ab94713190e474ae36c8956e0b8fbbf1b72e1a78c,0.7622323632240295,0.4166847765445709,1
ela,4cam_auth/4cam_auth/canonxt_20_sub_03.tif,0,e1a565b431c7620472512ee3132155de0efb5be24aee05de9780871c5f6ad381,0.5863164663314819,0.4166847765445709,1
ela,4cam_auth/4cam_auth/canonxt_20_sub_04.tif,0,0d83d4cba3c5a81b9ec96cf0d73ccad06e5fc037dfac8e72753f5f8606bee9f9,0.6036192774772644,0.4166847765445709,1
ela,4cam_auth/4cam_auth/canonxt_20_sub_05.tif,0,0b6ec30c3e2ee13a68589b48b2b5576e54f8db9f78e7b34e8ad2f4e6e4f3531c,0.7342512607574463,0.4166847765445709,1
ela,4cam_auth/4cam_auth/canonxt_20_sub_06.tif,0,5719e0a8f099b392abf233c15e2b1b50ec62ea8415479ab20e1af81ef911c97d,0.5926358103752136,0.4166847765445709,1
ela,4cam_auth/4cam_auth/canonxt_20_sub_07.tif,0,9f8631d778fa6a290cf588fe8b971752c623163d009714e4b49d22f0fc96fe0e,0.5977381467819214,0.4166847765445709,1
ela,4cam_auth/4cam_auth/canonxt_20_sub_08.tif,0,3814bc6935f504250c58818c099a793f1a3ef8dbbd928ff480d0471797a6c7c1,0.7777694463729858,0.4166847765445709,1
ela,4cam_auth/4cam_auth/canonxt_20_sub_09.tif,0,76e31e6fcb2bec81a48600dd03f8ba23ffc3ced7d19a95457e52317c058f23db,0.8383080363273621,0.4166847765445709,1
ela,4cam_auth/4cam_auth/canonxt_23_sub_01.tif,0,50a3a76c877c770bfbf1b22b712e2f66b1bc29e36a9b6208d2a329a2dd934071,0.49337852001190186,0.4166847765445709,1
ela,4cam_auth/4cam_auth/canonxt_23_sub_02.tif,0,6782c205b388d460f10bd7ff2d2ad1891a248d33515890e466835aa31db5f016,0.42461252212524414,0.4166847765445709,1
ela,4cam_auth/4cam_auth/canonxt_23_sub_03.tif,0,1a2327caf2e42605ec063bc4a82572e848bef1a1a35f4096f3cb6df3bc818c5d,0.6032748818397522,0.4166847765445709,1
ela,4cam_auth/4cam_auth/canonxt_23_sub_04.tif,0,f094a23420775729add213bd2795942610963d7f94444171371591b8a5b26e4e,0.5374658107757568,0.4166847765445709,1
ela,4cam_auth/4cam_auth/canonxt_23_sub_05.tif,0,ad2ee56ea65435ee656d787b4cbc0c31da7f8bd80c032bd46597063544d235ab,0.5369632244110107,0.4166847765445709,1
ela,4cam_auth/4cam_auth/canonxt_23_sub_06.tif,0,535006fcff5dcdc868c16612b1fb13b9f31c0f0d2af74ed58dacb00f2c289e37,0.6599426865577698,0.4166847765445709,1
ela,4cam_auth/4cam_auth/canonxt_23_sub_07.tif,0,647d51070b6ce6d4139b78ae0a4fdf9ceb5feba604ee4c10dd85087b162ccc13,0.632346510887146,0.4166847765445709,1
ela,4cam_auth/4cam_auth/canonxt_23_sub_08.tif,0,87f4b07a1c628fce92ead67355d39095b343f5b695efb020dc30646e62114205,0.6576709747314453,0.4166847765445709,1
ela,4cam_auth/4cam_auth/canonxt_23_sub_09.tif,0,4efa22b3d395527c797d9b281e5ac869330b4753de2d59ec9e714a41df596192,0.6670049428939819,0.4166847765445709,1
ela,4cam_auth/4cam_auth/canonxt_26_sub_01.tif,0,2c76146b85f098d170d4fb004dcc4722c06a3c95554074af5753fa1731837ca8,0.6400953531265259,0.4166847765445709,1
ela,4cam_auth/4cam_auth/canonxt_26_sub_02.tif,0,4bb66532a48e352be3a1299c2020389997409f188af7a39becbe2199a75eae9b,0.7359939813613892,0.4166847765445709,1
ela,4cam_auth/4cam_auth/canonxt_26_sub_03.tif,0,d855aa9b77188c32ec894b14c0a2e6204d277730890875abd9c17e7dcf3b1c2b,0.8345840573310852,0.4166847765445709,1
ela,4cam_auth/4cam_auth/canonxt_26_sub_04.tif,0,aa6fbf47a37f8db33631c364f12be538bdc30ca85a183c9dc132af6a1ccd67e7,0.6695595383644104,0.4166847765445709,1
ela,4cam_auth/4cam_auth/canonxt_26_sub_05.tif,0,f25885c3213456c014edc945ec84a216c09f2f90767f322b7e300e107bc42799,0.5863814949989319,0.4166847765445709,1
ela,4cam_auth/4cam_auth/canonxt_26_sub_06.tif,0,84a772790032aa3e713b8fcf5ec769b005326b054977661fbb2073ecb2d23f57,0.7042720317840576,0.4166847765445709,1
ela,4cam_auth/4cam_auth/canonxt_26_sub_07.tif,0,d22d65b2a477174364c86f9aa45d9b9e8e2e008035936975efcd2e48de2131ed,0.6100209355354309,0.4166847765445709,1
ela,4cam_auth/4cam_auth/canonxt_26_sub_08.tif,0,9b9dc94025e182a7789ddf1c8a5c6714adb2e9a35369a1d6c29ffccd4ece4aa8,0.6782004833221436,0.4166847765445709,1
ela,4cam_auth/4cam_auth/canonxt_26_sub_09.tif,0,b21a94a5a58db0a2cf438c563b4b38d36267a40fb7ad9f5631c7d8a62ff202b3,0.6468544602394104,0.4166847765445709,1
ela,4cam_auth/4cam_auth/canonxt_29_sub_01.tif,0,5c45cbdb0b30e765a8471af8be88d0d1402576e30329ba86015d551f49a01c87,0.7216024994850159,0.4166847765445709,1
ela,4cam_auth/4cam_auth/canonxt_29_sub_02.tif,0,836f7806fc016dd03ebdf238fe1a7a9ca7aeb9a12670cc50d02c074e80d1f367,0.4862901568412781,0.4166847765445709,1
ela,4cam_auth/4cam_auth/canonxt_29_sub_03.tif,0,f15cd42e6094b42e0e6d0584cd4b380de6e1cb773f46a2a2c905b1923737a356,0.6100342869758606,0.4166847765445709,1
ela,4cam_auth/4cam_auth/canonxt_29_sub_04.tif,0,1fea55c6fd32b5050801fee739e9e4396518f07b751f437a02522bedbd5d7410,0.5617732405662537,0.4166847765445709,1
ela,4cam_auth/4cam_auth/canonxt_29_sub_05.tif,0,7aa11771bfb045e3bc367860e09fe8c720202b1c36a9a9cb9e880505ee390d7b,0.5346636772155762,0.4166847765445709,1
ela,4cam_auth/4cam_auth/canonxt_29_sub_06.tif,0,aff48f4e3c825275d59c177db05b9be1d45fccbd9f96f118cbc4c5701fc778a0,0.6460627317428589,0.4166847765445709,1
ela,4cam_auth/4cam_auth/canonxt_29_sub_07.tif,0,737ed1128cbc45180aa2b7e1fb17ef253bc7aa2630529f709fe72764f5cd107d,0.6461158990859985,0.4166847765445709,1
ela,4cam_auth/4cam_auth/canonxt_29_sub_08.tif,0,f39074d479e059861c47c41ac76ef07c86d116b33748c9f93754eade356c1667,0.6442310810089111,0.4166847765445709,1
ela,4cam_auth/4cam_auth/canonxt_29_sub_09.tif,0,63dc09c8523468081efd6769e1ead6af76019d2a8f17791071fc9ccdf2f12f01,0.6282214522361755,0.4166847765445709,1
ela,4cam_auth/4cam_auth/canonxt_32_sub_01.tif,0,08b5d87da8ffc9d862ac53739da65241592784b4f94927c19efa9e068c27e11a,0.43059971928596497,0.4166847765445709,1
ela,4cam_auth/4cam_auth/canonxt_32_sub_02.tif,0,883332cd45a9b18063a7093d5928c19d87f1f62e6ed0231a27b284e89896dcad,0.714620053768158,0.4166847765445709,1
ela,4cam_auth/4cam_auth/canonxt_32_sub_03.tif,0,bf23a04da08b697972717053c74ea0d9d4c85edb90277e5f03cbb7ea7536ebd0,0.5709704756736755,0.4166847765445709,1
ela,4cam_auth/4cam_auth/canonxt_32_sub_04.tif,0,7d0180fdc9d03bf21755ddcc3b1a7f323b1b19dd2f78f7781eb84cdb17571cc7,0.7641540169715881,0.4166847765445709,1
ela,4cam_auth/4cam_auth/canonxt_32_sub_05.tif,0,840f0aeda28281808f76a717666c6043c986a4998e26ae7d32e0e379d8fdd38e,0.7073581218719482,0.4166847765445709,1
ela,4cam_auth/4cam_auth/canonxt_32_sub_06.tif,0,227dcf35853c33981efcaad01b49b24cb07b81469ebfa148ae35eb0db8c71eb0,0.567903995513916,0.4166847765445709,1
ela,4cam_auth/4cam_auth/canonxt_32_sub_07.tif,0,ac211e00ab7d1a73925c3a47a2813f1525dd7c321fc9eef19f3db967f45e8ecb,0.746094822883606,0.4166847765445709,1
ela,4cam_auth/4cam_auth/canonxt_32_sub_08.tif,0,102e916c97b51e8c177c21d8a20d42da3ac3b793a20b8cb1cfa70ba4a61b511f,0.6088672280311584,0.4166847765445709,1
ela,4cam_auth/4cam_auth/canonxt_32_sub_09.tif,0,d280a054e61c8db6e249a186c04e9fb5a825b9b21425e3cb63c288ae6d152d8c,0.7116405367851257,0.4166847765445709,1
ela,4cam_auth/4cam_auth/canonxt_35_sub_01.tif,0,fd3d17da2d9f0ad24bfbbc22fdebf8913e1fefdb342f6edff0c0edb0424e83db,0.6608008742332458,0.4166847765445709,1
ela,4cam_auth/4cam_auth/canonxt_35_sub_02.tif,0,e9a1eff3b5a6032b6b0b63d8c90226e053fb4b82a39c86482a5551500768d39c,0.5996575951576233,0.4166847765445709,1
ela,4cam_auth/4cam_auth/canonxt_35_sub_03.tif,0,0d4e99904a3c907e62dffc1129e758257bad7b2ff53e9db3d3408ecb170c8fd8,0.5702173113822937,0.4166847765445709,1
ela,4cam_auth/4cam_auth/canonxt_35_sub_04.tif,0,267626397c94686b8fcd48b2a52970f0ec216931496684f80108cbeb1ad9cd9f,0.5895782709121704,0.4166847765445709,1
ela,4cam_auth/4cam_auth/canonxt_35_sub_05.tif,0,1683630eed7aea79b0cfb56b6876f44b97d4b6a522f6c720b7271de7abc7280c,0.6180844902992249,0.4166847765445709,1
ela,4cam_auth/4cam_auth/canonxt_35_sub_06.tif,0,33aa918317f9661faf8dbcc0babc1aa15e4dcd1689615b49efb188a7274ece71,0.6327903270721436,0.4166847765445709,1
ela,4cam_auth/4cam_auth/canonxt_35_sub_07.tif,0,963d91d7ef2b80069081b03bd2def2ce7f3e782ac0d22302bbd6ed41a62c5964,0.7460123896598816,0.4166847765445709,1
ela,4cam_auth/4cam_auth/canonxt_35_sub_08.tif,0,a775a6c20fe22e802de3086afce5fa19b72ac333be548584a43863b15846c94e,0.8146601915359497,0.4166847765445709,1
ela,4cam_auth/4cam_auth/canonxt_35_sub_09.tif,0,471f7d59b177e34d390f328cb186439769779fc188a4ab8f5773b4dec5e41f8f,0.7789371609687805,0.4166847765445709,1
ela,4cam_auth/4cam_auth/canonxt_38_sub_01.tif,0,ef2f004e0e0dae016d9f06f81dcd73924ebe2d1fcf134211db4f3609e4c52747,0.6279093027114868,0.4166847765445709,1
ela,4cam_auth/4cam_auth/canonxt_38_sub_02.tif,0,620907f3650a1c425c021dd12cd302fc5a7afa2840b9c1ddea6b436a138eb2e1,0.6889476776123047,0.4166847765445709,1
ela,4cam_auth/4cam_auth/canonxt_38_sub_03.tif,0,b27d51936b7b8dc51ef141106b938c2809cf0cfc290f7b52a9544bdd70f930a3,0.6941591501235962,0.4166847765445709,1
ela,4cam_auth/4cam_auth/canonxt_38_sub_04.tif,0,ca3ac2f191ef7f32593377442509ba84a2f55518e2de9d30765cd5bd5ff7ec5f,0.4817934036254883,0.4166847765445709,1
ela,4cam_auth/4cam_auth/canonxt_38_sub_05.tif,0,0ec50a42b9e47d4a0ee9cee4058b3a80ab8ada74e63c462b02b859b77f1b1974,0.6846172213554382,0.4166847765445709,1
ela,4cam_auth/4cam_auth/canonxt_38_sub_06.tif,0,0cd727fdbd5483940280d378bf621ad9afd9775133f5589c1d57393910918f6e,0.5154076814651489,0.4166847765445709,1
ela,4cam_auth/4cam_auth/canonxt_38_sub_07.tif,0,17dda886b5e072ea6d5bb3155f680cbc7215b70ab850c5b7fc3a831fd1eb2b70,0.49465426802635193,0.4166847765445709,1
ela,4cam_auth/4cam_auth/canonxt_38_sub_08.tif,0,6b842a201e48dc4be36b467c9d53f1fe589b096a0b481c3b018d2b3244c4daca,0.4337449371814728,0.4166847765445709,1
ela,4cam_auth/4cam_auth/canonxt_38_sub_09.tif,0,637127b89d8fbf2b5099e3bb66cdf56f4f2dfd1c49072c46c156b195c4500b6f,0.6415430903434753,0.4166847765445709,1
ela,4cam_auth/4cam_auth/kodakdcs330_01_sub_01.tif,0,58ce9d03200a96219db3aeb923bf5bca292675ca47c16870e54db0bea9bb872f,0.5319108366966248,0.4166847765445709,1
ela,4cam_auth/4cam_auth/kodakdcs330_02_sub_01.tif,0,1afc97bdd0d4efd979b94319dad7540dbe72d54cfa11cf4e4686f65fbe0f4e84,0.5807554125785828,0.4166847765445709,1
ela,4cam_auth/4cam_auth/kodakdcs330_03_sub_01.tif,0,3da50fab8fd5f8f2616c8c52417cedf858e1ca39d9c56619e234371f25dfacfd,0.49271610379219055,0.4166847765445709,1
ela,4cam_auth/4cam_auth/nikond70_02_sub_01.tif,0,4bcd5d8ab8a855056ac29b638eb04dbd0077bf818c627fcd2016f5a387d6d502,0.6903550624847412,0.4166847765445709,1
ela,4cam_auth/4cam_auth/nikond70_02_sub_02.tif,0,22183970aaf6a9a9a7b268e5eed6a9be45abe24a92f855349ea80b627e0570c9,0.5213706493377686,0.4166847765445709,1
ela,4cam_auth/4cam_auth/nikond70_02_sub_03.tif,0,4f9606a33be34251ad1d9f8c996de5a8daf20fcbea172c7a5f0603b85e01c38d,0.5973483324050903,0.4166847765445709,1
ela,4cam_auth/4cam_auth/nikond70_02_sub_04.tif,0,9e05717b25d5a9ac872d47d7b72408fe9d160bc28e3ae69c289f07b773cc7ccb,0.5645664930343628,0.4166847765445709,1
ela,4cam_auth/4cam_auth/nikond70_02_sub_05.tif,0,34b180abcc18c00561736879fabc00d29ad53300aa3963269df888386b8c1852,0.6391863226890564,0.4166847765445709,1
ela,4cam_auth/4cam_auth/nikond70_02_sub_06.tif,0,e9385c79cd6da92c93d14a6feb133034483a6a4c26c1237cddb59c1e771e416e,0.5482773184776306,0.4166847765445709,1
ela,4cam_auth/4cam_auth/nikond70_02_sub_07.tif,0,56af486b771e7d1c0e15d182215451d405aa3f804ccdb6b3e0fe69aec1d093dc,0.6093786954879761,0.4166847765445709,1
ela,4cam_auth/4cam_auth/nikond70_02_sub_08.tif,0,b30519b4bb8a402abec996b03da876cb9b3267e4a4cbe575e3a25c1002ef0b37,0.5169121026992798,0.4166847765445709,1
ela,4cam_auth/4cam_auth/nikond70_02_sub_09.tif,0,24cf284a11f7aecd9a8c914b67b41112f46a80531b1331956e167ea1e8ec6104,0.5608580708503723,0.4166847765445709,1
ela,4cam_auth/4cam_auth/nikond70_05_sub_01.tif,0,fe3ff7b742c39bd1753816d00f58e50f110ad7cafa7e9ce94e7ce3e48ae7cba1,0.5654363632202148,0.4166847765445709,1
ela,4cam_auth/4cam_auth/nikond70_05_sub_02.tif,0,48d6875f66e16f44319a05e9facc4d3afa6b8cab684c0a705e34da5e15bb097d,0.4977259933948517,0.4166847765445709,1
ela,4cam_auth/4cam_auth/nikond70_05_sub_03.tif,0,0356ffa2dcc9ceef4eb86868440b52bf1e0e8d430ea54001cec7de6c5c370c30,0.6439096331596375,0.4166847765445709,1
ela,4cam_auth/4cam_auth/nikond70_05_sub_04.tif,0,cd3d2ded7938be70c2e2cd5c77fdc8022ad074a5e2e672a3b0e16118b1cc13ac,0.5587630271911621,0.4166847765445709,1
ela,4cam_auth/4cam_auth/nikond70_05_sub_05.tif,0,ae905e86b128be418c87d65e05dcf57ecff4cf5d27f9e593bc2f352f4b9b004d,0.6896302700042725,0.4166847765445709,1
ela,4cam_auth/4cam_auth/nikond70_05_sub_06.tif,0,9509a5c2f4d71874e469db943483c1ddddbc10b814db607e6cff372533012707,0.6671854853630066,0.4166847765445709,1
ela,4cam_auth/4cam_auth/nikond70_05_sub_07.tif,0,846026872ec53592d4b373e0460c43459be55fe872f7a3df14f0e90c3c33beec,0.5966787934303284,0.4166847765445709,1
ela,4cam_auth/4cam_auth/nikond70_05_sub_08.tif,0,25bc8b22d346ea938ce63942250d6b6199c26725b2159cc6692c944da7ed31b7,0.4906926453113556,0.4166847765445709,1
ela,4cam_auth/4cam_auth/nikond70_05_sub_09.tif,0,db2fb6d4aa3d39f2ebb0138954ee5f4bc74fc4b708527aef361523d0dfd458d3,0.6298909783363342,0.4166847765445709,1
ela,4cam_auth/4cam_auth/nikond70_08_sub_01.tif,0,0150ae5e42e89c2854c3effa116c2f79bf416c713cf32bb5ff432e2fd4954d34,0.5886135101318359,0.4166847765445709,1
ela,4cam_auth/4cam_auth/nikond70_08_sub_02.tif,0,4130f4307030439a1b6ebf3f1196eacd42dd87ea9fede6e0ee33d28ea9a954ca,0.7521918416023254,0.4166847765445709,1
ela,4cam_auth/4cam_auth/nikond70_08_sub_03.tif,0,6463d6a084fa69f3377f5df2a822663ec1c9a4ac5c8a8cb9c653232b74a25fdd,0.6658114790916443,0.4166847765445709,1
ela,4cam_auth/4cam_auth/nikond70_08_sub_04.tif,0,34cf50f170a4fb6f53be6419e2aca35730c6366ef40e0f914283899b84156278,0.5607819557189941,0.4166847765445709,1
ela,4cam_auth/4cam_auth/nikond70_08_sub_05.tif,0,9adf516aa36fa290da2526495d2d70f238c4d315a3445154d6c1d3964e97e90f,0.6815774440765381,0.4166847765445709,1
ela,4cam_auth/4cam_auth/nikond70_08_sub_06.tif,0,279b66db15f09a7832233b411261d3cedeab5a4324b3dfb4e76e210c89f7126d,0.613700807094574,0.4166847765445709,1
ela,4cam_auth/4cam_auth/nikond70_08_sub_07.tif,0,636fe1a9bfd373aa9027b12106a56ce4560261094c356db5167a440c20a69f69,0.5786236524581909,0.4166847765445709,1
ela,4cam_auth/4cam_auth/nikond70_08_sub_08.tif,0,7c953cf63d0fb44f7c808913feb0def860f3652c56741c319eea97e9b7b385d9,0.6214258074760437,0.4166847765445709,1
ela,4cam_auth/4cam_auth/nikond70_08_sub_09.tif,0,4aa2c770f5d608cde4a84343c91ddb42cbc35981b75538cd4a74e0ec8e091bf2,0.5909683704376221,0.4166847765445709,1
ela,4cam_auth/4cam_auth/nikond70_11_sub_01.tif,0,9fada6aae76b7f9b6877c857abd87fbc132a638c7924632d6f39fbd9a33d42db,0.4875781536102295,0.4166847765445709,1
ela,4cam_auth/4cam_auth/nikond70_11_sub_02.tif,0,7458b4a1b8f23b52c9505b693f679bc74db2763cfa3192df7c25db0d16dce60b,0.5075834393501282,0.4166847765445709,1
ela,4cam_auth/4cam_auth/nikond70_11_sub_03.tif,0,18a8e836a87a42590c0aafb73c1be9709400aa5c9ae42aef79efde9f058ff7d7,0.5252211689949036,0.4166847765445709,1
ela,4cam_auth/4cam_auth/nikond70_11_sub_04.tif,0,77f34af085d608d613da946f4da46cb22b2f8cfb2dea3385c1c51c040cf069dd,0.6483116745948792,0.4166847765445709,1
ela,4cam_auth/4cam_auth/nikond70_11_sub_05.tif,0,d7a7e4f290a1074c8d8a3e4a07dc9bc2e80cfddb10658e9755b7245e0d81039b,0.5600125789642334,0.4166847765445709,1
ela,4cam_auth/4cam_auth/nikond70_11_sub_06.tif,0,f573e3dd43011e07424c4ad7e5a830226b2690eaaa5c16c9aeafe1f180ca7965,0.5836960673332214,0.4166847765445709,1
ela,4cam_auth/4cam_auth/nikond70_11_sub_07.tif,0,16a2b71eb83be01601a4bd0bb408934bcb6ed99058304cd8be7acef5686d4ff3,0.6630294919013977,0.4166847765445709,1
ela,4cam_auth/4cam_auth/nikond70_11_sub_08.tif,0,dd806e97da5e3f14283488272dbbc4fc23ba4a10fb34962f5220ab405b282696,0.6658002734184265,0.4166847765445709,1
ela,4cam_auth/4cam_auth/nikond70_11_sub_09.tif,0,b1ff358ca5eae3966928080c5fc5be7f8bb1b09f097cacb1ecb7b0fb245cc69e,0.6146109104156494,0.4166847765445709,1
ela,4cam_splc/4cam_splc/canong3_canonxt_sub_01.tif,1,cf907487b402219876234a991ce3a9bca201e9fd38d0a4b6d8260c32db4228ed,0.5579968690872192,0.4166847765445709,1
ela,4cam_splc/4cam_splc/canong3_canonxt_sub_02.tif,1,6f6050c0634f0ea4b3d2c7c01f1b4aa4f1772159c80494ccd9cf4e7ee8e79762,0.5277859568595886,0.4166847765445709,1
ela,4cam_splc/4cam_splc/canong3_canonxt_sub_03.tif,1,3d4ab29d92e080228bec597fad1fab4010b0c40dbbea110f552b4a15e7a5d087,0.5690370202064514,0.4166847765445709,1
ela,4cam_splc/4cam_splc/canong3_canonxt_sub_04.tif,1,f169eef353a85306ac62293acb1ed6275e7a223a801698c7bdf9c4a081fa5d79,0.6630601286888123,0.4166847765445709,1
ela,4cam_splc/4cam_splc/canong3_canonxt_sub_05.tif,1,e4c8b93332db89da4a8dbd239b8d0441bd793f4027258e505b066959ef4eb285,0.495302677154541,0.4166847765445709,1
ela,4cam_splc/4cam_splc/canong3_canonxt_sub_06.tif,1,d597340769b0051b753aa146b993977192eb15a06785895867098914da8a93ae,0.7467458248138428,0.4166847765445709,1
ela,4cam_splc/4cam_splc/canong3_canonxt_sub_07.tif,1,e98d695b45e303c28f0a9f6bff3de01993375e415626cf1bf56e8f9f8f535bd5,0.6242329478263855,0.4166847765445709,1
ela,4cam_splc/4cam_splc/canong3_canonxt_sub_08.tif,1,0b9631f3334afbecd5056874f59ca425654fc22bb22f33db6fd3fcef0214a18c,0.6439488530158997,0.4166847765445709,1
ela,4cam_splc/4cam_splc/canong3_canonxt_sub_09.tif,1,50a77f77f0f4fd0aa1df04b5d5bc08e565d159505c537dd3a3155bafd99d421b,0.7602327466011047,0.4166847765445709,1
ela,4cam_splc/4cam_splc/canong3_canonxt_sub_10.tif,1,4eb9cf644135e89605710a0ee440c4e8dd1488147e91ee1717ac5a3059a4e865,0.8070701360702515,0.4166847765445709,1
ela,4cam_splc/4cam_splc/canong3_canonxt_sub_11.tif,1,857463adfce2047aa08fa51e10421e2e7b9f37df49a3f2d4f01d3b9416639761,0.6932554841041565,0.4166847765445709,1
ela,4cam_splc/4cam_splc/canong3_canonxt_sub_12.tif,1,052ec53f6443cbedefc09e27404285646a1fe38fed0cef78f1681c5b6e852fe5,0.6639487147331238,0.4166847765445709,1
ela,4cam_splc/4cam_splc/canong3_canonxt_sub_13.tif,1,e0ec4675164e5e19ff8c8fa82f82653b712d174fafe2e9de26c0559a2e6cfbda,0.5970682501792908,0.4166847765445709,1
ela,4cam_splc/4cam_splc/canong3_canonxt_sub_14.tif,1,0017abdefc545f58fe2bafe8e2997e765ccc86d5b38840d75862cadb4e676f4d,0.5989627838134766,0.4166847765445709,1
ela,4cam_splc/4cam_splc/canong3_canonxt_sub_15.tif,1,0e31a59c9d9e6fd04daf6a1cfaa9927474d44128816933d360581085099149a0,0.5826991200447083,0.4166847765445709,1
ela,4cam_splc/4cam_splc/canong3_canonxt_sub_16.tif,1,a5c4d797659a5dfc5e5df804f47139a57b06a74e1b9f99f0a7eaa2b359271c17,0.6939611434936523,0.4166847765445709,1
ela,4cam_splc/4cam_splc/canong3_canonxt_sub_17.tif,1,59dbd783000a8f6d2b7387cdb2e4b0ba1b506e2f0850fe8ec3d8831c9d39e5a5,0.7709728479385376,0.4166847765445709,1
ela,4cam_splc/4cam_splc/canong3_canonxt_sub_18.tif,1,2cc3be604ecbc2e1fcac7a88c42a2d7835121e3aa75b24f28f3707a831f34ffa,0.5274509191513062,0.4166847765445709,1
ela,4cam_splc/4cam_splc/canong3_canonxt_sub_19.tif,1,729201ea6675b5104b8867c4c1bde756ff09bdfb23e20c9d34927c1f861cb270,0.5887936353683472,0.4166847765445709,1
ela,4cam_splc/4cam_splc/canong3_canonxt_sub_20.tif,1,b0a3a1961fb9a01edbe02827a86e791ceec32a5421b98913a0cce36fe7573f64,0.6812082529067993,0.4166847765445709,1
ela,4cam_splc/4cam_splc/canong3_canonxt_sub_21.tif,1,32665f1916e5ed2dfd2d070582e5b19b009a4feca49041bbf552cd7ec79816cc,0.5203661918640137,0.4166847765445709,1
ela,4cam_splc/4cam_splc/canong3_canonxt_sub_22.tif,1,65a4e0a7ca805f891bb130c4c7716d9d4ac8e72b8b9a402c76ba811284aac965,0.5184451937675476,0.4166847765445709,1
ela,4cam_splc/4cam_splc/canong3_canonxt_sub_23.tif,1,5e9920d08b6b7ef148c901b26b004d32311de18783bf001ea3387d61cd802155,0.5475760698318481,0.4166847765445709,1
ela,4cam_splc/4cam_splc/canong3_canonxt_sub_24.tif,1,5074fe0cf4325f5ab552f45489909d523a9a8832ef679702346d60ac826ef845,0.6199085116386414,0.4166847765445709,1
ela,4cam_splc/4cam_splc/canong3_canonxt_sub_25.tif,1,76e6a69a571597535ff07b45c7b799592af43b911a75ac68164bef683e5b4a68,0.47485390305519104,0.4166847765445709,1
ela,4cam_splc/4cam_splc/canong3_canonxt_sub_26.tif,1,4779a7676225da9f7ce92cda6e2bd5d926216b28c6ddf4e422c590acb5cf9409,0.5979560017585754,0.4166847765445709,1
ela,4cam_splc/4cam_splc/canong3_canonxt_sub_27.tif,1,9acc02ef48e974e141681a1f9630c59fece8c39b0f4ce9c080e284c8564edee2,0.552946150302887,0.4166847765445709,1
ela,4cam_splc/4cam_splc/canong3_canonxt_sub_28.tif,1,b6035c99437c6698e0b849f53f041b3354467738fdb7272be2c67567c57a2495,0.6819788813591003,0.4166847765445709,1
ela,4cam_splc/4cam_splc/canong3_canonxt_sub_29.tif,1,da03d9cc0f34b347f7cc53f4368844f1cf3b7303f41dea80457ccb9bff3b6139,0.6048661470413208,0.4166847765445709,1
ela,4cam_splc/4cam_splc/canong3_canonxt_sub_30.tif,1,3e6c45a0de9ed64c62439ab7a81f863d0c702ae91074a68693c1f6be83e2f2cf,0.688096284866333,0.4166847765445709,1
ela,4cam_splc/4cam_splc/canong3_kodakdcs330_sub_01.tif,1,81f9be7f66d99ec66437c882b6026149e8c6044d4b66a8d4e71db5fa2819cbcb,0.6748654842376709,0.4166847765445709,1
ela,4cam_splc/4cam_splc/canong3_kodakdcs330_sub_02.tif,1,62f64d0c2369e4c6610f29b90164ecfc63b8f4684ba16c8e4d2b2e1e14f9330f,0.5276886820793152,0.4166847765445709,1
ela,4cam_splc/4cam_splc/canong3_kodakdcs330_sub_03.tif,1,dc10f43e9b3f24bf64c70990f7b870021f37054f1a0317aed8661cc44ef7eb4a,0.5625072717666626,0.4166847765445709,1
ela,4cam_splc/4cam_splc/canong3_kodakdcs330_sub_04.tif,1,797a2d4220d6fb0680f3c5ae73a826f0801dc30f35c01d4d63ddddebd37db0c1,0.6499461531639099,0.4166847765445709,1
ela,4cam_splc/4cam_splc/canong3_kodakdcs330_sub_05.tif,1,e33c88c01f51a9180bc645a910c1a63a290f11d0d1db0da907e4d1670a3c15ea,0.6463271975517273,0.4166847765445709,1
ela,4cam_splc/4cam_splc/canong3_kodakdcs330_sub_06.tif,1,e38e889a71bc23f09f8ce44ad481047fe7533380cbac9caaf2084e4e3a63f699,0.7625347375869751,0.4166847765445709,1
ela,4cam_splc/4cam_splc/canong3_kodakdcs330_sub_07.tif,1,0cc51f7f6332867ee016688a633b307bbe82375f6608994da725c4f3f016c2a6,0.6570678353309631,0.4166847765445709,1
ela,4cam_splc/4cam_splc/canong3_kodakdcs330_sub_08.tif,1,0d72942713f2f0a634f6e6942580ca189db66785350a517614ae30ce95259742,0.5390335321426392,0.4166847765445709,1
ela,4cam_splc/4cam_splc/canong3_kodakdcs330_sub_09.tif,1,8595feb01d5b50a822d5c5180104067e35ef0a33f1d75f78b5991e37bc47893d,0.5282644033432007,0.4166847765445709,1
ela,4cam_splc/4cam_splc/canong3_kodakdcs330_sub_10.tif,1,797fa6af04fd8b4af72bffb296e28b1edcad12093979618ed0d569d2922e82ed,0.6657841801643372,0.4166847765445709,1
ela,4cam_splc/4cam_splc/canong3_kodakdcs330_sub_11.tif,1,9bd1034ed71b1eed3fd59bb3da950042a99c4487df2da84254e439c416fe53a9,0.5398416519165039,0.4166847765445709,1
ela,4cam_splc/4cam_splc/canong3_kodakdcs330_sub_12.tif,1,8a7895b3b3a25e059e6af51e2cae3929cbb6046b268c1584b6f304f02b898039,0.780830979347229,0.4166847765445709,1
ela,4cam_splc/4cam_splc/canong3_kodakdcs330_sub_13.tif,1,127960c8e7d229774e887cd489f071c17d51cfd3edb415a09c3aa032f91a7b8c,0.6256086826324463,0.4166847765445709,1
ela,4cam_splc/4cam_splc/canong3_kodakdcs330_sub_14.tif,1,51684cce38f4f6fefa858e28a7bffaab9adfcac35a62ba267df5554ed400ce45,0.7683053016662598,0.4166847765445709,1
ela,4cam_splc/4cam_splc/canong3_kodakdcs330_sub_15.tif,1,c6f7d0907036c5ed940a3fcb2a18b3541266aaa4f3bbe92f27abb07fce93b001,0.672291100025177,0.4166847765445709,1
ela,4cam_splc/4cam_splc/canong3_kodakdcs330_sub_16.tif,1,0e1057bebff09ff44d0e4d7f609b8f25c101ea2c59e8c11439fb9c5d46c2ec43,0.655646026134491,0.4166847765445709,1
ela,4cam_splc/4cam_splc/canong3_kodakdcs330_sub_17.tif,1,46ad5359600093527afb145003b4f0dbc754e9b80cbd73ec0e28eedcea011bff,0.681378960609436,0.4166847765445709,1
ela,4cam_splc/4cam_splc/canong3_kodakdcs330_sub_18.tif,1,9b2a8f934a9064f0c3082b8d5b16825f91c466623ac0721c24ef952377a45790,0.7148962616920471,0.4166847765445709,1
ela,4cam_splc/4cam_splc/canong3_kodakdcs330_sub_19.tif,1,b5e07e94f2c81a87bb849f60441786a2892819909027eb1f5f875a0533c46973,0.6190117001533508,0.4166847765445709,1
ela,4cam_splc/4cam_splc/canong3_kodakdcs330_sub_20.tif,1,13bd4e0eaf24a4a618804b0f04dc6e7394fcbe22a447317016a0d70dc4b7793f,0.5280505418777466,0.4166847765445709,1
ela,4cam_splc/4cam_splc/canong3_kodakdcs330_sub_21.tif,1,cb0f0e30147b34b5f944bcf5840fd61452d09d2909636a1f679806a63a57b2f7,0.5034018158912659,0.4166847765445709,1
ela,4cam_splc/4cam_splc/canong3_kodakdcs330_sub_22.tif,1,80054c06024b448ddfab079d9f54ea1e35b03c5820d75a0e649e8a983370965f,0.5253005623817444,0.4166847765445709,1
ela,4cam_splc/4cam_splc/canong3_kodakdcs330_sub_23.tif,1,617dd8750461b9e9196d4dd2c86e1d39b4a3b8fcc969c8d94724c9a6b618daa6,0.7129928469657898,0.4166847765445709,1
ela,4cam_splc/4cam_splc/canong3_kodakdcs330_sub_24.tif,1,8cf93898eb64e2ff97c5aabdad427fdc866ad8402eddf0956c90f46e46e80a55,0.5331055521965027,0.4166847765445709,1
ela,4cam_splc/4cam_splc/canong3_kodakdcs330_sub_25.tif,1,0e05f2c4d6feb00f43801205dc28315654051cdc339d7b7c39ad71f21deca270,0.6797634959220886,0.4166847765445709,1
ela,4cam_splc/4cam_splc/canong3_kodakdcs330_sub_26.tif,1,1624c442894fd3424189c8f8d8dac90a4f079e1465e81d65a5a52a5322c91478,0.47479358315467834,0.4166847765445709,1
ela,4cam_splc/4cam_splc/canong3_kodakdcs330_sub_27.tif,1,875dc1dce5276e8f2b16930f22a1c5e3f2ef6a98a1e04802550896d653425638,0.5674462914466858,0.4166847765445709,1
ela,4cam_splc/4cam_splc/canong3_kodakdcs330_sub_28.tif,1,faea40f83bb66a1090447f721ae9cabfd93b151b4c3fff72e1567516425b5cf6,0.5126702785491943,0.4166847765445709,1
ela,4cam_splc/4cam_splc/canong3_kodakdcs330_sub_29.tif,1,502b9e556e8f7904dddc15847d31499dac17141215051300ab5fb40f5a02064e,0.5809509754180908,0.4166847765445709,1
ela,4cam_splc/4cam_splc/canong3_kodakdcs330_sub_30.tif,1,c608fa85c90f743b20418e67496726d2b413aec3e674bdd7278367757787e5fa,0.46785202622413635,0.4166847765445709,1
ela,4cam_splc/4cam_splc/canong3_nikond70_sub_01.tif,1,6c148808dd5c2334aad65d25cd147aff48723b68d3ffc6d1596b84f9e99f3567,0.5556433796882629,0.4166847765445709,1
ela,4cam_splc/4cam_splc/canong3_nikond70_sub_02.tif,1,7a8dccc35fb8309ae109ebc3d8248987271bd2aa52adcc030e636f33763e6443,0.5264378786087036,0.4166847765445709,1
ela,4cam_splc/4cam_splc/canong3_nikond70_sub_03.tif,1,73a2c0f0e2d7010619c80ce5bdeac38c51160065e4a9bf1d5773c5150e6c9c94,0.7097821831703186,0.4166847765445709,1
ela,4cam_splc/4cam_splc/canong3_nikond70_sub_04.tif,1,993058b7a9c9187362bb97206f60a8ab57a38eac0d426fc98fb1803db429e2ec,0.5101888179779053,0.4166847765445709,1
ela,4cam_splc/4cam_splc/canong3_nikond70_sub_05.tif,1,a34b9bc884af6100c951c6665d8afb63dcbf7aea84fdb16182ffa503460b16b7,0.5792854428291321,0.4166847765445709,1
ela,4cam_splc/4cam_splc/canong3_nikond70_sub_06.tif,1,ae7e1ded200f317317b03673ccc0377e82dac6d013953e29ff9bcf6003f17bfb,0.6065099835395813,0.4166847765445709,1
ela,4cam_splc/4cam_splc/canong3_nikond70_sub_07.tif,1,dafa36fc3d8b9a7a2c62f725f5dcb5f58fd632f2073563a6f2203f5cd77142a7,0.5163262486457825,0.4166847765445709,1
ela,4cam_splc/4cam_splc/canong3_nikond70_sub_08.tif,1,468bb16a80f04ef119cdf0d84a2717f7247f27fb60688a90b185a13810cc4899,0.4414554536342621,0.4166847765445709,1
ela,4cam_splc/4cam_splc/canong3_nikond70_sub_09.tif,1,2be1ef78985973c1b165fcd678d1620c8e7ec8e65fac260153c07af8f5d9558e,0.5107200741767883,0.4166847765445709,1
ela,4cam_splc/4cam_splc/canong3_nikond70_sub_10.tif,1,6c0198712327fc19bfddb6e63b5f3beba2bf0b56337ac6a52c82e870c5264b2c,0.7566359043121338,0.4166847765445709,1
ela,4cam_splc/4cam_splc/canong3_nikond70_sub_11.tif,1,fc9771fa88bb1cd184c302213ae30f338df66071ea74650c59588ae81757777d,0.5008233785629272,0.4166847765445709,1
ela,4cam_splc/4cam_splc/canong3_nikond70_sub_12.tif,1,47413d46abd85624ed9d0fb03999e35b4752129a68e566c9683387e983233a24,0.6035788059234619,0.4166847765445709,1
ela,4cam_splc/4cam_splc/canong3_nikond70_sub_13.tif,1,ce8bc41a76031721da600eb9e8ff9858cc3a68d36253897d2d5922d66ad3b887,0.44306349754333496,0.4166847765445709,1
ela,4cam_splc/4cam_splc/canong3_nikond70_sub_14.tif,1,9da8d2088914911bf7c0715a90668d3791183d029539834b0fd0f45c6d868b52,0.7479258179664612,0.4166847765445709,1
ela,4cam_splc/4cam_splc/canong3_nikond70_sub_15.tif,1,305166f105db18d99c651973538dcf231f09e0b4bf330247785943cbe7a9a3dc,0.7039281725883484,0.4166847765445709,1
ela,4cam_splc/4cam_splc/canong3_nikond70_sub_16.tif,1,116d7fb2ee8dff72d54252055194075d5a83f53b9fd6d0e25d09fe5e59d4ada2,0.5113608837127686,0.4166847765445709,1
ela,4cam_splc/4cam_splc/canong3_nikond70_sub_17.tif,1,e9b3e973d883faadd5db277745fe2747cd9b568f72894ec7f057b187a41bf549,0.6702638268470764,0.4166847765445709,1
ela,4cam_splc/4cam_splc/canong3_nikond70_sub_18.tif,1,6b0fb36ce3205a14d0ed49c5d1218262ca40cf6f01da494e4f21637dcdb9fc91,0.644180953502655,0.4166847765445709,1
ela,4cam_splc/4cam_splc/canong3_nikond70_sub_19.tif,1,73a0f7a1ad5656a0c1df5ce9762411c3886bcd57ac3345b4e21fc8277a8b3bd0,0.5144556164741516,0.4166847765445709,1
ela,4cam_splc/4cam_splc/canong3_nikond70_sub_20.tif,1,ee61d478502adb805a5e00c01b1a38fc70c21fc31045445bb9912946316cbd67,0.6434406042098999,0.4166847765445709,1
ela,4cam_splc/4cam_splc/canong3_nikond70_sub_21.tif,1,7c5fb385e3a1a2e95c6b8e94df38f09a7b00a23c397681443b694c1aeed9de60,0.6768747568130493,0.4166847765445709,1
ela,4cam_splc/4cam_splc/canong3_nikond70_sub_22.tif,1,ba07a9a94f867abad8747e99428989375f28e4dc2907036cf07cb426de94478a,0.4691848158836365,0.4166847765445709,1
ela,4cam_splc/4cam_splc/canong3_nikond70_sub_23.tif,1,102badb28fc5017956e73c1075852cfbc6ae7183d30b4b48be6c723f8699dc4d,0.6272982358932495,0.4166847765445709,1
ela,4cam_splc/4cam_splc/canong3_nikond70_sub_24.tif,1,ec1b8503ffdb5647b61e26e62756852bc64d016e1496efe5bae8f2b18a11cb7a,0.7256036400794983,0.4166847765445709,1
ela,4cam_splc/4cam_splc/canong3_nikond70_sub_25.tif,1,06640b827ee4aa37456d211f088a67643cffafbb71f5ca9bf50e7d7ada95271b,0.6046478152275085,0.4166847765445709,1
ela,4cam_splc/4cam_splc/canong3_nikond70_sub_26.tif,1,b9cca0509655a79d3654d5d544a64f9aa9efb60361894ac4429c5f14241dfe00,0.548175573348999,0.4166847765445709,1
ela,4cam_splc/4cam_splc/canong3_nikond70_sub_27.tif,1,c4c76dfea0e4f3c0badb184f298aaa7b7816972a3d9fdfd8b27491dc6d6416dc,0.47227776050567627,0.4166847765445709,1
ela,4cam_splc/4cam_splc/canong3_nikond70_sub_28.tif,1,0ec8ce20ac94d72ad4e412f3e7bc3f68d7805cee7baa126379a46103fff03e5c,0.5916359424591064,0.4166847765445709,1
ela,4cam_splc/4cam_splc/canong3_nikond70_sub_29.tif,1,d6a0a9cf4db1613ac289803e99dedc169dbc2e840ee294984b98c61f0898f365,0.4809952676296234,0.4166847765445709,1
ela,4cam_splc/4cam_splc/canong3_nikond70_sub_30.tif,1,33020d7e3e6c4376d80d86a695070f230b8b8fab1570469864107669349b7246,0.48605695366859436,0.4166847765445709,1
ela,4cam_splc/4cam_splc/canonxt_kodakdcs330_sub_01.tif,1,c09914ae0dbb73382d3afc16101618634f8e458e5ee4d260c4d110308368d7b0,0.900325357913971,0.4166847765445709,1
ela,4cam_splc/4cam_splc/canonxt_kodakdcs330_sub_02.tif,1,a9dd5ce6d99d6628c5dd10b805c3d26bd38bcb69750ef9b144d570b33f838e21,0.6894820928573608,0.4166847765445709,1
ela,4cam_splc/4cam_splc/canonxt_kodakdcs330_sub_03.tif,1,0c843fc70ef03614e3adc9fc8421afddb2abb7451deae750cf9ee97821a95446,0.6947044730186462,0.4166847765445709,1
ela,4cam_splc/4cam_splc/canonxt_kodakdcs330_sub_04.tif,1,f4e1153f137016435cd25c3abaadbc2a072c9f33b627b391b1725eab46f17dca,0.7426068186759949,0.4166847765445709,1
ela,4cam_splc/4cam_splc/canonxt_kodakdcs330_sub_05.tif,1,e6fb25dcb83e90827eed7eb57f0222211b08eb3447463fda612efde43d7e6d9d,0.6453627347946167,0.4166847765445709,1
ela,4cam_splc/4cam_splc/canonxt_kodakdcs330_sub_06.tif,1,b13f3a0f070104ef5993575828957844b2c23837b71be46a66f79da73430350e,0.5879380106925964,0.4166847765445709,1
ela,4cam_splc/4cam_splc/canonxt_kodakdcs330_sub_07.tif,1,3a5654f4115d060925aaec7bf56d64bd7cc8ad5461426488b125fc98bb038e66,0.6553462743759155,0.4166847765445709,1
ela,4cam_splc/4cam_splc/canonxt_kodakdcs330_sub_08.tif,1,4a0ce685b8296222090cba944f7acb92f19761a64734cd61eec677de9fb15c1a,0.6560354232788086,0.4166847765445709,1
ela,4cam_splc/4cam_splc/canonxt_kodakdcs330_sub_09.tif,1,dbcf555501cca23710219511a3609dc0a5f6f532f59e1744184af62f9a5873dc,0.6092506647109985,0.4166847765445709,1
ela,4cam_splc/4cam_splc/canonxt_kodakdcs330_sub_10.tif,1,8627d2dd73121d8bc3e5d4a2cbc92088a122ffab2291fede60f1f7128608b976,0.4648520350456238,0.4166847765445709,1
ela,4cam_splc/4cam_splc/canonxt_kodakdcs330_sub_11.tif,1,af4e0025a6250cd0e2af9feb7e40db20cd998caf0f1e349283eeb80a84800398,0.6479873061180115,0.4166847765445709,1
ela,4cam_splc/4cam_splc/canonxt_kodakdcs330_sub_12.tif,1,7c9f3eb4d715890d5b58d527d00b288c6c4f120a5c773abc7bed119641c88c35,0.6969795227050781,0.4166847765445709,1
ela,4cam_splc/4cam_splc/canonxt_kodakdcs330_sub_13.tif,1,a0436887ca15e1f8a247dc11490b7a1e938c0b8c58979739c85c29018510a93d,0.6937698721885681,0.4166847765445709,1
ela,4cam_splc/4cam_splc/canonxt_kodakdcs330_sub_14.tif,1,9cfc8bf478c876aead57b9a2ae610a8c2baa14d649059266b79cd67a6714dacd,0.6695276498794556,0.4166847765445709,1
ela,4cam_splc/4cam_splc/canonxt_kodakdcs330_sub_15.tif,1,402e86dda7bbd3cbf6beb8d2831a546a05d9eb127b89eb58848d0eaab200ca27,0.6643760204315186,0.4166847765445709,1
ela,4cam_splc/4cam_splc/canonxt_kodakdcs330_sub_16.tif,1,f9df7e6af2d214cd9b54a2a023edac00ee712b1e44bb380d7666156264a59132,0.608544111251831,0.4166847765445709,1
ela,4cam_splc/4cam_splc/canonxt_kodakdcs330_sub_17.tif,1,7d89f0115b27ac4a98a70d4bd53e48af833f86f9afa0b6f3d37d833b276553bd,0.6279366612434387,0.4166847765445709,1
ela,4cam_splc/4cam_splc/canonxt_kodakdcs330_sub_18.tif,1,8bc50a9e4103c4a84917f0254a343442308ec1a7de139461477020a6f05612d8,0.5070353746414185,0.4166847765445709,1
ela,4cam_splc/4cam_splc/canonxt_kodakdcs330_sub_19.tif,1,70ccacf26ae78d3aac2f938b7ebcf49b6cce6effba9ddf69c80b0b74f57d62fd,0.7920572757720947,0.4166847765445709,1
ela,4cam_splc/4cam_splc/canonxt_kodakdcs330_sub_20.tif,1,34dae8f9a31da9c2be8ca414a68031f23c9102e29a1aab013191e2e24e2ffff3,0.7728531360626221,0.4166847765445709,1
ela,4cam_splc/4cam_splc/canonxt_kodakdcs330_sub_21.tif,1,80c4f64fb91198930983bc1f45de0c8bfe9439fe7af900d02f9857ab8b4cb236,0.5219515562057495,0.4166847765445709,1
ela,4cam_splc/4cam_splc/canonxt_kodakdcs330_sub_22.tif,1,6593faaf224fa945737736f2ce802e905b2a6fd1bb243200739d2a4953305d39,0.5483416318893433,0.4166847765445709,1
ela,4cam_splc/4cam_splc/canonxt_kodakdcs330_sub_23.tif,1,e12c20282b9ce557edec9467712e516cb985c68f1eb2e7c11f06876abc4dbd91,0.6237971186637878,0.4166847765445709,1
ela,4cam_splc/4cam_splc/canonxt_kodakdcs330_sub_24.tif,1,cfa81364230a2dd4a772672ca1d0891fe9f0da1246b572d106fc9bb619ce6830,0.5187680721282959,0.4166847765445709,1
ela,4cam_splc/4cam_splc/canonxt_kodakdcs330_sub_25.tif,1,c13aa770e8a9aeb6c52e25633712938e9e9f0194bf85e73425244c1fcc15f899,0.4434579908847809,0.4166847765445709,1
ela,4cam_splc/4cam_splc/canonxt_kodakdcs330_sub_26.tif,1,75fc1e0ebb312d7996fa94d881912cfcd11a98bfa9501a0f34b9812e7b62bbe3,0.5252163410186768,0.4166847765445709,1
ela,4cam_splc/4cam_splc/canonxt_kodakdcs330_sub_27.tif,1,36ebe73c3a4565209357360956c55810efb6c23bd6bf9867a410f42486af83a5,0.7331255674362183,0.4166847765445709,1
ela,4cam_splc/4cam_splc/canonxt_kodakdcs330_sub_28.tif,1,e7f9990c6bea332decfd18739bbf25d04200c755256f8223523f74806dc462d3,0.7406405210494995,0.4166847765445709,1
ela,4cam_splc/4cam_splc/canonxt_kodakdcs330_sub_29.tif,1,a79c6a191c7bbab85984c47c7ed95edd7e49f1665d65a1ab7892daa5abbde954,0.7185848951339722,0.4166847765445709,1
ela,4cam_splc/4cam_splc/canonxt_kodakdcs330_sub_30.tif,1,3639892113c7825175e9506961c27237cafa8d5e367fb14a995ecaadfd324e97,0.5653086304664612,0.4166847765445709,1
ela,4cam_splc/4cam_splc/nikond70_canonxt_sub_01.tif,1,c84272f28ca61e002d267b154392fdec9b91828a3124f5030a7c168d0bb3bffb,0.6631378531455994,0.4166847765445709,1
ela,4cam_splc/4cam_splc/nikond70_canonxt_sub_02.tif,1,4645b7271647d2d491d93afa532a84f9591b0be503cf788b6a2c7cfb08e27836,0.5792334675788879,0.4166847765445709,1
ela,4cam_splc/4cam_splc/nikond70_canonxt_sub_03.tif,1,fe2917454f16eb166df47cc91cf42762b014687a73b75ba6167ff85d18cd2c82,0.8207951784133911,0.4166847765445709,1
ela,4cam_splc/4cam_splc/nikond70_canonxt_sub_04.tif,1,f0d2ead43603dfee2344d7b6310cc795490162dc7cf3441be75b8485d8fc9566,0.6739266514778137,0.4166847765445709,1
ela,4cam_splc/4cam_splc/nikond70_canonxt_sub_05.tif,1,a2107e21faeb68a28b6327c2c46702f0f6e99d85f974c58918e9e27171968617,0.6625093817710876,0.4166847765445709,1
ela,4cam_splc/4cam_splc/nikond70_canonxt_sub_06.tif,1,416b8d87d62b13c56c83e72aa9ce8e36e83585c68c62a5785d67ba760d3eced8,0.542944610118866,0.4166847765445709,1
ela,4cam_splc/4cam_splc/nikond70_canonxt_sub_07.tif,1,6326bfeb31f0f77297d9d6d9bab14c937186cbf0db0998b15c9f8e8a88630d73,0.5957247018814087,0.4166847765445709,1
ela,4cam_splc/4cam_splc/nikond70_canonxt_sub_08.tif,1,79936c8eb10a6689ac8be9232586767a4d520a3f8e86c62c0fbb97cf2b395d34,0.6322829723358154,0.4166847765445709,1
ela,4cam_splc/4cam_splc/nikond70_canonxt_sub_09.tif,1,e0492d643f6611953423ca0f21ad320c9b1540fa88cee5d553e154f51a181167,0.5147416591644287,0.4166847765445709,1
ela,4cam_splc/4cam_splc/nikond70_canonxt_sub_10.tif,1,bbb42d9b058365e82e83efa9e4a0816c5f357849be62063ca9a3932af932e5c1,0.545616865158081,0.4166847765445709,1
ela,4cam_splc/4cam_splc/nikond70_canonxt_sub_11.tif,1,4ff11d63902b267d4d98a144e15be5854b1864b5f4e78386b8358b99fff85ec9,0.5520886182785034,0.4166847765445709,1
ela,4cam_splc/4cam_splc/nikond70_canonxt_sub_12.tif,1,dee27c64b5e88d8824890a64bcb9f590ae76e2e4b0faab4a4d194fe609e72469,0.6656056642532349,0.4166847765445709,1
ela,4cam_splc/4cam_splc/nikond70_canonxt_sub_13.tif,1,f0e7d8e4eca2fbb80c81ff4ddedff8e77364c05b080b46975e457b4abb441e23,0.5188037157058716,0.4166847765445709,1
ela,4cam_splc/4cam_splc/nikond70_canonxt_sub_14.tif,1,301b82b2b9f4329c1de95cedd829da0a5c1172e8371681f5560cdca247ea2b52,0.6824066638946533,0.4166847765445709,1
ela,4cam_splc/4cam_splc/nikond70_canonxt_sub_15.tif,1,1dce99d3caf801b79fdeb48f8d47bfd6b90f75ccf434ffdaeba36d4c6ba87906,0.7176401019096375,0.4166847765445709,1
ela,4cam_splc/4cam_splc/nikond70_canonxt_sub_16.tif,1,b19b0112c8f77d8316721d30cab042deaa5d6cf1cad7023d99b1e231e427aad6,0.5776008367538452,0.4166847765445709,1
ela,4cam_splc/4cam_splc/nikond70_canonxt_sub_17.tif,1,e64bedad1fba9c0fc708b00026a2c5d3fbe15df403a10d1082c589259e41dcdc,0.658967137336731,0.4166847765445709,1
ela,4cam_splc/4cam_splc/nikond70_canonxt_sub_18.tif,1,dffb4f9ccaa3bcda78eb6b7bc4325c73104b41f0ec96d3251ed608ad9e903374,0.6006249785423279,0.4166847765445709,1
ela,4cam_splc/4cam_splc/nikond70_canonxt_sub_19.tif,1,b8020acb08ea9306e64708b418d3345b1a495819050a81346937e9d485918456,0.6321345567703247,0.4166847765445709,1
ela,4cam_splc/4cam_splc/nikond70_canonxt_sub_20.tif,1,1b548ff423866dfe4d683d9215d12e7febf1b4be46a76eaf4788f89f6e526b35,0.5807809233665466,0.4166847765445709,1
ela,4cam_splc/4cam_splc/nikond70_canonxt_sub_21.tif,1,c9ec0014d0752fefbd8b5de73e9cc3b3e54dadbc13c85558db9ebd5ec5eab60e,0.7302572131156921,0.4166847765445709,1
ela,4cam_splc/4cam_splc/nikond70_canonxt_sub_22.tif,1,dd59e8e0f38216a9a8fbbb6a1da4a9f7bb4e9739b64807e5fb5744c24eac0e19,0.5411213040351868,0.4166847765445709,1
ela,4cam_splc/4cam_splc/nikond70_canonxt_sub_23.tif,1,54201888390b1398279032cc043063a25f34dec327d6d446f469949214a9b9c9,0.6662089228630066,0.4166847765445709,1
ela,4cam_splc/4cam_splc/nikond70_canonxt_sub_24.tif,1,59bfca8589d6407d45cec768ad6b437664fa7d7f38667dd39ed08bced9a830be,0.7369014024734497,0.4166847765445709,1
ela,4cam_splc/4cam_splc/nikond70_canonxt_sub_25.tif,1,896c9490255a7181ff3267ce16867c03226ed4bc7a64f5ea0d6a48dc12fda6be,0.727314829826355,0.4166847765445709,1
ela,4cam_splc/4cam_splc/nikond70_canonxt_sub_26.tif,1,46bebf3e0446fef04880ac010935ad06e4c18de2cec1fe6b0deac6758890dc2c,0.5848982930183411,0.4166847765445709,1
ela,4cam_splc/4cam_splc/nikond70_canonxt_sub_27.tif,1,1c9d46e899878686310b506527ea619acbe481e76ebbd1ca84344676b6e5e4e4,0.5925255417823792,0.4166847765445709,1
ela,4cam_splc/4cam_splc/nikond70_canonxt_sub_28.tif,1,9a0eb200b6c77f71a986ec08284b75450af69a1698b405a0d2faf71a1ac61b71,0.5967179536819458,0.4166847765445709,1
ela,4cam_splc/4cam_splc/nikond70_canonxt_sub_29.tif,1,dbce31d9f0b9f1086aae25b36b0cedc6c8cb006bc7408e5cfb62b47bcf728e13,0.8504963517189026,0.4166847765445709,1
ela,4cam_splc/4cam_splc/nikond70_canonxt_sub_30.tif,1,3144c7e30c5141bf19f2b7113c0bd27ab8dfb3846b3468b0aa633e9888f836f1,0.5629292726516724,0.4166847765445709,1
ela,4cam_splc/4cam_splc/nikond70_kodakdcs330_sub_01.tif,1,211abd64b8751bc89cbf23d004bb15fddcd316d2d2b5a94e09ee00c50d3e9c70,0.5720247030258179,0.4166847765445709,1
ela,4cam_splc/4cam_splc/nikond70_kodakdcs330_sub_02.tif,1,7eaca0a943909d73ceecaf11c3a87f6b8ae9d3cebfd0354cefe6dc07fea42dd8,0.5756543874740601,0.4166847765445709,1
ela,4cam_splc/4cam_splc/nikond70_kodakdcs330_sub_03.tif,1,cbceae8d330732bf15471077170259f2aced24097d3cefac93fc880d0711f108,0.7279695272445679,0.4166847765445709,1
ela,4cam_splc/4cam_splc/nikond70_kodakdcs330_sub_04.tif,1,3e315e88471c5419c4fa96df5bb05b3921b4ae2994e1912110d0dcaea1381c53,0.6702390909194946,0.4166847765445709,1
ela,4cam_splc/4cam_splc/nikond70_kodakdcs330_sub_05.tif,1,f8b7360eefa4ceeaf9fc4eda5a8b6395f593cf51cbdceca441ef78e2f1e5adf0,0.6135868430137634,0.4166847765445709,1
ela,4cam_splc/4cam_splc/nikond70_kodakdcs330_sub_06.tif,1,5bd31f946151f1cc1d250178f1a81b1988a3b04eb09fc66c5907e9efbb033b37,0.7268326282501221,0.4166847765445709,1
ela,4cam_splc/4cam_splc/nikond70_kodakdcs330_sub_07.tif,1,840dc852a97e1bd75ceb14162125f781de3040e2838f4297d83519cd052037dc,0.6786858439445496,0.4166847765445709,1
ela,4cam_splc/4cam_splc/nikond70_kodakdcs330_sub_08.tif,1,0dd959148424017f80046fe601a6188f7bede5a8d384e51f912d1e8dc4fbe52b,0.6067769527435303,0.4166847765445709,1
ela,4cam_splc/4cam_splc/nikond70_kodakdcs330_sub_09.tif,1,0d9dcf6238355b8f978ea9465e5f46da8f083a42f2073341aa34367b14884f24,0.5997904539108276,0.4166847765445709,1
ela,4cam_splc/4cam_splc/nikond70_kodakdcs330_sub_10.tif,1,8b2db3678a9c41b758fcc26b33637c5218ab927f699d4ebd114432eaaba128c2,0.6267727017402649,0.4166847765445709,1
ela,4cam_splc/4cam_splc/nikond70_kodakdcs330_sub_11.tif,1,7a6912f8069ce67c71cd08c9af05878bf60e4457817c1891b6d0569bb699119c,0.792058527469635,0.4166847765445709,1
ela,4cam_splc/4cam_splc/nikond70_kodakdcs330_sub_12.tif,1,510be1a096af8b7f4213487541e2005da2ac1e0a8f037ab1b8c464cfdcd52d9f,0.7916120290756226,0.4166847765445709,1
ela,4cam_splc/4cam_splc/nikond70_kodakdcs330_sub_13.tif,1,b8c9456e49424d8e251e3bf87198cc95a68d85a7ced7cfa0732e9da7e2e7e6aa,0.8408553004264832,0.4166847765445709,1
ela,4cam_splc/4cam_splc/nikond70_kodakdcs330_sub_14.tif,1,bcb548c99a81d36b9f52a5fb4cb3a0ff488497684cea255a33b67098afede4e5,0.7071940302848816,0.4166847765445709,1
ela,4cam_splc/4cam_splc/nikond70_kodakdcs330_sub_15.tif,1,91c349fce8a2ddb56e4c067c7eda932bb0cb2f0193277775997bd71c0314ac26,0.7645902037620544,0.4166847765445709,1
ela,4cam_splc/4cam_splc/nikond70_kodakdcs330_sub_16.tif,1,552fffa466214c4e07c39ce76d78039528581243996fbd5580bd74d6261f6a50,0.5862197875976562,0.4166847765445709,1
ela,4cam_splc/4cam_splc/nikond70_kodakdcs330_sub_17.tif,1,d666dec5d7d87c50454b86f0ab8291ef36369ea21ee76cdfdd5f6d2325c71caf,0.6127316355705261,0.4166847765445709,1
ela,4cam_splc/4cam_splc/nikond70_kodakdcs330_sub_18.tif,1,76500b7dd06d28d99e480f7afad99c95288c714046e5578935e195fdd2eccdf6,0.5336166024208069,0.4166847765445709,1
ela,4cam_splc/4cam_splc/nikond70_kodakdcs330_sub_19.tif,1,c09c6e4ceeb030ea8f820e39a8dc84cdabb963f09e98d9e9314d951f3870b637,0.5741583108901978,0.4166847765445709,1
ela,4cam_splc/4cam_splc/nikond70_kodakdcs330_sub_20.tif,1,bb45c1b8cd3e9cacb19c80d77013fd85fe128e09aa4d6a2cb0f797bfc6c42290,0.5049826502799988,0.4166847765445709,1
ela,4cam_splc/4cam_splc/nikond70_kodakdcs330_sub_21.tif,1,313a06624e819fc462df2ca8eec21b554b1da7960835cd1260837ca145b599df,0.667401909828186,0.4166847765445709,1
ela,4cam_splc/4cam_splc/nikond70_kodakdcs330_sub_22.tif,1,377c1733f37d678a2a99034848f396199859546d9081836f9dc58b2e51264100,0.5654627084732056,0.4166847765445709,1
ela,4cam_splc/4cam_splc/nikond70_kodakdcs330_sub_23.tif,1,84f0774e135a72aed9364b18aa76662e76c2c4c9d47234d5c6963c243b0f92eb,0.5817906260490417,0.4166847765445709,1
ela,4cam_splc/4cam_splc/nikond70_kodakdcs330_sub_24.tif,1,eb30327dfcd90123b085529af154793fb3d5591f734a9056349fdc3b4bb39dc8,0.7092963457107544,0.4166847765445709,1
ela,4cam_splc/4cam_splc/nikond70_kodakdcs330_sub_25.tif,1,73510ccf6c342f9609f94532cc53f5960a10fa885d9380af8a4491386d60125e,0.7154756188392639,0.4166847765445709,1
ela,4cam_splc/4cam_splc/nikond70_kodakdcs330_sub_26.tif,1,5ab71cda3dbf5a10f8e187947739dfa2a01a6b4fe6544a8c58272fa6f4379032,0.5611192584037781,0.4166847765445709,1
ela,4cam_splc/4cam_splc/nikond70_kodakdcs330_sub_27.tif,1,60ca8a65b225e10cb1a52d2c00ddf987c9c6a83195666b325c473a923b94f856,0.5949864983558655,0.4166847765445709,1
ela,4cam_splc/4cam_splc/nikond70_kodakdcs330_sub_28.tif,1,d64fdee2cac84ed2e9c74697641432c5a32640106c5c0815dfdb6ec466cc3306,0.6379031538963318,0.4166847765445709,1
ela,4cam_splc/4cam_splc/nikond70_kodakdcs330_sub_29.tif,1,a553528feb7827e06cbb6dc5e3c3d5a9f33d35dee02f18f945c374107e4ce826,0.6612606644630432,0.4166847765445709,1
ela,4cam_splc/4cam_splc/nikond70_kodakdcs330_sub_30.tif,1,379f63a43ad0216e05df496d93612ecac557aa9c038130bf139bb09db25b3b7d,0.6254555583000183,0.4166847765445709,1
decision_fusion,4cam_auth/4cam_auth/canong3_02_sub_01.tif,0,10c57dc429df12de57b5f9c3b7098a1ac0db8b2c190c974feca300eefe833f9e,0.3604735732078552,0.2981437146663666,1
decision_fusion,4cam_auth/4cam_auth/canong3_02_sub_02.tif,0,95b5b75278b683dfff44b1589be6af3eb8fa658ec3597d992ce9c1aa93dae23a,0.4748006612062454,0.2981437146663666,1
decision_fusion,4cam_auth/4cam_auth/canong3_02_sub_03.tif,0,e7afa299409ba75ed1422f2677f67b3c1ed738a92bd459586298d026c2053fb7,0.5428352653980255,0.2981437146663666,1
decision_fusion,4cam_auth/4cam_auth/canong3_02_sub_04.tif,0,a0cd073756642e050cc29f393525f61907f39c856ec5c55e513ee471518207ab,0.43325263261795044,0.2981437146663666,1
decision_fusion,4cam_auth/4cam_auth/canong3_02_sub_05.tif,0,f2058ef514f31ee2591c42e4204526d6fed41dc16e2b610a9b4d2041f0d9373a,0.6206814050674438,0.2981437146663666,1
decision_fusion,4cam_auth/4cam_auth/canong3_02_sub_06.tif,0,c43a3f9480fac9072b6dce6dc843aad44c959fad9678594ef20b294180923dfc,0.5773855745792389,0.2981437146663666,1
decision_fusion,4cam_auth/4cam_auth/canong3_02_sub_07.tif,0,97b34886e971dcdb342da3a7a6035e73c2ee89aaa2244525e94155f1b55237ed,0.38718464970588684,0.2981437146663666,1
decision_fusion,4cam_auth/4cam_auth/canong3_02_sub_08.tif,0,73cae422708bcdd2249fffbd6b47539086874167911f05b29946570f3c3b756f,0.5050972998142242,0.2981437146663666,1
decision_fusion,4cam_auth/4cam_auth/canong3_02_sub_09.tif,0,4c3e18741d9d80fb83b6d0e43036dc13d50d4f8907ddedc3e55217180d52a741,0.4129444509744644,0.2981437146663666,1
decision_fusion,4cam_auth/4cam_auth/canong3_05_sub_01.tif,0,673e4aef0fa814d7aa7ce4685efeecda61de3828a22cab2988deb4be8e99faec,0.5346696972846985,0.2981437146663666,1
decision_fusion,4cam_auth/4cam_auth/canong3_05_sub_02.tif,0,c8cc7fceed4e96117b06ff2fdac7a1f7ee8b70ff0d09c33c7bee2ba36a8d59bd,0.5204648077487946,0.2981437146663666,1
decision_fusion,4cam_auth/4cam_auth/canong3_05_sub_03.tif,0,392b8c0acceffdb81d0555444d159e030c9661d219d457351319e5decc8ac0d2,0.44177086651325226,0.2981437146663666,1
decision_fusion,4cam_auth/4cam_auth/canong3_05_sub_04.tif,0,1d7a2d2535baf710ab656b1c0cbcc003c7975e57f5412b4ac6a1a97297372a8b,0.4562714993953705,0.2981437146663666,1
decision_fusion,4cam_auth/4cam_auth/canong3_05_sub_05.tif,0,bf0715e19b048206752a64702b4b6c414f13b1d9ae4d9bca7a880a44bab3390a,0.5378507077693939,0.2981437146663666,1
decision_fusion,4cam_auth/4cam_auth/canong3_05_sub_06.tif,0,6eb3a498974f349318672788d38eeb24dcc6e93b354b35235c21fe22444b1103,0.5125844478607178,0.2981437146663666,1
decision_fusion,4cam_auth/4cam_auth/canong3_05_sub_07.tif,0,bf0de9033ebb169f47ce84d6d156a9eaa4706130640e259b381ca90bbc52d314,0.3674957975745201,0.2981437146663666,1
decision_fusion,4cam_auth/4cam_auth/canong3_05_sub_08.tif,0,f7192d29875db25136f16ff1f0a89968157dff9e4c7a04d5827746e8e5094c88,0.3852994069457054,0.2981437146663666,1
decision_fusion,4cam_auth/4cam_auth/canong3_05_sub_09.tif,0,2be9ee6cd21f572ddebee611372f284ca32bca54eef529fd65bf77a6f5df4b11,0.37042446434497833,0.2981437146663666,1
decision_fusion,4cam_auth/4cam_auth/canong3_08_sub_01.tif,0,ed586d47aac561c5bca8a93398e1adb0f4fb4a6f021c3134860e3f5fb6960773,0.6505773067474365,0.2981437146663666,1
decision_fusion,4cam_auth/4cam_auth/canong3_08_sub_02.tif,0,64d85ca9b185348237b4aee07fe0434e534ef784fc175dccefdd5548cc892283,0.39003948122262955,0.2981437146663666,1
decision_fusion,4cam_auth/4cam_auth/canong3_08_sub_03.tif,0,bb8bc3c1837ad68b1ad02887d1584d1c820ae339804ce31f3bd1af4966024b70,0.37189820408821106,0.2981437146663666,1
decision_fusion,4cam_auth/4cam_auth/canong3_08_sub_04.tif,0,a2684cd4a7f1dbe1fc0b9871e2d8bf5ee9dc8a5c23075cd867d1bf18c8e82b29,0.49397945404052734,0.2981437146663666,1
decision_fusion,4cam_auth/4cam_auth/canong3_08_sub_05.tif,0,933fbf786e2462fb3bb65133178fcd118972ff6e3b8e695018d058d7308131e7,0.7634002864360809,0.2981437146663666,1
decision_fusion,4cam_auth/4cam_auth/canong3_08_sub_06.tif,0,9f8b4dbfb39e2d98027eda785e0c0698c73e5eacaebc2835d967c7dfe18fc8ee,0.6636103987693787,0.2981437146663666,1
decision_fusion,4cam_auth/4cam_auth/canong3_08_sub_07.tif,0,de30614806f2b51e08ac83d363fde8c4e42d99281c71ba3aba6f3506326c34be,0.3892463147640228,0.2981437146663666,1
decision_fusion,4cam_auth/4cam_auth/canong3_08_sub_08.tif,0,5834159b8e7b05da3b7d178afc1ecc5af6fa1a84756d4602b8bb130619d013ad,0.3662850148975849,0.2981437146663666,1
decision_fusion,4cam_auth/4cam_auth/canong3_08_sub_09.tif,0,a3d5b2ce5296993a1dda645025edf58728c20d4987e44e2775d846c837f6d96f,0.5221904367208481,0.2981437146663666,1
decision_fusion,4cam_auth/4cam_auth/canonxt_02_sub_01.tif,0,341eb6e4933c2eafa8c4aa87ba5122386308b6d2d951336c46aa8b9cecd6c682,0.40386028587818146,0.2981437146663666,1
decision_fusion,4cam_auth/4cam_auth/canonxt_02_sub_02.tif,0,22230dfe6c6fb3b0493bb24167b481b9421bfee654fa186e64e9b578b7e7ea2e,0.3504325710237026,0.2981437146663666,1
decision_fusion,4cam_auth/4cam_auth/canonxt_02_sub_03.tif,0,a36dbc4e220c1596643cd8b74835d2cea6d088616e876bceb3beff9570025885,0.37207532674074173,0.2981437146663666,1
decision_fusion,4cam_auth/4cam_auth/canonxt_02_sub_04.tif,0,131a473ef9306dc9926ccfd0fbd309fc19cc25a6f3332b8a35e488eafe5577b6,0.4853428155183792,0.2981437146663666,1
decision_fusion,4cam_auth/4cam_auth/canonxt_02_sub_05.tif,0,8c282b79232bd182f3d71318486f845b4d4a96a7c655ac838a529e09e06f53ea,0.42037059366703033,0.2981437146663666,1
decision_fusion,4cam_auth/4cam_auth/canonxt_02_sub_06.tif,0,ccdab98ba9f6dbaf88d27db93753278213793ee0b5abbcfda8e7c3660f3fe0a4,0.5453985184431076,0.2981437146663666,1
decision_fusion,4cam_auth/4cam_auth/canonxt_02_sub_07.tif,0,cc49b1578572938f79ec0f979b320b51ae22bd4fb9d98b7f36c1e975d2def816,0.534549668431282,0.2981437146663666,1
decision_fusion,4cam_auth/4cam_auth/canonxt_02_sub_08.tif,0,3acf3f6297eee2da381e5b13dbb0f5a81d5a4960312fe3cb5d180bd3036b17e4,0.534156858921051,0.2981437146663666,1
decision_fusion,4cam_auth/4cam_auth/canonxt_02_sub_09.tif,0,8a3c73fba4e1c049e49d1debf76362fbd05929351f089aaef1f279cc6c6b0bef,0.6212282180786133,0.2981437146663666,1
decision_fusion,4cam_auth/4cam_auth/canonxt_05_sub_01.tif,0,04b8e46b84a640f3700dc378fdc1cb0eae4f082f4b001d2cd495b6f3178a3cfe,0.3728269636631012,0.2981437146663666,1
decision_fusion,4cam_auth/4cam_auth/canonxt_05_sub_02.tif,0,6c7ee43b8da0d39f562dd4d01f3859e0f386792cbe9da0f0abd77c65c73d7d8c,0.5170969516038895,0.2981437146663666,1
decision_fusion,4cam_auth/4cam_auth/canonxt_05_sub_03.tif,0,0f836bb9c0b351f9fbced2d2db16062f620e5027569443cc0942f71fba1c59d4,0.37987639009952545,0.2981437146663666,1
decision_fusion,4cam_auth/4cam_auth/canonxt_05_sub_04.tif,0,389c3ebcd6752a6ba4099e117e07978df1d1b923e16f73e7e064129a237be118,0.5307027101516724,0.2981437146663666,1
decision_fusion,4cam_auth/4cam_auth/canonxt_05_sub_05.tif,0,5d89b0da9616c9f33f790111e0e7ce28bc2f411cda76416f4390a2e34d669e96,0.41905150562524796,0.2981437146663666,1
decision_fusion,4cam_auth/4cam_auth/canonxt_05_sub_06.tif,0,3a7b8086887c0f17a47cbedc72474cd4231b5ecdafc4c6d39b43ad915562b970,0.4454164206981659,0.2981437146663666,1
decision_fusion,4cam_auth/4cam_auth/canonxt_05_sub_07.tif,0,9fac94c2a4fc83ce2c65141a83e6cda9770275c5fd7d0e9b7f654a6e3fad957c,0.5845558643341064,0.2981437146663666,1
decision_fusion,4cam_auth/4cam_auth/canonxt_05_sub_08.tif,0,0ee67ec5a5f49294cb8e24de0df93450f0307ccbd807e10533c286055bd232df,0.693494588136673,0.2981437146663666,1
decision_fusion,4cam_auth/4cam_auth/canonxt_05_sub_09.tif,0,108e6c0d6ddd7f92044c7423cfcf41dfebf24dac190bb291baf34ef91b9113d1,0.5339385867118835,0.2981437146663666,1
decision_fusion,4cam_auth/4cam_auth/canonxt_08_sub_01.tif,0,f759aaf03e4b84adb84642266010e5f15c8a1f49b41ef8fbc097587ec68b99e9,0.3593059256672859,0.2981437146663666,1
decision_fusion,4cam_auth/4cam_auth/canonxt_08_sub_02.tif,0,25c81bd3b7590b854fd2d89f74ef4d59316047ac328782a03d6d11c0466e0ed3,0.4616979733109474,0.2981437146663666,1
decision_fusion,4cam_auth/4cam_auth/canonxt_08_sub_03.tif,0,ca3670befb868f6cf5294d2787f832d5eba43340a79f44218b8a7a4d03bfa038,0.41517312824726105,0.2981437146663666,1
decision_fusion,4cam_auth/4cam_auth/canonxt_08_sub_04.tif,0,d4c676d0f3f8d0c3a2ac42a3ae642e872915e4085dc5d451ac164fb3f5e6c22f,0.37237001955509186,0.2981437146663666,1
decision_fusion,4cam_auth/4cam_auth/canonxt_08_sub_05.tif,0,3134a9c64a57c5e50cef72a084275c88848190fd25aea49b457d70ab9755d12f,0.3644739016890526,0.2981437146663666,1
decision_fusion,4cam_auth/4cam_auth/canonxt_08_sub_06.tif,0,87434d1a2c01c2b8ce02941348d6df6dd1178c66674a157631c9bd3e355b5214,0.3489978536963463,0.2981437146663666,1
decision_fusion,4cam_auth/4cam_auth/canonxt_08_sub_07.tif,0,339ba75d4ff4dbe8d3b52ce5469e7308fbf870ee4922d3966e30b72ce73ba4dd,0.4501323252916336,0.2981437146663666,1
decision_fusion,4cam_auth/4cam_auth/canonxt_08_sub_08.tif,0,b1421533975f956d8d3aa5fcb9c0e8bf048042d674273a76c926337f378e3000,0.3684179540723562,0.2981437146663666,1
decision_fusion,4cam_auth/4cam_auth/canonxt_08_sub_09.tif,0,9024ef19d75002df8a0b37d3e2239e7ca54afa639bb9426cad7f98e0e07ea697,0.40431899949908257,0.2981437146663666,1
decision_fusion,4cam_auth/4cam_auth/canonxt_11_sub_01.tif,0,8698ec3235f15866b171c39d8f3c99a2c7abdf96ef6e92c212537f826c201f39,0.34023968130350113,0.2981437146663666,1
decision_fusion,4cam_auth/4cam_auth/canonxt_11_sub_02.tif,0,1106e8ce2e24e9c8abda6cf311a2261a7cd72d214704875a54f94aabaea3844f,0.4441463425755501,0.2981437146663666,1
decision_fusion,4cam_auth/4cam_auth/canonxt_11_sub_03.tif,0,b1249224a6ff94a4e27c8c912313f2bd4ee1935e43b7a38f3a4f3177db3cad88,0.3995596617460251,0.2981437146663666,1
decision_fusion,4cam_auth/4cam_auth/canonxt_11_sub_04.tif,0,767dc3f987dc9888e52fa3db248ccb8855db20929f39165a0dec981105b1d189,0.34055861830711365,0.2981437146663666,1
decision_fusion,4cam_auth/4cam_auth/canonxt_11_sub_05.tif,0,ae25d32a5897cca7b88f03984edfe7b0afd618a0f69c46bac916d8d937605da7,0.43209604918956757,0.2981437146663666,1
decision_fusion,4cam_auth/4cam_auth/canonxt_11_sub_06.tif,0,6739eb712fee716cdf9c16f7c72a9a1f4fa31bfddc553408ab04a0580e190f5a,0.5207290649414062,0.2981437146663666,1
decision_fusion,4cam_auth/4cam_auth/canonxt_11_sub_07.tif,0,8fa4b4ec6fe678e2c5d187ae3b9fb055bad1c11aa8ac8402939c6e4d06a0a3f8,0.3501458913087845,0.2981437146663666,1
decision_fusion,4cam_auth/4cam_auth/canonxt_11_sub_08.tif,0,fae87978655d1e0881b692a78a8e263763e7992d493b38eedb23d4cc45a56d7f,0.4548420161008835,0.2981437146663666,1
decision_fusion,4cam_auth/4cam_auth/canonxt_11_sub_09.tif,0,d976e399bd9209b01cf0e265aa904e39e4b56f90d7b97ed9b9695f58d7121083,0.34987298771739006,0.2981437146663666,1
decision_fusion,4cam_auth/4cam_auth/canonxt_14_sub_01.tif,0,1b4d83293436a0723f27ca5ab28193adc4d42a91058bb9a65afa9f96bdc12c10,0.3344351053237915,0.2981437146663666,1
decision_fusion,4cam_auth/4cam_auth/canonxt_14_sub_02.tif,0,f7c44ebb06c9c1958495f39910a50fff281c87833aec63267247734db87e3569,0.48065923154354095,0.2981437146663666,1
decision_fusion,4cam_auth/4cam_auth/canonxt_14_sub_03.tif,0,4c3e27358b8276f04b75b400c32b65bb0b3f49c2bdafa232ee27de81137a11e2,0.44954031705856323,0.2981437146663666,1
decision_fusion,4cam_auth/4cam_auth/canonxt_14_sub_04.tif,0,89eb602e33d291dd5ddea9cee1305455413582cb8dd8d7d00a0cc7c32a59703d,0.4503214806318283,0.2981437146663666,1
decision_fusion,4cam_auth/4cam_auth/canonxt_14_sub_05.tif,0,66405761768681034b6aca56be6f7a478f34c05b2cc9257e5b17b10bf2ee4dbe,0.37384963035583496,0.2981437146663666,1
decision_fusion,4cam_auth/4cam_auth/canonxt_14_sub_06.tif,0,231a1d20b537976bc144dcde93d8dded798644245dca3c04e6574f856388252e,0.3146773800253868,0.2981437146663666,1
decision_fusion,4cam_auth/4cam_auth/canonxt_14_sub_07.tif,0,11ee5864344b86b18567d52f47869322052e4e84ffa5630b70f48f6c1d5a7d4b,0.3739367723464966,0.2981437146663666,1
decision_fusion,4cam_auth/4cam_auth/canonxt_14_sub_08.tif,0,cc3bd450dc0af10edecde29dcb9abd664109bdf14b53e2cf8aa7d81199a00ab5,0.5293483287096024,0.2981437146663666,1
decision_fusion,4cam_auth/4cam_auth/canonxt_14_sub_09.tif,0,4ae3c68ce590c5543bba9874f624db778852de1204303bb5607f551e6b6d3664,0.4484374076128006,0.2981437146663666,1
decision_fusion,4cam_auth/4cam_auth/canonxt_17_sub_01.tif,0,021d1b8f746ae2bd28004960a8563101c16ea8ad667d606420f638a20ae5c256,0.5484477654099464,0.2981437146663666,1
decision_fusion,4cam_auth/4cam_auth/canonxt_17_sub_02.tif,0,60f0f0309579b2d853e58029ee611d7b6ec356cf572287e568263afd2cbd2d49,0.6172404885292053,0.2981437146663666,1
decision_fusion,4cam_auth/4cam_auth/canonxt_17_sub_03.tif,0,8aae3b65567ba21e7970188bad16764552e4d9e72620fa8fab4f8a9ed95cf1f8,0.29406426195055246,0.2981437146663666,0
decision_fusion,4cam_auth/4cam_auth/canonxt_17_sub_04.tif,0,a323fb48291447bd628c52c0afd0fd55bb3c593da0e5a3ecafd0f291cf3e1ed4,0.6580067873001099,0.2981437146663666,1
decision_fusion,4cam_auth/4cam_auth/canonxt_17_sub_05.tif,0,bccbe60915a1c1d828cd4ff558e4dc4c433130ee4b28fddc67dbbb24f4fcf0e3,0.6430372595787048,0.2981437146663666,1
decision_fusion,4cam_auth/4cam_auth/canonxt_17_sub_06.tif,0,38938c0017ce988170bfcbb88dd2f79cd507713d045666db0ce7ae66c3b0719b,0.3113691881299019,0.2981437146663666,1
decision_fusion,4cam_auth/4cam_auth/canonxt_17_sub_07.tif,0,09d943625613c5161e4687802b7fc2c50a32e941f1953b0c7be65b16d8eb89b1,0.5683793425559998,0.2981437146663666,1
decision_fusion,4cam_auth/4cam_auth/canonxt_17_sub_08.tif,0,fb96ab39689ad4370717315cffe44ef36420e608fbc002b6bf4fc6dce6b7a580,0.6552654802799225,0.2981437146663666,1
decision_fusion,4cam_auth/4cam_auth/canonxt_17_sub_09.tif,0,88a98e7fd30191128be75067bb0c1c5ff989b2fec1eaa7869f5a8e9b836f7985,0.4214842617511749,0.2981437146663666,1
decision_fusion,4cam_auth/4cam_auth/canonxt_20_sub_01.tif,0,b2d22a8e91458811a7a4b375180a70e9cd51d938cc60c2917373f489aa353760,0.3451501354575157,0.2981437146663666,1
decision_fusion,4cam_auth/4cam_auth/canonxt_20_sub_02.tif,0,1128470d275c2dddea7aa09ab94713190e474ae36c8956e0b8fbbf1b72e1a78c,0.4834437072277069,0.2981437146663666,1
decision_fusion,4cam_auth/4cam_auth/canonxt_20_sub_03.tif,0,e1a565b431c7620472512ee3132155de0efb5be24aee05de9780871c5f6ad381,0.6292421817779541,0.2981437146663666,1
decision_fusion,4cam_auth/4cam_auth/canonxt_20_sub_04.tif,0,0d83d4cba3c5a81b9ec96cf0d73ccad06e5fc037dfac8e72753f5f8606bee9f9,0.33516908809542656,0.2981437146663666,1
decision_fusion,4cam_auth/4cam_auth/canonxt_20_sub_05.tif,0,0b6ec30c3e2ee13a68589b48b2b5576e54f8db9f78e7b34e8ad2f4e6e4f3531c,0.48466789722442627,0.2981437146663666,1
decision_fusion,4cam_auth/4cam_auth/canonxt_20_sub_06.tif,0,5719e0a8f099b392abf233c15e2b1b50ec62ea8415479ab20e1af81ef911c97d,0.5190646946430206,0.2981437146663666,1
decision_fusion,4cam_auth/4cam_auth/canonxt_20_sub_07.tif,0,9f8631d778fa6a290cf588fe8b971752c623163d009714e4b49d22f0fc96fe0e,0.34440193325281143,0.2981437146663666,1
decision_fusion,4cam_auth/4cam_auth/canonxt_20_sub_08.tif,0,3814bc6935f504250c58818c099a793f1a3ef8dbbd928ff480d0471797a6c7c1,0.543774351477623,0.2981437146663666,1
decision_fusion,4cam_auth/4cam_auth/canonxt_20_sub_09.tif,0,76e31e6fcb2bec81a48600dd03f8ba23ffc3ced7d19a95457e52317c058f23db,0.5367779433727264,0.2981437146663666,1
decision_fusion,4cam_auth/4cam_auth/canonxt_23_sub_01.tif,0,50a3a76c877c770bfbf1b22b712e2f66b1bc29e36a9b6208d2a329a2dd934071,0.3846396803855896,0.2981437146663666,1
decision_fusion,4cam_auth/4cam_auth/canonxt_23_sub_02.tif,0,6782c205b388d460f10bd7ff2d2ad1891a248d33515890e466835aa31db5f016,0.2866893336176872,0.2981437146663666,0
decision_fusion,4cam_auth/4cam_auth/canonxt_23_sub_03.tif,0,1a2327caf2e42605ec063bc4a82572e848bef1a1a35f4096f3cb6df3bc818c5d,0.38473787903785706,0.2981437146663666,1
decision_fusion,4cam_auth/4cam_auth/canonxt_23_sub_04.tif,0,f094a23420775729add213bd2795942610963d7f94444171371591b8a5b26e4e,0.48084016144275665,0.2981437146663666,1
decision_fusion,4cam_auth/4cam_auth/canonxt_23_sub_05.tif,0,ad2ee56ea65435ee656d787b4cbc0c31da7f8bd80c032bd46597063544d235ab,0.4318975955247879,0.2981437146663666,1
decision_fusion,4cam_auth/4cam_auth/canonxt_23_sub_06.tif,0,535006fcff5dcdc868c16612b1fb13b9f31c0f0d2af74ed58dacb00f2c289e37,0.3865511789917946,0.2981437146663666,1
decision_fusion,4cam_auth/4cam_auth/canonxt_23_sub_07.tif,0,647d51070b6ce6d4139b78ae0a4fdf9ceb5feba604ee4c10dd85087b162ccc13,0.461212620139122,0.2981437146663666,1
decision_fusion,4cam_auth/4cam_auth/canonxt_23_sub_08.tif,0,87f4b07a1c628fce92ead67355d39095b343f5b695efb020dc30646e62114205,0.3484235256910324,0.2981437146663666,1
decision_fusion,4cam_auth/4cam_auth/canonxt_23_sub_09.tif,0,4efa22b3d395527c797d9b281e5ac869330b4753de2d59ec9e714a41df596192,0.35810053162276745,0.2981437146663666,1
decision_fusion,4cam_auth/4cam_auth/canonxt_26_sub_01.tif,0,2c76146b85f098d170d4fb004dcc4722c06a3c95554074af5753fa1731837ca8,0.3457041233778,0.2981437146663666,1
decision_fusion,4cam_auth/4cam_auth/canonxt_26_sub_02.tif,0,4bb66532a48e352be3a1299c2020389997409f188af7a39becbe2199a75eae9b,0.520371675491333,0.2981437146663666,1
decision_fusion,4cam_auth/4cam_auth/canonxt_26_sub_03.tif,0,d855aa9b77188c32ec894b14c0a2e6204d277730890875abd9c17e7dcf3b1c2b,0.618726059794426,0.2981437146663666,1
decision_fusion,4cam_auth/4cam_auth/canonxt_26_sub_04.tif,0,aa6fbf47a37f8db33631c364f12be538bdc30ca85a183c9dc132af6a1ccd67e7,0.42618317157030106,0.2981437146663666,1
decision_fusion,4cam_auth/4cam_auth/canonxt_26_sub_05.tif,0,f25885c3213456c014edc945ec84a216c09f2f90767f322b7e300e107bc42799,0.3378610275685787,0.2981437146663666,1
decision_fusion,4cam_auth/4cam_auth/canonxt_26_sub_06.tif,0,84a772790032aa3e713b8fcf5ec769b005326b054977661fbb2073ecb2d23f57,0.43829019367694855,0.2981437146663666,1
decision_fusion,4cam_auth/4cam_auth/canonxt_26_sub_07.tif,0,d22d65b2a477174364c86f9aa45d9b9e8e2e008035936975efcd2e48de2131ed,0.37352944910526276,0.2981437146663666,1
decision_fusion,4cam_auth/4cam_auth/canonxt_26_sub_08.tif,0,9b9dc94025e182a7789ddf1c8a5c6714adb2e9a35369a1d6c29ffccd4ece4aa8,0.4094949960708618,0.2981437146663666,1
decision_fusion,4cam_auth/4cam_auth/canonxt_26_sub_09.tif,0,b21a94a5a58db0a2cf438c563b4b38d36267a40fb7ad9f5631c7d8a62ff202b3,0.48141828179359436,0.2981437146663666,1
decision_fusion,4cam_auth/4cam_auth/canonxt_29_sub_01.tif,0,5c45cbdb0b30e765a8471af8be88d0d1402576e30329ba86015d551f49a01c87,0.5416397452354431,0.2981437146663666,1
decision_fusion,4cam_auth/4cam_auth/canonxt_29_sub_02.tif,0,836f7806fc016dd03ebdf238fe1a7a9ca7aeb9a12670cc50d02c074e80d1f367,0.35147467255592346,0.2981437146663666,1
decision_fusion,4cam_auth/4cam_auth/canonxt_29_sub_03.tif,0,f15cd42e6094b42e0e6d0584cd4b380de6e1cb773f46a2a2c905b1923737a356,0.32651175931096077,0.2981437146663666,1
decision_fusion,4cam_auth/4cam_auth/canonxt_29_sub_04.tif,0,1fea55c6fd32b5050801fee739e9e4396518f07b751f437a02522bedbd5d7410,0.3486480265855789,0.2981437146663666,1
decision_fusion,4cam_auth/4cam_auth/canonxt_29_sub_05.tif,0,7aa11771bfb045e3bc367860e09fe8c720202b1c36a9a9cb9e880505ee390d7b,0.3927259147167206,0.2981437146663666,1
decision_fusion,4cam_auth/4cam_auth/canonxt_29_sub_06.tif,0,aff48f4e3c825275d59c177db05b9be1d45fccbd9f96f118cbc4c5701fc778a0,0.44139400869607925,0.2981437146663666,1
decision_fusion,4cam_auth/4cam_auth/canonxt_29_sub_07.tif,0,737ed1128cbc45180aa2b7e1fb17ef253bc7aa2630529f709fe72764f5cd107d,0.35269099101424217,0.2981437146663666,1
decision_fusion,4cam_auth/4cam_auth/canonxt_29_sub_08.tif,0,f39074d479e059861c47c41ac76ef07c86d116b33748c9f93754eade356c1667,0.34108759462833405,0.2981437146663666,1
decision_fusion,4cam_auth/4cam_auth/canonxt_29_sub_09.tif,0,63dc09c8523468081efd6769e1ead6af76019d2a8f17791071fc9ccdf2f12f01,0.5024433135986328,0.2981437146663666,1
decision_fusion,4cam_auth/4cam_auth/canonxt_32_sub_01.tif,0,08b5d87da8ffc9d862ac53739da65241592784b4f94927c19efa9e068c27e11a,0.3698795437812805,0.2981437146663666,1
decision_fusion,4cam_auth/4cam_auth/canonxt_32_sub_02.tif,0,883332cd45a9b18063a7093d5928c19d87f1f62e6ed0231a27b284e89896dcad,0.5361331254243851,0.2981437146663666,1
decision_fusion,4cam_auth/4cam_auth/canonxt_32_sub_03.tif,0,bf23a04da08b697972717053c74ea0d9d4c85edb90277e5f03cbb7ea7536ebd0,0.498179629445076,0.2981437146663666,1
decision_fusion,4cam_auth/4cam_auth/canonxt_32_sub_04.tif,0,7d0180fdc9d03bf21755ddcc3b1a7f323b1b19dd2f78f7781eb84cdb17571cc7,0.5364829152822495,0.2981437146663666,1
decision_fusion,4cam_auth/4cam_auth/canonxt_32_sub_05.tif,0,840f0aeda28281808f76a717666c6043c986a4998e26ae7d32e0e379d8fdd38e,0.5835710167884827,0.2981437146663666,1
decision_fusion,4cam_auth/4cam_auth/canonxt_32_sub_06.tif,0,227dcf35853c33981efcaad01b49b24cb07b81469ebfa148ae35eb0db8c71eb0,0.5772786438465118,0.2981437146663666,1
decision_fusion,4cam_auth/4cam_auth/canonxt_32_sub_07.tif,0,ac211e00ab7d1a73925c3a47a2813f1525dd7c321fc9eef19f3db967f45e8ecb,0.5269997119903564,0.2981437146663666,1
decision_fusion,4cam_auth/4cam_auth/canonxt_32_sub_08.tif,0,102e916c97b51e8c177c21d8a20d42da3ac3b793a20b8cb1cfa70ba4a61b511f,0.38637132197618484,0.2981437146663666,1
decision_fusion,4cam_auth/4cam_auth/canonxt_32_sub_09.tif,0,d280a054e61c8db6e249a186c04e9fb5a825b9b21425e3cb63c288ae6d152d8c,0.4939582198858261,0.2981437146663666,1
decision_fusion,4cam_auth/4cam_auth/canonxt_35_sub_01.tif,0,fd3d17da2d9f0ad24bfbbc22fdebf8913e1fefdb342f6edff0c0edb0424e83db,0.5215736031532288,0.2981437146663666,1
decision_fusion,4cam_auth/4cam_auth/canonxt_35_sub_02.tif,0,e9a1eff3b5a6032b6b0b63d8c90226e053fb4b82a39c86482a5551500768d39c,0.5542672872543335,0.2981437146663666,1
decision_fusion,4cam_auth/4cam_auth/canonxt_35_sub_03.tif,0,0d4e99904a3c907e62dffc1129e758257bad7b2ff53e9db3d3408ecb170c8fd8,0.5533786416053772,0.2981437146663666,1
decision_fusion,4cam_auth/4cam_auth/canonxt_35_sub_04.tif,0,267626397c94686b8fcd48b2a52970f0ec216931496684f80108cbeb1ad9cd9f,0.4533383399248123,0.2981437146663666,1
decision_fusion,4cam_auth/4cam_auth/canonxt_35_sub_05.tif,0,1683630eed7aea79b0cfb56b6876f44b97d4b6a522f6c720b7271de7abc7280c,0.46625176072120667,0.2981437146663666,1
decision_fusion,4cam_auth/4cam_auth/canonxt_35_sub_06.tif,0,33aa918317f9661faf8dbcc0babc1aa15e4dcd1689615b49efb188a7274ece71,0.6601340174674988,0.2981437146663666,1
decision_fusion,4cam_auth/4cam_auth/canonxt_35_sub_07.tif,0,963d91d7ef2b80069081b03bd2def2ce7f3e782ac0d22302bbd6ed41a62c5964,0.5648566484451294,0.2981437146663666,1
decision_fusion,4cam_auth/4cam_auth/canonxt_35_sub_08.tif,0,a775a6c20fe22e802de3086afce5fa19b72ac333be548584a43863b15846c94e,0.5805667489767075,0.2981437146663666,1
decision_fusion,4cam_auth/4cam_auth/canonxt_35_sub_09.tif,0,471f7d59b177e34d390f328cb186439769779fc188a4ab8f5773b4dec5e41f8f,0.6355690956115723,0.2981437146663666,1
decision_fusion,4cam_auth/4cam_auth/canonxt_38_sub_01.tif,0,ef2f004e0e0dae016d9f06f81dcd73924ebe2d1fcf134211db4f3609e4c52747,0.4168875366449356,0.2981437146663666,1
decision_fusion,4cam_auth/4cam_auth/canonxt_38_sub_02.tif,0,620907f3650a1c425c021dd12cd302fc5a7afa2840b9c1ddea6b436a138eb2e1,0.40566376224160194,0.2981437146663666,1
decision_fusion,4cam_auth/4cam_auth/canonxt_38_sub_03.tif,0,b27d51936b7b8dc51ef141106b938c2809cf0cfc290f7b52a9544bdd70f930a3,0.4161890521645546,0.2981437146663666,1
decision_fusion,4cam_auth/4cam_auth/canonxt_38_sub_04.tif,0,ca3ac2f191ef7f32593377442509ba84a2f55518e2de9d30765cd5bd5ff7ec5f,0.3948790282011032,0.2981437146663666,1
decision_fusion,4cam_auth/4cam_auth/canonxt_38_sub_05.tif,0,0ec50a42b9e47d4a0ee9cee4058b3a80ab8ada74e63c462b02b859b77f1b1974,0.3916920833289623,0.2981437146663666,1
decision_fusion,4cam_auth/4cam_auth/canonxt_38_sub_06.tif,0,0cd727fdbd5483940280d378bf621ad9afd9775133f5589c1d57393910918f6e,0.28687122091650963,0.2981437146663666,0
decision_fusion,4cam_auth/4cam_auth/canonxt_38_sub_07.tif,0,17dda886b5e072ea6d5bb3155f680cbc7215b70ab850c5b7fc3a831fd1eb2b70,0.34011729061603546,0.2981437146663666,1
decision_fusion,4cam_auth/4cam_auth/canonxt_38_sub_08.tif,0,6b842a201e48dc4be36b467c9d53f1fe589b096a0b481c3b018d2b3244c4daca,0.44326774775981903,0.2981437146663666,1
decision_fusion,4cam_auth/4cam_auth/canonxt_38_sub_09.tif,0,637127b89d8fbf2b5099e3bb66cdf56f4f2dfd1c49072c46c156b195c4500b6f,0.3647533804178238,0.2981437146663666,1
decision_fusion,4cam_auth/4cam_auth/kodakdcs330_01_sub_01.tif,0,58ce9d03200a96219db3aeb923bf5bca292675ca47c16870e54db0bea9bb872f,0.593454897403717,0.2981437146663666,1
decision_fusion,4cam_auth/4cam_auth/kodakdcs330_02_sub_01.tif,0,1afc97bdd0d4efd979b94319dad7540dbe72d54cfa11cf4e4686f65fbe0f4e84,0.44310012459754944,0.2981437146663666,1
decision_fusion,4cam_auth/4cam_auth/kodakdcs330_03_sub_01.tif,0,3da50fab8fd5f8f2616c8c52417cedf858e1ca39d9c56619e234371f25dfacfd,0.4621811509132385,0.2981437146663666,1
decision_fusion,4cam_auth/4cam_auth/nikond70_02_sub_01.tif,0,4bcd5d8ab8a855056ac29b638eb04dbd0077bf818c627fcd2016f5a387d6d502,0.7660256028175354,0.2981437146663666,1
decision_fusion,4cam_auth/4cam_auth/nikond70_02_sub_02.tif,0,22183970aaf6a9a9a7b268e5eed6a9be45abe24a92f855349ea80b627e0570c9,0.5916427373886108,0.2981437146663666,1
decision_fusion,4cam_auth/4cam_auth/nikond70_02_sub_03.tif,0,4f9606a33be34251ad1d9f8c996de5a8daf20fcbea172c7a5f0603b85e01c38d,0.3770248517394066,0.2981437146663666,1
decision_fusion,4cam_auth/4cam_auth/nikond70_02_sub_04.tif,0,9e05717b25d5a9ac872d47d7b72408fe9d160bc28e3ae69c289f07b773cc7ccb,0.7014971971511841,0.2981437146663666,1
decision_fusion,4cam_auth/4cam_auth/nikond70_02_sub_05.tif,0,34b180abcc18c00561736879fabc00d29ad53300aa3963269df888386b8c1852,0.6025775969028473,0.2981437146663666,1
decision_fusion,4cam_auth/4cam_auth/nikond70_02_sub_06.tif,0,e9385c79cd6da92c93d14a6feb133034483a6a4c26c1237cddb59c1e771e416e,0.4176008552312851,0.2981437146663666,1
decision_fusion,4cam_auth/4cam_auth/nikond70_02_sub_07.tif,0,56af486b771e7d1c0e15d182215451d405aa3f804ccdb6b3e0fe69aec1d093dc,0.6305226683616638,0.2981437146663666,1
decision_fusion,4cam_auth/4cam_auth/nikond70_02_sub_08.tif,0,b30519b4bb8a402abec996b03da876cb9b3267e4a4cbe575e3a25c1002ef0b37,0.3664875999093056,0.2981437146663666,1
decision_fusion,4cam_auth/4cam_auth/nikond70_02_sub_09.tif,0,24cf284a11f7aecd9a8c914b67b41112f46a80531b1331956e167ea1e8ec6104,0.38952184468507767,0.2981437146663666,1
decision_fusion,4cam_auth/4cam_auth/nikond70_05_sub_01.tif,0,fe3ff7b742c39bd1753816d00f58e50f110ad7cafa7e9ce94e7ce3e48ae7cba1,0.3545045182108879,0.2981437146663666,1
decision_fusion,4cam_auth/4cam_auth/nikond70_05_sub_02.tif,0,48d6875f66e16f44319a05e9facc4d3afa6b8cab684c0a705e34da5e15bb097d,0.4329114407300949,0.2981437146663666,1
decision_fusion,4cam_auth/4cam_auth/nikond70_05_sub_03.tif,0,0356ffa2dcc9ceef4eb86868440b52bf1e0e8d430ea54001cec7de6c5c370c30,0.47350315749645233,0.2981437146663666,1
decision_fusion,4cam_auth/4cam_auth/nikond70_05_sub_04.tif,0,cd3d2ded7938be70c2e2cd5c77fdc8022ad074a5e2e672a3b0e16118b1cc13ac,0.3043300174176693,0.2981437146663666,1
decision_fusion,4cam_auth/4cam_auth/nikond70_05_sub_05.tif,0,ae905e86b128be418c87d65e05dcf57ecff4cf5d27f9e593bc2f352f4b9b004d,0.5243353992700577,0.2981437146663666,1
decision_fusion,4cam_auth/4cam_auth/nikond70_05_sub_06.tif,0,9509a5c2f4d71874e469db943483c1ddddbc10b814db607e6cff372533012707,0.39166778326034546,0.2981437146663666,1
decision_fusion,4cam_auth/4cam_auth/nikond70_05_sub_07.tif,0,846026872ec53592d4b373e0460c43459be55fe872f7a3df14f0e90c3c33beec,0.3265521917492151,0.2981437146663666,1
decision_fusion,4cam_auth/4cam_auth/nikond70_05_sub_08.tif,0,25bc8b22d346ea938ce63942250d6b6199c26725b2159cc6692c944da7ed31b7,0.4831441193819046,0.2981437146663666,1
decision_fusion,4cam_auth/4cam_auth/nikond70_05_sub_09.tif,0,db2fb6d4aa3d39f2ebb0138954ee5f4bc74fc4b708527aef361523d0dfd458d3,0.4076695442199707,0.2981437146663666,1
decision_fusion,4cam_auth/4cam_auth/nikond70_08_sub_01.tif,0,0150ae5e42e89c2854c3effa116c2f79bf416c713cf32bb5ff432e2fd4954d34,0.3428110107779503,0.2981437146663666,1
decision_fusion,4cam_auth/4cam_auth/nikond70_08_sub_02.tif,0,4130f4307030439a1b6ebf3f1196eacd42dd87ea9fede6e0ee33d28ea9a954ca,0.5917160362005234,0.2981437146663666,1
decision_fusion,4cam_auth/4cam_auth/nikond70_08_sub_03.tif,0,6463d6a084fa69f3377f5df2a822663ec1c9a4ac5c8a8cb9c653232b74a25fdd,0.41315872222185135,0.2981437146663666,1
decision_fusion,4cam_auth/4cam_auth/nikond70_08_sub_04.tif,0,34cf50f170a4fb6f53be6419e2aca35730c6366ef40e0f914283899b84156278,0.32935021817684174,0.2981437146663666,1
decision_fusion,4cam_auth/4cam_auth/nikond70_08_sub_05.tif,0,9adf516aa36fa290da2526495d2d70f238c4d315a3445154d6c1d3964e97e90f,0.4677233546972275,0.2981437146663666,1
decision_fusion,4cam_auth/4cam_auth/nikond70_08_sub_06.tif,0,279b66db15f09a7832233b411261d3cedeab5a4324b3dfb4e76e210c89f7126d,0.39176008850336075,0.2981437146663666,1
decision_fusion,4cam_auth/4cam_auth/nikond70_08_sub_07.tif,0,636fe1a9bfd373aa9027b12106a56ce4560261094c356db5167a440c20a69f69,0.34499501809477806,0.2981437146663666,1
decision_fusion,4cam_auth/4cam_auth/nikond70_08_sub_08.tif,0,7c953cf63d0fb44f7c808913feb0def860f3652c56741c319eea97e9b7b385d9,0.41525743901729584,0.2981437146663666,1
decision_fusion,4cam_auth/4cam_auth/nikond70_08_sub_09.tif,0,4aa2c770f5d608cde4a84343c91ddb42cbc35981b75538cd4a74e0ec8e091bf2,0.3512373976409435,0.2981437146663666,1
decision_fusion,4cam_auth/4cam_auth/nikond70_11_sub_01.tif,0,9fada6aae76b7f9b6877c857abd87fbc132a638c7924632d6f39fbd9a33d42db,0.28558793663978577,0.2981437146663666,0
decision_fusion,4cam_auth/4cam_auth/nikond70_11_sub_02.tif,0,7458b4a1b8f23b52c9505b693f679bc74db2763cfa3192df7c25db0d16dce60b,0.2751164771616459,0.2981437146663666,0
decision_fusion,4cam_auth/4cam_auth/nikond70_11_sub_03.tif,0,18a8e836a87a42590c0aafb73c1be9709400aa5c9ae42aef79efde9f058ff7d7,0.2943829335272312,0.2981437146663666,0
decision_fusion,4cam_auth/4cam_auth/nikond70_11_sub_04.tif,0,77f34af085d608d613da946f4da46cb22b2f8cfb2dea3385c1c51c040cf069dd,0.4137466177344322,0.2981437146663666,1
decision_fusion,4cam_auth/4cam_auth/nikond70_11_sub_05.tif,0,d7a7e4f290a1074c8d8a3e4a07dc9bc2e80cfddb10658e9755b7245e0d81039b,0.4494663178920746,0.2981437146663666,1
decision_fusion,4cam_auth/4cam_auth/nikond70_11_sub_06.tif,0,f573e3dd43011e07424c4ad7e5a830226b2690eaaa5c16c9aeafe1f180ca7965,0.5249885767698288,0.2981437146663666,1
decision_fusion,4cam_auth/4cam_auth/nikond70_11_sub_07.tif,0,16a2b71eb83be01601a4bd0bb408934bcb6ed99058304cd8be7acef5686d4ff3,0.4796575456857681,0.2981437146663666,1
decision_fusion,4cam_auth/4cam_auth/nikond70_11_sub_08.tif,0,dd806e97da5e3f14283488272dbbc4fc23ba4a10fb34962f5220ab405b282696,0.4875621199607849,0.2981437146663666,1
decision_fusion,4cam_auth/4cam_auth/nikond70_11_sub_09.tif,0,b1ff358ca5eae3966928080c5fc5be7f8bb1b09f097cacb1ecb7b0fb245cc69e,0.4424055218696594,0.2981437146663666,1
decision_fusion,4cam_splc/4cam_splc/canong3_canonxt_sub_01.tif,1,cf907487b402219876234a991ce3a9bca201e9fd38d0a4b6d8260c32db4228ed,0.5381797552108765,0.2981437146663666,1
decision_fusion,4cam_splc/4cam_splc/canong3_canonxt_sub_02.tif,1,6f6050c0634f0ea4b3d2c7c01f1b4aa4f1772159c80494ccd9cf4e7ee8e79762,0.5699823498725891,0.2981437146663666,1
decision_fusion,4cam_splc/4cam_splc/canong3_canonxt_sub_03.tif,1,3d4ab29d92e080228bec597fad1fab4010b0c40dbbea110f552b4a15e7a5d087,0.6228653490543365,0.2981437146663666,1
decision_fusion,4cam_splc/4cam_splc/canong3_canonxt_sub_04.tif,1,f169eef353a85306ac62293acb1ed6275e7a223a801698c7bdf9c4a081fa5d79,0.583287388086319,0.2981437146663666,1
decision_fusion,4cam_splc/4cam_splc/canong3_canonxt_sub_05.tif,1,e4c8b93332db89da4a8dbd239b8d0441bd793f4027258e505b066959ef4eb285,0.5120817720890045,0.2981437146663666,1
decision_fusion,4cam_splc/4cam_splc/canong3_canonxt_sub_06.tif,1,d597340769b0051b753aa146b993977192eb15a06785895867098914da8a93ae,0.5587331503629684,0.2981437146663666,1
decision_fusion,4cam_splc/4cam_splc/canong3_canonxt_sub_07.tif,1,e98d695b45e303c28f0a9f6bff3de01993375e415626cf1bf56e8f9f8f535bd5,0.7376547455787659,0.2981437146663666,1
decision_fusion,4cam_splc/4cam_splc/canong3_canonxt_sub_08.tif,1,0b9631f3334afbecd5056874f59ca425654fc22bb22f33db6fd3fcef0214a18c,0.5487103313207626,0.2981437146663666,1
decision_fusion,4cam_splc/4cam_splc/canong3_canonxt_sub_09.tif,1,50a77f77f0f4fd0aa1df04b5d5bc08e565d159505c537dd3a3155bafd99d421b,0.7173634469509125,0.2981437146663666,1
decision_fusion,4cam_splc/4cam_splc/canong3_canonxt_sub_10.tif,1,4eb9cf644135e89605710a0ee440c4e8dd1488147e91ee1717ac5a3059a4e865,0.8682322800159454,0.2981437146663666,1
decision_fusion,4cam_splc/4cam_splc/canong3_canonxt_sub_11.tif,1,857463adfce2047aa08fa51e10421e2e7b9f37df49a3f2d4f01d3b9416639761,0.7497784197330475,0.2981437146663666,1
decision_fusion,4cam_splc/4cam_splc/canong3_canonxt_sub_12.tif,1,052ec53f6443cbedefc09e27404285646a1fe38fed0cef78f1681c5b6e852fe5,0.47358638048171997,0.2981437146663666,1
decision_fusion,4cam_splc/4cam_splc/canong3_canonxt_sub_13.tif,1,e0ec4675164e5e19ff8c8fa82f82653b712d174fafe2e9de26c0559a2e6cfbda,0.36670583486557007,0.2981437146663666,1
decision_fusion,4cam_splc/4cam_splc/canong3_canonxt_sub_14.tif,1,0017abdefc545f58fe2bafe8e2997e765ccc86d5b38840d75862cadb4e676f4d,0.5004337728023529,0.2981437146663666,1
decision_fusion,4cam_splc/4cam_splc/canong3_canonxt_sub_15.tif,1,0e31a59c9d9e6fd04daf6a1cfaa9927474d44128816933d360581085099149a0,0.45082224905490875,0.2981437146663666,1
decision_fusion,4cam_splc/4cam_splc/canong3_canonxt_sub_16.tif,1,a5c4d797659a5dfc5e5df804f47139a57b06a74e1b9f99f0a7eaa2b359271c17,0.7044602334499359,0.2981437146663666,1
decision_fusion,4cam_splc/4cam_splc/canong3_canonxt_sub_17.tif,1,59dbd783000a8f6d2b7387cdb2e4b0ba1b506e2f0850fe8ec3d8831c9d39e5a5,0.6292220801115036,0.2981437146663666,1
decision_fusion,4cam_splc/4cam_splc/canong3_canonxt_sub_18.tif,1,2cc3be604ecbc2e1fcac7a88c42a2d7835121e3aa75b24f28f3707a831f34ffa,0.3854445144534111,0.2981437146663666,1
decision_fusion,4cam_splc/4cam_splc/canong3_canonxt_sub_19.tif,1,729201ea6675b5104b8867c4c1bde756ff09bdfb23e20c9d34927c1f861cb270,0.548900842666626,0.2981437146663666,1
decision_fusion,4cam_splc/4cam_splc/canong3_canonxt_sub_20.tif,1,b0a3a1961fb9a01edbe02827a86e791ceec32a5421b98913a0cce36fe7573f64,0.6206985712051392,0.2981437146663666,1
decision_fusion,4cam_splc/4cam_splc/canong3_canonxt_sub_21.tif,1,32665f1916e5ed2dfd2d070582e5b19b009a4feca49041bbf552cd7ec79816cc,0.36527417600154877,0.2981437146663666,1
decision_fusion,4cam_splc/4cam_splc/canong3_canonxt_sub_22.tif,1,65a4e0a7ca805f891bb130c4c7716d9d4ac8e72b8b9a402c76ba811284aac965,0.44497494399547577,0.2981437146663666,1
decision_fusion,4cam_splc/4cam_splc/canong3_canonxt_sub_23.tif,1,5e9920d08b6b7ef148c901b26b004d32311de18783bf001ea3387d61cd802155,0.550855427980423,0.2981437146663666,1
decision_fusion,4cam_splc/4cam_splc/canong3_canonxt_sub_24.tif,1,5074fe0cf4325f5ab552f45489909d523a9a8832ef679702346d60ac826ef845,0.6311443448066711,0.2981437146663666,1
decision_fusion,4cam_splc/4cam_splc/canong3_canonxt_sub_25.tif,1,76e6a69a571597535ff07b45c7b799592af43b911a75ac68164bef683e5b4a68,0.44747689366340637,0.2981437146663666,1
decision_fusion,4cam_splc/4cam_splc/canong3_canonxt_sub_26.tif,1,4779a7676225da9f7ce92cda6e2bd5d926216b28c6ddf4e422c590acb5cf9409,0.4950271248817444,0.2981437146663666,1
decision_fusion,4cam_splc/4cam_splc/canong3_canonxt_sub_27.tif,1,9acc02ef48e974e141681a1f9630c59fece8c39b0f4ce9c080e284c8564edee2,0.5716879665851593,0.2981437146663666,1
decision_fusion,4cam_splc/4cam_splc/canong3_canonxt_sub_28.tif,1,b6035c99437c6698e0b849f53f041b3354467738fdb7272be2c67567c57a2495,0.676456481218338,0.2981437146663666,1
decision_fusion,4cam_splc/4cam_splc/canong3_canonxt_sub_29.tif,1,da03d9cc0f34b347f7cc53f4368844f1cf3b7303f41dea80457ccb9bff3b6139,0.46913738548755646,0.2981437146663666,1
decision_fusion,4cam_splc/4cam_splc/canong3_canonxt_sub_30.tif,1,3e6c45a0de9ed64c62439ab7a81f863d0c702ae91074a68693c1f6be83e2f2cf,0.4434162452816963,0.2981437146663666,1
decision_fusion,4cam_splc/4cam_splc/canong3_kodakdcs330_sub_01.tif,1,81f9be7f66d99ec66437c882b6026149e8c6044d4b66a8d4e71db5fa2819cbcb,0.513747438788414,0.2981437146663666,1
decision_fusion,4cam_splc/4cam_splc/canong3_kodakdcs330_sub_02.tif,1,62f64d0c2369e4c6610f29b90164ecfc63b8f4684ba16c8e4d2b2e1e14f9330f,0.4323766678571701,0.2981437146663666,1
decision_fusion,4cam_splc/4cam_splc/canong3_kodakdcs330_sub_03.tif,1,dc10f43e9b3f24bf64c70990f7b870021f37054f1a0317aed8661cc44ef7eb4a,0.530097171664238,0.2981437146663666,1
decision_fusion,4cam_splc/4cam_splc/canong3_kodakdcs330_sub_04.tif,1,797a2d4220d6fb0680f3c5ae73a826f0801dc30f35c01d4d63ddddebd37db0c1,0.5014098584651947,0.2981437146663666,1
decision_fusion,4cam_splc/4cam_splc/canong3_kodakdcs330_sub_05.tif,1,e33c88c01f51a9180bc645a910c1a63a290f11d0d1db0da907e4d1670a3c15ea,0.5373488068580627,0.2981437146663666,1
decision_fusion,4cam_splc/4cam_splc/canong3_kodakdcs330_sub_06.tif,1,e38e889a71bc23f09f8ce44ad481047fe7533380cbac9caaf2084e4e3a63f699,0.6529004275798798,0.2981437146663666,1
decision_fusion,4cam_splc/4cam_splc/canong3_kodakdcs330_sub_07.tif,1,0cc51f7f6332867ee016688a633b307bbe82375f6608994da725c4f3f016c2a6,0.623378574848175,0.2981437146663666,1
decision_fusion,4cam_splc/4cam_splc/canong3_kodakdcs330_sub_08.tif,1,0d72942713f2f0a634f6e6942580ca189db66785350a517614ae30ce95259742,0.5854183733463287,0.2981437146663666,1
decision_fusion,4cam_splc/4cam_splc/canong3_kodakdcs330_sub_09.tif,1,8595feb01d5b50a822d5c5180104067e35ef0a33f1d75f78b5991e37bc47893d,0.39724598824977875,0.2981437146663666,1
decision_fusion,4cam_splc/4cam_splc/canong3_kodakdcs330_sub_10.tif,1,797fa6af04fd8b4af72bffb296e28b1edcad12093979618ed0d569d2922e82ed,0.8000968396663666,0.2981437146663666,1
decision_fusion,4cam_splc/4cam_splc/canong3_kodakdcs330_sub_11.tif,1,9bd1034ed71b1eed3fd59bb3da950042a99c4487df2da84254e439c416fe53a9,0.4875285029411316,0.2981437146663666,1
decision_fusion,4cam_splc/4cam_splc/canong3_kodakdcs330_sub_12.tif,1,8a7895b3b3a25e059e6af51e2cae3929cbb6046b268c1584b6f304f02b898039,0.7499780654907227,0.2981437146663666,1
decision_fusion,4cam_splc/4cam_splc/canong3_kodakdcs330_sub_13.tif,1,127960c8e7d229774e887cd489f071c17d51cfd3edb415a09c3aa032f91a7b8c,0.47680526971817017,0.2981437146663666,1
decision_fusion,4cam_splc/4cam_splc/canong3_kodakdcs330_sub_14.tif,1,51684cce38f4f6fefa858e28a7bffaab9adfcac35a62ba267df5554ed400ce45,0.5555127412080765,0.2981437146663666,1
decision_fusion,4cam_splc/4cam_splc/canong3_kodakdcs330_sub_15.tif,1,c6f7d0907036c5ed940a3fcb2a18b3541266aaa4f3bbe92f27abb07fce93b001,0.7621948719024658,0.2981437146663666,1
decision_fusion,4cam_splc/4cam_splc/canong3_kodakdcs330_sub_16.tif,1,0e1057bebff09ff44d0e4d7f609b8f25c101ea2c59e8c11439fb9c5d46c2ec43,0.735616534948349,0.2981437146663666,1
decision_fusion,4cam_splc/4cam_splc/canong3_kodakdcs330_sub_17.tif,1,46ad5359600093527afb145003b4f0dbc754e9b80cbd73ec0e28eedcea011bff,0.4662264436483383,0.2981437146663666,1
decision_fusion,4cam_splc/4cam_splc/canong3_kodakdcs330_sub_18.tif,1,9b2a8f934a9064f0c3082b8d5b16825f91c466623ac0721c24ef952377a45790,0.450847826898098,0.2981437146663666,1
decision_fusion,4cam_splc/4cam_splc/canong3_kodakdcs330_sub_19.tif,1,b5e07e94f2c81a87bb849f60441786a2892819909027eb1f5f875a0533c46973,0.5443601757287979,0.2981437146663666,1
decision_fusion,4cam_splc/4cam_splc/canong3_kodakdcs330_sub_20.tif,1,13bd4e0eaf24a4a618804b0f04dc6e7394fcbe22a447317016a0d70dc4b7793f,0.3832305520772934,0.2981437146663666,1
decision_fusion,4cam_splc/4cam_splc/canong3_kodakdcs330_sub_21.tif,1,cb0f0e30147b34b5f944bcf5840fd61452d09d2909636a1f679806a63a57b2f7,0.472802996635437,0.2981437146663666,1
decision_fusion,4cam_splc/4cam_splc/canong3_kodakdcs330_sub_22.tif,1,80054c06024b448ddfab079d9f54ea1e35b03c5820d75a0e649e8a983370965f,0.5534158051013947,0.2981437146663666,1
decision_fusion,4cam_splc/4cam_splc/canong3_kodakdcs330_sub_23.tif,1,617dd8750461b9e9196d4dd2c86e1d39b4a3b8fcc969c8d94724c9a6b618daa6,0.5622691959142685,0.2981437146663666,1
decision_fusion,4cam_splc/4cam_splc/canong3_kodakdcs330_sub_24.tif,1,8cf93898eb64e2ff97c5aabdad427fdc866ad8402eddf0956c90f46e46e80a55,0.560588926076889,0.2981437146663666,1
decision_fusion,4cam_splc/4cam_splc/canong3_kodakdcs330_sub_25.tif,1,0e05f2c4d6feb00f43801205dc28315654051cdc339d7b7c39ad71f21deca270,0.6378462910652161,0.2981437146663666,1
decision_fusion,4cam_splc/4cam_splc/canong3_kodakdcs330_sub_26.tif,1,1624c442894fd3424189c8f8d8dac90a4f079e1465e81d65a5a52a5322c91478,0.5343625098466873,0.2981437146663666,1
decision_fusion,4cam_splc/4cam_splc/canong3_kodakdcs330_sub_27.tif,1,875dc1dce5276e8f2b16930f22a1c5e3f2ef6a98a1e04802550896d653425638,0.5319790989160538,0.2981437146663666,1
decision_fusion,4cam_splc/4cam_splc/canong3_kodakdcs330_sub_28.tif,1,faea40f83bb66a1090447f721ae9cabfd93b151b4c3fff72e1567516425b5cf6,0.5266711413860321,0.2981437146663666,1
decision_fusion,4cam_splc/4cam_splc/canong3_kodakdcs330_sub_29.tif,1,502b9e556e8f7904dddc15847d31499dac17141215051300ab5fb40f5a02064e,0.6311026811599731,0.2981437146663666,1
decision_fusion,4cam_splc/4cam_splc/canong3_kodakdcs330_sub_30.tif,1,c608fa85c90f743b20418e67496726d2b413aec3e674bdd7278367757787e5fa,0.4698917120695114,0.2981437146663666,1
decision_fusion,4cam_splc/4cam_splc/canong3_nikond70_sub_01.tif,1,6c148808dd5c2334aad65d25cd147aff48723b68d3ffc6d1596b84f9e99f3567,0.7424769401550293,0.2981437146663666,1
decision_fusion,4cam_splc/4cam_splc/canong3_nikond70_sub_02.tif,1,7a8dccc35fb8309ae109ebc3d8248987271bd2aa52adcc030e636f33763e6443,0.5210874676704407,0.2981437146663666,1
decision_fusion,4cam_splc/4cam_splc/canong3_nikond70_sub_03.tif,1,73a2c0f0e2d7010619c80ce5bdeac38c51160065e4a9bf1d5773c5150e6c9c94,0.7506363689899445,0.2981437146663666,1
decision_fusion,4cam_splc/4cam_splc/canong3_nikond70_sub_04.tif,1,993058b7a9c9187362bb97206f60a8ab57a38eac0d426fc98fb1803db429e2ec,0.6239222884178162,0.2981437146663666,1
decision_fusion,4cam_splc/4cam_splc/canong3_nikond70_sub_05.tif,1,a34b9bc884af6100c951c6665d8afb63dcbf7aea84fdb16182ffa503460b16b7,0.7455523312091827,0.2981437146663666,1
decision_fusion,4cam_splc/4cam_splc/canong3_nikond70_sub_06.tif,1,ae7e1ded200f317317b03673ccc0377e82dac6d013953e29ff9bcf6003f17bfb,0.6526844501495361,0.2981437146663666,1
decision_fusion,4cam_splc/4cam_splc/canong3_nikond70_sub_07.tif,1,dafa36fc3d8b9a7a2c62f725f5dcb5f58fd632f2073563a6f2203f5cd77142a7,0.47281016409397125,0.2981437146663666,1
decision_fusion,4cam_splc/4cam_splc/canong3_nikond70_sub_08.tif,1,468bb16a80f04ef119cdf0d84a2717f7247f27fb60688a90b185a13810cc4899,0.4231787621974945,0.2981437146663666,1
decision_fusion,4cam_splc/4cam_splc/canong3_nikond70_sub_09.tif,1,2be1ef78985973c1b165fcd678d1620c8e7ec8e65fac260153c07af8f5d9558e,0.5019934922456741,0.2981437146663666,1
decision_fusion,4cam_splc/4cam_splc/canong3_nikond70_sub_10.tif,1,6c0198712327fc19bfddb6e63b5f3beba2bf0b56337ac6a52c82e870c5264b2c,0.717467725276947,0.2981437146663666,1
decision_fusion,4cam_splc/4cam_splc/canong3_nikond70_sub_11.tif,1,fc9771fa88bb1cd184c302213ae30f338df66071ea74650c59588ae81757777d,0.4469727426767349,0.2981437146663666,1
decision_fusion,4cam_splc/4cam_splc/canong3_nikond70_sub_12.tif,1,47413d46abd85624ed9d0fb03999e35b4752129a68e566c9683387e983233a24,0.5527733862400055,0.2981437146663666,1
decision_fusion,4cam_splc/4cam_splc/canong3_nikond70_sub_13.tif,1,ce8bc41a76031721da600eb9e8ff9858cc3a68d36253897d2d5922d66ad3b887,0.4116796553134918,0.2981437146663666,1
decision_fusion,4cam_splc/4cam_splc/canong3_nikond70_sub_14.tif,1,9da8d2088914911bf7c0715a90668d3791183d029539834b0fd0f45c6d868b52,0.6461778283119202,0.2981437146663666,1
decision_fusion,4cam_splc/4cam_splc/canong3_nikond70_sub_15.tif,1,305166f105db18d99c651973538dcf231f09e0b4bf330247785943cbe7a9a3dc,0.6918546855449677,0.2981437146663666,1
decision_fusion,4cam_splc/4cam_splc/canong3_nikond70_sub_16.tif,1,116d7fb2ee8dff72d54252055194075d5a83f53b9fd6d0e25d09fe5e59d4ada2,0.3584529384970665,0.2981437146663666,1
decision_fusion,4cam_splc/4cam_splc/canong3_nikond70_sub_17.tif,1,e9b3e973d883faadd5db277745fe2747cd9b568f72894ec7f057b187a41bf549,0.5586812794208527,0.2981437146663666,1
decision_fusion,4cam_splc/4cam_splc/canong3_nikond70_sub_18.tif,1,6b0fb36ce3205a14d0ed49c5d1218262ca40cf6f01da494e4f21637dcdb9fc91,0.7805330455303192,0.2981437146663666,1
decision_fusion,4cam_splc/4cam_splc/canong3_nikond70_sub_19.tif,1,73a0f7a1ad5656a0c1df5ce9762411c3886bcd57ac3345b4e21fc8277a8b3bd0,0.6517192721366882,0.2981437146663666,1
decision_fusion,4cam_splc/4cam_splc/canong3_nikond70_sub_20.tif,1,ee61d478502adb805a5e00c01b1a38fc70c21fc31045445bb9912946316cbd67,0.462610587477684,0.2981437146663666,1
decision_fusion,4cam_splc/4cam_splc/canong3_nikond70_sub_21.tif,1,7c5fb385e3a1a2e95c6b8e94df38f09a7b00a23c397681443b694c1aeed9de60,0.4636649787425995,0.2981437146663666,1
decision_fusion,4cam_splc/4cam_splc/canong3_nikond70_sub_22.tif,1,ba07a9a94f867abad8747e99428989375f28e4dc2907036cf07cb426de94478a,0.5520897209644318,0.2981437146663666,1
decision_fusion,4cam_splc/4cam_splc/canong3_nikond70_sub_23.tif,1,102badb28fc5017956e73c1075852cfbc6ae7183d30b4b48be6c723f8699dc4d,0.553704246878624,0.2981437146663666,1
decision_fusion,4cam_splc/4cam_splc/canong3_nikond70_sub_24.tif,1,ec1b8503ffdb5647b61e26e62756852bc64d016e1496efe5bae8f2b18a11cb7a,0.5873822271823883,0.2981437146663666,1
decision_fusion,4cam_splc/4cam_splc/canong3_nikond70_sub_25.tif,1,06640b827ee4aa37456d211f088a67643cffafbb71f5ca9bf50e7d7ada95271b,0.595759928226471,0.2981437146663666,1
decision_fusion,4cam_splc/4cam_splc/canong3_nikond70_sub_26.tif,1,b9cca0509655a79d3654d5d544a64f9aa9efb60361894ac4429c5f14241dfe00,0.42995622754096985,0.2981437146663666,1
decision_fusion,4cam_splc/4cam_splc/canong3_nikond70_sub_27.tif,1,c4c76dfea0e4f3c0badb184f298aaa7b7816972a3d9fdfd8b27491dc6d6416dc,0.48871752619743347,0.2981437146663666,1
decision_fusion,4cam_splc/4cam_splc/canong3_nikond70_sub_28.tif,1,0ec8ce20ac94d72ad4e412f3e7bc3f68d7805cee7baa126379a46103fff03e5c,0.6788831651210785,0.2981437146663666,1
decision_fusion,4cam_splc/4cam_splc/canong3_nikond70_sub_29.tif,1,d6a0a9cf4db1613ac289803e99dedc169dbc2e840ee294984b98c61f0898f365,0.38083359599113464,0.2981437146663666,1
decision_fusion,4cam_splc/4cam_splc/canong3_nikond70_sub_30.tif,1,33020d7e3e6c4376d80d86a695070f230b8b8fab1570469864107669349b7246,0.4132591784000397,0.2981437146663666,1
decision_fusion,4cam_splc/4cam_splc/canonxt_kodakdcs330_sub_01.tif,1,c09914ae0dbb73382d3afc16101618634f8e458e5ee4d260c4d110308368d7b0,0.7325516641139984,0.2981437146663666,1
decision_fusion,4cam_splc/4cam_splc/canonxt_kodakdcs330_sub_02.tif,1,a9dd5ce6d99d6628c5dd10b805c3d26bd38bcb69750ef9b144d570b33f838e21,0.5566039532423019,0.2981437146663666,1
decision_fusion,4cam_splc/4cam_splc/canonxt_kodakdcs330_sub_03.tif,1,0c843fc70ef03614e3adc9fc8421afddb2abb7451deae750cf9ee97821a95446,0.6609601974487305,0.2981437146663666,1
decision_fusion,4cam_splc/4cam_splc/canonxt_kodakdcs330_sub_04.tif,1,f4e1153f137016435cd25c3abaadbc2a072c9f33b627b391b1725eab46f17dca,0.5807450711727142,0.2981437146663666,1
decision_fusion,4cam_splc/4cam_splc/canonxt_kodakdcs330_sub_05.tif,1,e6fb25dcb83e90827eed7eb57f0222211b08eb3447463fda612efde43d7e6d9d,0.7460358738899231,0.2981437146663666,1
decision_fusion,4cam_splc/4cam_splc/canonxt_kodakdcs330_sub_06.tif,1,b13f3a0f070104ef5993575828957844b2c23837b71be46a66f79da73430350e,0.7045141458511353,0.2981437146663666,1
decision_fusion,4cam_splc/4cam_splc/canonxt_kodakdcs330_sub_07.tif,1,3a5654f4115d060925aaec7bf56d64bd7cc8ad5461426488b125fc98bb038e66,0.766164094209671,0.2981437146663666,1
decision_fusion,4cam_splc/4cam_splc/canonxt_kodakdcs330_sub_08.tif,1,4a0ce685b8296222090cba944f7acb92f19761a64734cd61eec677de9fb15c1a,0.43595095723867416,0.2981437146663666,1
decision_fusion,4cam_splc/4cam_splc/canonxt_kodakdcs330_sub_09.tif,1,dbcf555501cca23710219511a3609dc0a5f6f532f59e1744184af62f9a5873dc,0.5973649322986603,0.2981437146663666,1
decision_fusion,4cam_splc/4cam_splc/canonxt_kodakdcs330_sub_10.tif,1,8627d2dd73121d8bc3e5d4a2cbc92088a122ffab2291fede60f1f7128608b976,0.38032716512680054,0.2981437146663666,1
decision_fusion,4cam_splc/4cam_splc/canonxt_kodakdcs330_sub_11.tif,1,af4e0025a6250cd0e2af9feb7e40db20cd998caf0f1e349283eeb80a84800398,0.7237394750118256,0.2981437146663666,1
decision_fusion,4cam_splc/4cam_splc/canonxt_kodakdcs330_sub_12.tif,1,7c9f3eb4d715890d5b58d527d00b288c6c4f120a5c773abc7bed119641c88c35,0.46862979978322983,0.2981437146663666,1
decision_fusion,4cam_splc/4cam_splc/canonxt_kodakdcs330_sub_13.tif,1,a0436887ca15e1f8a247dc11490b7a1e938c0b8c58979739c85c29018510a93d,0.4978705048561096,0.2981437146663666,1
decision_fusion,4cam_splc/4cam_splc/canonxt_kodakdcs330_sub_14.tif,1,9cfc8bf478c876aead57b9a2ae610a8c2baa14d649059266b79cd67a6714dacd,0.5510750561952591,0.2981437146663666,1
decision_fusion,4cam_splc/4cam_splc/canonxt_kodakdcs330_sub_15.tif,1,402e86dda7bbd3cbf6beb8d2831a546a05d9eb127b89eb58848d0eaab200ca27,0.6715621650218964,0.2981437146663666,1
decision_fusion,4cam_splc/4cam_splc/canonxt_kodakdcs330_sub_16.tif,1,f9df7e6af2d214cd9b54a2a023edac00ee712b1e44bb380d7666156264a59132,0.6091373264789581,0.2981437146663666,1
decision_fusion,4cam_splc/4cam_splc/canonxt_kodakdcs330_sub_17.tif,1,7d89f0115b27ac4a98a70d4bd53e48af833f86f9afa0b6f3d37d833b276553bd,0.4958823323249817,0.2981437146663666,1
decision_fusion,4cam_splc/4cam_splc/canonxt_kodakdcs330_sub_18.tif,1,8bc50a9e4103c4a84917f0254a343442308ec1a7de139461477020a6f05612d8,0.372014619410038,0.2981437146663666,1
decision_fusion,4cam_splc/4cam_splc/canonxt_kodakdcs330_sub_19.tif,1,70ccacf26ae78d3aac2f938b7ebcf49b6cce6effba9ddf69c80b0b74f57d62fd,0.4882255420088768,0.2981437146663666,1
decision_fusion,4cam_splc/4cam_splc/canonxt_kodakdcs330_sub_20.tif,1,34dae8f9a31da9c2be8ca414a68031f23c9102e29a1aab013191e2e24e2ffff3,0.4724946841597557,0.2981437146663666,1
decision_fusion,4cam_splc/4cam_splc/canonxt_kodakdcs330_sub_21.tif,1,80c4f64fb91198930983bc1f45de0c8bfe9439fe7af900d02f9857ab8b4cb236,0.547557532787323,0.2981437146663666,1
decision_fusion,4cam_splc/4cam_splc/canonxt_kodakdcs330_sub_22.tif,1,6593faaf224fa945737736f2ce802e905b2a6fd1bb243200739d2a4953305d39,0.5082896649837494,0.2981437146663666,1
decision_fusion,4cam_splc/4cam_splc/canonxt_kodakdcs330_sub_23.tif,1,e12c20282b9ce557edec9467712e516cb985c68f1eb2e7c11f06876abc4dbd91,0.5458684265613556,0.2981437146663666,1
decision_fusion,4cam_splc/4cam_splc/canonxt_kodakdcs330_sub_24.tif,1,cfa81364230a2dd4a772672ca1d0891fe9f0da1246b572d106fc9bb619ce6830,0.5150873064994812,0.2981437146663666,1
decision_fusion,4cam_splc/4cam_splc/canonxt_kodakdcs330_sub_25.tif,1,c13aa770e8a9aeb6c52e25633712938e9e9f0194bf85e73425244c1fcc15f899,0.44131943583488464,0.2981437146663666,1
decision_fusion,4cam_splc/4cam_splc/canonxt_kodakdcs330_sub_26.tif,1,75fc1e0ebb312d7996fa94d881912cfcd11a98bfa9501a0f34b9812e7b62bbe3,0.4694427251815796,0.2981437146663666,1
decision_fusion,4cam_splc/4cam_splc/canonxt_kodakdcs330_sub_27.tif,1,36ebe73c3a4565209357360956c55810efb6c23bd6bf9867a410f42486af83a5,0.658996194601059,0.2981437146663666,1
decision_fusion,4cam_splc/4cam_splc/canonxt_kodakdcs330_sub_28.tif,1,e7f9990c6bea332decfd18739bbf25d04200c755256f8223523f74806dc462d3,0.6471440196037292,0.2981437146663666,1
decision_fusion,4cam_splc/4cam_splc/canonxt_kodakdcs330_sub_29.tif,1,a79c6a191c7bbab85984c47c7ed95edd7e49f1665d65a1ab7892daa5abbde954,0.5851809084415436,0.2981437146663666,1
decision_fusion,4cam_splc/4cam_splc/canonxt_kodakdcs330_sub_30.tif,1,3639892113c7825175e9506961c27237cafa8d5e367fb14a995ecaadfd324e97,0.5516905784606934,0.2981437146663666,1
decision_fusion,4cam_splc/4cam_splc/nikond70_canonxt_sub_01.tif,1,c84272f28ca61e002d267b154392fdec9b91828a3124f5030a7c168d0bb3bffb,0.7445365488529205,0.2981437146663666,1
decision_fusion,4cam_splc/4cam_splc/nikond70_canonxt_sub_02.tif,1,4645b7271647d2d491d93afa532a84f9591b0be503cf788b6a2c7cfb08e27836,0.6228581070899963,0.2981437146663666,1
decision_fusion,4cam_splc/4cam_splc/nikond70_canonxt_sub_03.tif,1,fe2917454f16eb166df47cc91cf42762b014687a73b75ba6167ff85d18cd2c82,0.6383474469184875,0.2981437146663666,1
decision_fusion,4cam_splc/4cam_splc/nikond70_canonxt_sub_04.tif,1,f0d2ead43603dfee2344d7b6310cc795490162dc7cf3441be75b8485d8fc9566,0.7251966893672943,0.2981437146663666,1
decision_fusion,4cam_splc/4cam_splc/nikond70_canonxt_sub_05.tif,1,a2107e21faeb68a28b6327c2c46702f0f6e99d85f974c58918e9e27171968617,0.7043809294700623,0.2981437146663666,1
decision_fusion,4cam_splc/4cam_splc/nikond70_canonxt_sub_06.tif,1,416b8d87d62b13c56c83e72aa9ce8e36e83585c68c62a5785d67ba760d3eced8,0.35519514977931976,0.2981437146663666,1
decision_fusion,4cam_splc/4cam_splc/nikond70_canonxt_sub_07.tif,1,6326bfeb31f0f77297d9d6d9bab14c937186cbf0db0998b15c9f8e8a88630d73,0.6667908728122711,0.2981437146663666,1
decision_fusion,4cam_splc/4cam_splc/nikond70_canonxt_sub_08.tif,1,79936c8eb10a6689ac8be9232586767a4d520a3f8e86c62c0fbb97cf2b395d34,0.3878191411495209,0.2981437146663666,1
decision_fusion,4cam_splc/4cam_splc/nikond70_canonxt_sub_09.tif,1,e0492d643f6611953423ca0f21ad320c9b1540fa88cee5d553e154f51a181167,0.5009208470582962,0.2981437146663666,1
decision_fusion,4cam_splc/4cam_splc/nikond70_canonxt_sub_10.tif,1,bbb42d9b058365e82e83efa9e4a0816c5f357849be62063ca9a3932af932e5c1,0.5556211173534393,0.2981437146663666,1
decision_fusion,4cam_splc/4cam_splc/nikond70_canonxt_sub_11.tif,1,4ff11d63902b267d4d98a144e15be5854b1864b5f4e78386b8358b99fff85ec9,0.4501958042383194,0.2981437146663666,1
decision_fusion,4cam_splc/4cam_splc/nikond70_canonxt_sub_12.tif,1,dee27c64b5e88d8824890a64bcb9f590ae76e2e4b0faab4a4d194fe609e72469,0.5242924392223358,0.2981437146663666,1
decision_fusion,4cam_splc/4cam_splc/nikond70_canonxt_sub_13.tif,1,f0e7d8e4eca2fbb80c81ff4ddedff8e77364c05b080b46975e457b4abb441e23,0.36582037061452866,0.2981437146663666,1
decision_fusion,4cam_splc/4cam_splc/nikond70_canonxt_sub_14.tif,1,301b82b2b9f4329c1de95cedd829da0a5c1172e8371681f5560cdca247ea2b52,0.6618196070194244,0.2981437146663666,1
decision_fusion,4cam_splc/4cam_splc/nikond70_canonxt_sub_15.tif,1,1dce99d3caf801b79fdeb48f8d47bfd6b90f75ccf434ffdaeba36d4c6ba87906,0.5890014618635178,0.2981437146663666,1
decision_fusion,4cam_splc/4cam_splc/nikond70_canonxt_sub_16.tif,1,b19b0112c8f77d8316721d30cab042deaa5d6cf1cad7023d99b1e231e427aad6,0.39321333914995193,0.2981437146663666,1
decision_fusion,4cam_splc/4cam_splc/nikond70_canonxt_sub_17.tif,1,e64bedad1fba9c0fc708b00026a2c5d3fbe15df403a10d1082c589259e41dcdc,0.44381777197122574,0.2981437146663666,1
decision_fusion,4cam_splc/4cam_splc/nikond70_canonxt_sub_18.tif,1,dffb4f9ccaa3bcda78eb6b7bc4325c73104b41f0ec96d3251ed608ad9e903374,0.35444531217217445,0.2981437146663666,1
decision_fusion,4cam_splc/4cam_splc/nikond70_canonxt_sub_19.tif,1,b8020acb08ea9306e64708b418d3345b1a495819050a81346937e9d485918456,0.4565415680408478,0.2981437146663666,1
decision_fusion,4cam_splc/4cam_splc/nikond70_canonxt_sub_20.tif,1,1b548ff423866dfe4d683d9215d12e7febf1b4be46a76eaf4788f89f6e526b35,0.3281705342233181,0.2981437146663666,1
decision_fusion,4cam_splc/4cam_splc/nikond70_canonxt_sub_21.tif,1,c9ec0014d0752fefbd8b5de73e9cc3b3e54dadbc13c85558db9ebd5ec5eab60e,0.45049964636564255,0.2981437146663666,1
decision_fusion,4cam_splc/4cam_splc/nikond70_canonxt_sub_22.tif,1,dd59e8e0f38216a9a8fbbb6a1da4a9f7bb4e9739b64807e5fb5744c24eac0e19,0.4352378249168396,0.2981437146663666,1
decision_fusion,4cam_splc/4cam_splc/nikond70_canonxt_sub_23.tif,1,54201888390b1398279032cc043063a25f34dec327d6d446f469949214a9b9c9,0.5270921140909195,0.2981437146663666,1
decision_fusion,4cam_splc/4cam_splc/nikond70_canonxt_sub_24.tif,1,59bfca8589d6407d45cec768ad6b437664fa7d7f38667dd39ed08bced9a830be,0.5172057002782822,0.2981437146663666,1
decision_fusion,4cam_splc/4cam_splc/nikond70_canonxt_sub_25.tif,1,896c9490255a7181ff3267ce16867c03226ed4bc7a64f5ea0d6a48dc12fda6be,0.5208461731672287,0.2981437146663666,1
decision_fusion,4cam_splc/4cam_splc/nikond70_canonxt_sub_26.tif,1,46bebf3e0446fef04880ac010935ad06e4c18de2cec1fe6b0deac6758890dc2c,0.7403556406497955,0.2981437146663666,1
decision_fusion,4cam_splc/4cam_splc/nikond70_canonxt_sub_27.tif,1,1c9d46e899878686310b506527ea619acbe481e76ebbd1ca84344676b6e5e4e4,0.5074812173843384,0.2981437146663666,1
decision_fusion,4cam_splc/4cam_splc/nikond70_canonxt_sub_28.tif,1,9a0eb200b6c77f71a986ec08284b75450af69a1698b405a0d2faf71a1ac61b71,0.764306515455246,0.2981437146663666,1
decision_fusion,4cam_splc/4cam_splc/nikond70_canonxt_sub_29.tif,1,dbce31d9f0b9f1086aae25b36b0cedc6c8cb006bc7408e5cfb62b47bcf728e13,0.7758945524692535,0.2981437146663666,1
decision_fusion,4cam_splc/4cam_splc/nikond70_canonxt_sub_30.tif,1,3144c7e30c5141bf19f2b7113c0bd27ab8dfb3846b3468b0aa633e9888f836f1,0.5214554816484451,0.2981437146663666,1
decision_fusion,4cam_splc/4cam_splc/nikond70_kodakdcs330_sub_01.tif,1,211abd64b8751bc89cbf23d004bb15fddcd316d2d2b5a94e09ee00c50d3e9c70,0.6299411654472351,0.2981437146663666,1
decision_fusion,4cam_splc/4cam_splc/nikond70_kodakdcs330_sub_02.tif,1,7eaca0a943909d73ceecaf11c3a87f6b8ae9d3cebfd0354cefe6dc07fea42dd8,0.6107437610626221,0.2981437146663666,1
decision_fusion,4cam_splc/4cam_splc/nikond70_kodakdcs330_sub_03.tif,1,cbceae8d330732bf15471077170259f2aced24097d3cefac93fc880d0711f108,0.7129666805267334,0.2981437146663666,1
decision_fusion,4cam_splc/4cam_splc/nikond70_kodakdcs330_sub_04.tif,1,3e315e88471c5419c4fa96df5bb05b3921b4ae2994e1912110d0dcaea1381c53,0.3971570134162903,0.2981437146663666,1
decision_fusion,4cam_splc/4cam_splc/nikond70_kodakdcs330_sub_05.tif,1,f8b7360eefa4ceeaf9fc4eda5a8b6395f593cf51cbdceca441ef78e2f1e5adf0,0.7311501502990723,0.2981437146663666,1
decision_fusion,4cam_splc/4cam_splc/nikond70_kodakdcs330_sub_06.tif,1,5bd31f946151f1cc1d250178f1a81b1988a3b04eb09fc66c5907e9efbb033b37,0.6985960900783539,0.2981437146663666,1
decision_fusion,4cam_splc/4cam_splc/nikond70_kodakdcs330_sub_07.tif,1,840dc852a97e1bd75ceb14162125f781de3040e2838f4297d83519cd052037dc,0.5795622766017914,0.2981437146663666,1
decision_fusion,4cam_splc/4cam_splc/nikond70_kodakdcs330_sub_08.tif,1,0dd959148424017f80046fe601a6188f7bede5a8d384e51f912d1e8dc4fbe52b,0.7484743297100067,0.2981437146663666,1
decision_fusion,4cam_splc/4cam_splc/nikond70_kodakdcs330_sub_09.tif,1,0d9dcf6238355b8f978ea9465e5f46da8f083a42f2073341aa34367b14884f24,0.45453236997127533,0.2981437146663666,1
decision_fusion,4cam_splc/4cam_splc/nikond70_kodakdcs330_sub_10.tif,1,8b2db3678a9c41b758fcc26b33637c5218ab927f699d4ebd114432eaaba128c2,0.6509827673435211,0.2981437146663666,1
decision_fusion,4cam_splc/4cam_splc/nikond70_kodakdcs330_sub_11.tif,1,7a6912f8069ce67c71cd08c9af05878bf60e4457817c1891b6d0569bb699119c,0.5555950403213501,0.2981437146663666,1
decision_fusion,4cam_splc/4cam_splc/nikond70_kodakdcs330_sub_12.tif,1,510be1a096af8b7f4213487541e2005da2ac1e0a8f037ab1b8c464cfdcd52d9f,0.5326207727193832,0.2981437146663666,1
decision_fusion,4cam_splc/4cam_splc/nikond70_kodakdcs330_sub_13.tif,1,b8c9456e49424d8e251e3bf87198cc95a68d85a7ced7cfa0732e9da7e2e7e6aa,0.4629087559878826,0.2981437146663666,1
decision_fusion,4cam_splc/4cam_splc/nikond70_kodakdcs330_sub_14.tif,1,bcb548c99a81d36b9f52a5fb4cb3a0ff488497684cea255a33b67098afede4e5,0.41000596061348915,0.2981437146663666,1
decision_fusion,4cam_splc/4cam_splc/nikond70_kodakdcs330_sub_15.tif,1,91c349fce8a2ddb56e4c067c7eda932bb0cb2f0193277775997bd71c0314ac26,0.6265714019536972,0.2981437146663666,1
decision_fusion,4cam_splc/4cam_splc/nikond70_kodakdcs330_sub_16.tif,1,552fffa466214c4e07c39ce76d78039528581243996fbd5580bd74d6261f6a50,0.7534846067428589,0.2981437146663666,1
decision_fusion,4cam_splc/4cam_splc/nikond70_kodakdcs330_sub_17.tif,1,d666dec5d7d87c50454b86f0ab8291ef36369ea21ee76cdfdd5f6d2325c71caf,0.6164080500602722,0.2981437146663666,1
decision_fusion,4cam_splc/4cam_splc/nikond70_kodakdcs330_sub_18.tif,1,76500b7dd06d28d99e480f7afad99c95288c714046e5578935e195fdd2eccdf6,0.6873984336853027,0.2981437146663666,1
decision_fusion,4cam_splc/4cam_splc/nikond70_kodakdcs330_sub_19.tif,1,c09c6e4ceeb030ea8f820e39a8dc84cdabb963f09e98d9e9314d951f3870b637,0.6311993896961212,0.2981437146663666,1
decision_fusion,4cam_splc/4cam_splc/nikond70_kodakdcs330_sub_20.tif,1,bb45c1b8cd3e9cacb19c80d77013fd85fe128e09aa4d6a2cb0f797bfc6c42290,0.4280993789434433,0.2981437146663666,1
decision_fusion,4cam_splc/4cam_splc/nikond70_kodakdcs330_sub_21.tif,1,313a06624e819fc462df2ca8eec21b554b1da7960835cd1260837ca145b599df,0.6076738834381104,0.2981437146663666,1
decision_fusion,4cam_splc/4cam_splc/nikond70_kodakdcs330_sub_22.tif,1,377c1733f37d678a2a99034848f396199859546d9081836f9dc58b2e51264100,0.4699550271034241,0.2981437146663666,1
decision_fusion,4cam_splc/4cam_splc/nikond70_kodakdcs330_sub_23.tif,1,84f0774e135a72aed9364b18aa76662e76c2c4c9d47234d5c6963c243b0f92eb,0.5424915850162506,0.2981437146663666,1
decision_fusion,4cam_splc/4cam_splc/nikond70_kodakdcs330_sub_24.tif,1,eb30327dfcd90123b085529af154793fb3d5591f734a9056349fdc3b4bb39dc8,0.6250946819782257,0.2981437146663666,1
decision_fusion,4cam_splc/4cam_splc/nikond70_kodakdcs330_sub_25.tif,1,73510ccf6c342f9609f94532cc53f5960a10fa885d9380af8a4491386d60125e,0.6565209627151489,0.2981437146663666,1
decision_fusion,4cam_splc/4cam_splc/nikond70_kodakdcs330_sub_26.tif,1,5ab71cda3dbf5a10f8e187947739dfa2a01a6b4fe6544a8c58272fa6f4379032,0.48488521575927734,0.2981437146663666,1
decision_fusion,4cam_splc/4cam_splc/nikond70_kodakdcs330_sub_27.tif,1,60ca8a65b225e10cb1a52d2c00ddf987c9c6a83195666b325c473a923b94f856,0.5587150454521179,0.2981437146663666,1
decision_fusion,4cam_splc/4cam_splc/nikond70_kodakdcs330_sub_28.tif,1,d64fdee2cac84ed2e9c74697641432c5a32640106c5c0815dfdb6ec466cc3306,0.5924367606639862,0.2981437146663666,1
decision_fusion,4cam_splc/4cam_splc/nikond70_kodakdcs330_sub_29.tif,1,a553528feb7827e06cbb6dc5e3c3d5a9f33d35dee02f18f945c374107e4ce826,0.566964253783226,0.2981437146663666,1
decision_fusion,4cam_splc/4cam_splc/nikond70_kodakdcs330_sub_30.tif,1,379f63a43ad0216e05df496d93612ecac557aa9c038130bf139bb09db25b3b7d,0.5994872450828552,0.2981437146663666,1
feature_fusion_v2,4cam_auth/4cam_auth/canong3_02_sub_01.tif,0,10c57dc429df12de57b5f9c3b7098a1ac0db8b2c190c974feca300eefe833f9e,0.13905571401119232,0.2767023742198944,0
feature_fusion_v2,4cam_auth/4cam_auth/canong3_02_sub_02.tif,0,95b5b75278b683dfff44b1589be6af3eb8fa658ec3597d992ce9c1aa93dae23a,0.41038599610328674,0.2767023742198944,1
feature_fusion_v2,4cam_auth/4cam_auth/canong3_02_sub_03.tif,0,e7afa299409ba75ed1422f2677f67b3c1ed738a92bd459586298d026c2053fb7,0.3553238809108734,0.2767023742198944,1
feature_fusion_v2,4cam_auth/4cam_auth/canong3_02_sub_04.tif,0,a0cd073756642e050cc29f393525f61907f39c856ec5c55e513ee471518207ab,0.2470346838235855,0.2767023742198944,0
feature_fusion_v2,4cam_auth/4cam_auth/canong3_02_sub_05.tif,0,f2058ef514f31ee2591c42e4204526d6fed41dc16e2b610a9b4d2041f0d9373a,0.7348829507827759,0.2767023742198944,1
feature_fusion_v2,4cam_auth/4cam_auth/canong3_02_sub_06.tif,0,c43a3f9480fac9072b6dce6dc843aad44c959fad9678594ef20b294180923dfc,0.4514356553554535,0.2767023742198944,1
feature_fusion_v2,4cam_auth/4cam_auth/canong3_02_sub_07.tif,0,97b34886e971dcdb342da3a7a6035e73c2ee89aaa2244525e94155f1b55237ed,0.27048131823539734,0.2767023742198944,0
feature_fusion_v2,4cam_auth/4cam_auth/canong3_02_sub_08.tif,0,73cae422708bcdd2249fffbd6b47539086874167911f05b29946570f3c3b756f,0.4380294382572174,0.2767023742198944,1
feature_fusion_v2,4cam_auth/4cam_auth/canong3_02_sub_09.tif,0,4c3e18741d9d80fb83b6d0e43036dc13d50d4f8907ddedc3e55217180d52a741,0.24685557186603546,0.2767023742198944,0
feature_fusion_v2,4cam_auth/4cam_auth/canong3_05_sub_01.tif,0,673e4aef0fa814d7aa7ce4685efeecda61de3828a22cab2988deb4be8e99faec,0.45521312952041626,0.2767023742198944,1
feature_fusion_v2,4cam_auth/4cam_auth/canong3_05_sub_02.tif,0,c8cc7fceed4e96117b06ff2fdac7a1f7ee8b70ff0d09c33c7bee2ba36a8d59bd,0.5866187810897827,0.2767023742198944,1
feature_fusion_v2,4cam_auth/4cam_auth/canong3_05_sub_03.tif,0,392b8c0acceffdb81d0555444d159e030c9661d219d457351319e5decc8ac0d2,0.26428213715553284,0.2767023742198944,0
feature_fusion_v2,4cam_auth/4cam_auth/canong3_05_sub_04.tif,0,1d7a2d2535baf710ab656b1c0cbcc003c7975e57f5412b4ac6a1a97297372a8b,0.35961735248565674,0.2767023742198944,1
feature_fusion_v2,4cam_auth/4cam_auth/canong3_05_sub_05.tif,0,bf0715e19b048206752a64702b4b6c414f13b1d9ae4d9bca7a880a44bab3390a,0.5070496201515198,0.2767023742198944,1
feature_fusion_v2,4cam_auth/4cam_auth/canong3_05_sub_06.tif,0,6eb3a498974f349318672788d38eeb24dcc6e93b354b35235c21fe22444b1103,0.46444642543792725,0.2767023742198944,1
feature_fusion_v2,4cam_auth/4cam_auth/canong3_05_sub_07.tif,0,bf0de9033ebb169f47ce84d6d156a9eaa4706130640e259b381ca90bbc52d314,0.3838691711425781,0.2767023742198944,1
feature_fusion_v2,4cam_auth/4cam_auth/canong3_05_sub_08.tif,0,f7192d29875db25136f16ff1f0a89968157dff9e4c7a04d5827746e8e5094c88,0.3115338683128357,0.2767023742198944,1
feature_fusion_v2,4cam_auth/4cam_auth/canong3_05_sub_09.tif,0,2be9ee6cd21f572ddebee611372f284ca32bca54eef529fd65bf77a6f5df4b11,0.28768017888069153,0.2767023742198944,1
feature_fusion_v2,4cam_auth/4cam_auth/canong3_08_sub_01.tif,0,ed586d47aac561c5bca8a93398e1adb0f4fb4a6f021c3134860e3f5fb6960773,0.733859121799469,0.2767023742198944,1
feature_fusion_v2,4cam_auth/4cam_auth/canong3_08_sub_02.tif,0,64d85ca9b185348237b4aee07fe0434e534ef784fc175dccefdd5548cc892283,0.13097630441188812,0.2767023742198944,0
feature_fusion_v2,4cam_auth/4cam_auth/canong3_08_sub_03.tif,0,bb8bc3c1837ad68b1ad02887d1584d1c820ae339804ce31f3bd1af4966024b70,0.24345259368419647,0.2767023742198944,0
feature_fusion_v2,4cam_auth/4cam_auth/canong3_08_sub_04.tif,0,a2684cd4a7f1dbe1fc0b9871e2d8bf5ee9dc8a5c23075cd867d1bf18c8e82b29,0.4112098813056946,0.2767023742198944,1
feature_fusion_v2,4cam_auth/4cam_auth/canong3_08_sub_05.tif,0,933fbf786e2462fb3bb65133178fcd118972ff6e3b8e695018d058d7308131e7,0.8065618872642517,0.2767023742198944,1
feature_fusion_v2,4cam_auth/4cam_auth/canong3_08_sub_06.tif,0,9f8b4dbfb39e2d98027eda785e0c0698c73e5eacaebc2835d967c7dfe18fc8ee,0.7597883939743042,0.2767023742198944,1
feature_fusion_v2,4cam_auth/4cam_auth/canong3_08_sub_07.tif,0,de30614806f2b51e08ac83d363fde8c4e42d99281c71ba3aba6f3506326c34be,0.317929744720459,0.2767023742198944,1
feature_fusion_v2,4cam_auth/4cam_auth/canong3_08_sub_08.tif,0,5834159b8e7b05da3b7d178afc1ecc5af6fa1a84756d4602b8bb130619d013ad,0.24137699604034424,0.2767023742198944,0
feature_fusion_v2,4cam_auth/4cam_auth/canong3_08_sub_09.tif,0,a3d5b2ce5296993a1dda645025edf58728c20d4987e44e2775d846c837f6d96f,0.46113091707229614,0.2767023742198944,1
feature_fusion_v2,4cam_auth/4cam_auth/canonxt_02_sub_01.tif,0,341eb6e4933c2eafa8c4aa87ba5122386308b6d2d951336c46aa8b9cecd6c682,0.12418986111879349,0.2767023742198944,0
feature_fusion_v2,4cam_auth/4cam_auth/canonxt_02_sub_02.tif,0,22230dfe6c6fb3b0493bb24167b481b9421bfee654fa186e64e9b578b7e7ea2e,0.191497340798378,0.2767023742198944,0
feature_fusion_v2,4cam_auth/4cam_auth/canonxt_02_sub_03.tif,0,a36dbc4e220c1596643cd8b74835d2cea6d088616e876bceb3beff9570025885,0.3098563253879547,0.2767023742198944,1
feature_fusion_v2,4cam_auth/4cam_auth/canonxt_02_sub_04.tif,0,131a473ef9306dc9926ccfd0fbd309fc19cc25a6f3332b8a35e488eafe5577b6,0.3471677303314209,0.2767023742198944,1
feature_fusion_v2,4cam_auth/4cam_auth/canonxt_02_sub_05.tif,0,8c282b79232bd182f3d71318486f845b4d4a96a7c655ac838a529e09e06f53ea,0.2850532531738281,0.2767023742198944,1
feature_fusion_v2,4cam_auth/4cam_auth/canonxt_02_sub_06.tif,0,ccdab98ba9f6dbaf88d27db93753278213793ee0b5abbcfda8e7c3660f3fe0a4,0.5593704581260681,0.2767023742198944,1
feature_fusion_v2,4cam_auth/4cam_auth/canonxt_02_sub_07.tif,0,cc49b1578572938f79ec0f979b320b51ae22bd4fb9d98b7f36c1e975d2def816,0.541851282119751,0.2767023742198944,1
feature_fusion_v2,4cam_auth/4cam_auth/canonxt_02_sub_08.tif,0,3acf3f6297eee2da381e5b13dbb0f5a81d5a4960312fe3cb5d180bd3036b17e4,0.5910630226135254,0.2767023742198944,1
feature_fusion_v2,4cam_auth/4cam_auth/canonxt_02_sub_09.tif,0,8a3c73fba4e1c049e49d1debf76362fbd05929351f089aaef1f279cc6c6b0bef,0.8222707509994507,0.2767023742198944,1
feature_fusion_v2,4cam_auth/4cam_auth/canonxt_05_sub_01.tif,0,04b8e46b84a640f3700dc378fdc1cb0eae4f082f4b001d2cd495b6f3178a3cfe,0.2127101570367813,0.2767023742198944,0
feature_fusion_v2,4cam_auth/4cam_auth/canonxt_05_sub_02.tif,0,6c7ee43b8da0d39f562dd4d01f3859e0f386792cbe9da0f0abd77c65c73d7d8c,0.4171425998210907,0.2767023742198944,1
feature_fusion_v2,4cam_auth/4cam_auth/canonxt_05_sub_03.tif,0,0f836bb9c0b351f9fbced2d2db16062f620e5027569443cc0942f71fba1c59d4,0.2007262259721756,0.2767023742198944,0
feature_fusion_v2,4cam_auth/4cam_auth/canonxt_05_sub_04.tif,0,389c3ebcd6752a6ba4099e117e07978df1d1b923e16f73e7e064129a237be118,0.5334953665733337,0.2767023742198944,1
feature_fusion_v2,4cam_auth/4cam_auth/canonxt_05_sub_05.tif,0,5d89b0da9616c9f33f790111e0e7ce28bc2f411cda76416f4390a2e34d669e96,0.34918180108070374,0.2767023742198944,1
feature_fusion_v2,4cam_auth/4cam_auth/canonxt_05_sub_06.tif,0,3a7b8086887c0f17a47cbedc72474cd4231b5ecdafc4c6d39b43ad915562b970,0.22639627754688263,0.2767023742198944,0
feature_fusion_v2,4cam_auth/4cam_auth/canonxt_05_sub_07.tif,0,9fac94c2a4fc83ce2c65141a83e6cda9770275c5fd7d0e9b7f654a6e3fad957c,0.776135265827179,0.2767023742198944,1
feature_fusion_v2,4cam_auth/4cam_auth/canonxt_05_sub_08.tif,0,0ee67ec5a5f49294cb8e24de0df93450f0307ccbd807e10533c286055bd232df,0.7047141194343567,0.2767023742198944,1
feature_fusion_v2,4cam_auth/4cam_auth/canonxt_05_sub_09.tif,0,108e6c0d6ddd7f92044c7423cfcf41dfebf24dac190bb291baf34ef91b9113d1,0.4294619858264923,0.2767023742198944,1
feature_fusion_v2,4cam_auth/4cam_auth/canonxt_08_sub_01.tif,0,f759aaf03e4b84adb84642266010e5f15c8a1f49b41ef8fbc097587ec68b99e9,0.22819964587688446,0.2767023742198944,0
feature_fusion_v2,4cam_auth/4cam_auth/canonxt_08_sub_02.tif,0,25c81bd3b7590b854fd2d89f74ef4d59316047ac328782a03d6d11c0466e0ed3,0.4527776837348938,0.2767023742198944,1
feature_fusion_v2,4cam_auth/4cam_auth/canonxt_08_sub_03.tif,0,ca3670befb868f6cf5294d2787f832d5eba43340a79f44218b8a7a4d03bfa038,0.2227226048707962,0.2767023742198944,0
feature_fusion_v2,4cam_auth/4cam_auth/canonxt_08_sub_04.tif,0,d4c676d0f3f8d0c3a2ac42a3ae642e872915e4085dc5d451ac164fb3f5e6c22f,0.29738491773605347,0.2767023742198944,1
feature_fusion_v2,4cam_auth/4cam_auth/canonxt_08_sub_05.tif,0,3134a9c64a57c5e50cef72a084275c88848190fd25aea49b457d70ab9755d12f,0.3399190306663513,0.2767023742198944,1
feature_fusion_v2,4cam_auth/4cam_auth/canonxt_08_sub_06.tif,0,87434d1a2c01c2b8ce02941348d6df6dd1178c66674a157631c9bd3e355b5214,0.25359344482421875,0.2767023742198944,0
feature_fusion_v2,4cam_auth/4cam_auth/canonxt_08_sub_07.tif,0,339ba75d4ff4dbe8d3b52ce5469e7308fbf870ee4922d3966e30b72ce73ba4dd,0.6269309520721436,0.2767023742198944,1
feature_fusion_v2,4cam_auth/4cam_auth/canonxt_08_sub_08.tif,0,b1421533975f956d8d3aa5fcb9c0e8bf048042d674273a76c926337f378e3000,0.2615533769130707,0.2767023742198944,0
feature_fusion_v2,4cam_auth/4cam_auth/canonxt_08_sub_09.tif,0,9024ef19d75002df8a0b37d3e2239e7ca54afa639bb9426cad7f98e0e07ea697,0.5043008923530579,0.2767023742198944,1
feature_fusion_v2,4cam_auth/4cam_auth/canonxt_11_sub_01.tif,0,8698ec3235f15866b171c39d8f3c99a2c7abdf96ef6e92c212537f826c201f39,0.14254705607891083,0.2767023742198944,0
feature_fusion_v2,4cam_auth/4cam_auth/canonxt_11_sub_02.tif,0,1106e8ce2e24e9c8abda6cf311a2261a7cd72d214704875a54f94aabaea3844f,0.39055517315864563,0.2767023742198944,1
feature_fusion_v2,4cam_auth/4cam_auth/canonxt_11_sub_03.tif,0,b1249224a6ff94a4e27c8c912313f2bd4ee1935e43b7a38f3a4f3177db3cad88,0.18735960125923157,0.2767023742198944,0
feature_fusion_v2,4cam_auth/4cam_auth/canonxt_11_sub_04.tif,0,767dc3f987dc9888e52fa3db248ccb8855db20929f39165a0dec981105b1d189,0.13258303701877594,0.2767023742198944,0
feature_fusion_v2,4cam_auth/4cam_auth/canonxt_11_sub_05.tif,0,ae25d32a5897cca7b88f03984edfe7b0afd618a0f69c46bac916d8d937605da7,0.2516099810600281,0.2767023742198944,0
feature_fusion_v2,4cam_auth/4cam_auth/canonxt_11_sub_06.tif,0,6739eb712fee716cdf9c16f7c72a9a1f4fa31bfddc553408ab04a0580e190f5a,0.5117831230163574,0.2767023742198944,1
feature_fusion_v2,4cam_auth/4cam_auth/canonxt_11_sub_07.tif,0,8fa4b4ec6fe678e2c5d187ae3b9fb055bad1c11aa8ac8402939c6e4d06a0a3f8,0.1341768205165863,0.2767023742198944,0
feature_fusion_v2,4cam_auth/4cam_auth/canonxt_11_sub_08.tif,0,fae87978655d1e0881b692a78a8e263763e7992d493b38eedb23d4cc45a56d7f,0.45160019397735596,0.2767023742198944,1
feature_fusion_v2,4cam_auth/4cam_auth/canonxt_11_sub_09.tif,0,d976e399bd9209b01cf0e265aa904e39e4b56f90d7b97ed9b9695f58d7121083,0.21550212800502777,0.2767023742198944,0
feature_fusion_v2,4cam_auth/4cam_auth/canonxt_14_sub_01.tif,0,1b4d83293436a0723f27ca5ab28193adc4d42a91058bb9a65afa9f96bdc12c10,0.13691771030426025,0.2767023742198944,0
feature_fusion_v2,4cam_auth/4cam_auth/canonxt_14_sub_02.tif,0,f7c44ebb06c9c1958495f39910a50fff281c87833aec63267247734db87e3569,0.5008252263069153,0.2767023742198944,1
feature_fusion_v2,4cam_auth/4cam_auth/canonxt_14_sub_03.tif,0,4c3e27358b8276f04b75b400c32b65bb0b3f49c2bdafa232ee27de81137a11e2,0.3951737582683563,0.2767023742198944,1
feature_fusion_v2,4cam_auth/4cam_auth/canonxt_14_sub_04.tif,0,89eb602e33d291dd5ddea9cee1305455413582cb8dd8d7d00a0cc7c32a59703d,0.3384131193161011,0.2767023742198944,1
feature_fusion_v2,4cam_auth/4cam_auth/canonxt_14_sub_05.tif,0,66405761768681034b6aca56be6f7a478f34c05b2cc9257e5b17b10bf2ee4dbe,0.10393331199884415,0.2767023742198944,0
feature_fusion_v2,4cam_auth/4cam_auth/canonxt_14_sub_06.tif,0,231a1d20b537976bc144dcde93d8dded798644245dca3c04e6574f856388252e,0.07725159823894501,0.2767023742198944,0
feature_fusion_v2,4cam_auth/4cam_auth/canonxt_14_sub_07.tif,0,11ee5864344b86b18567d52f47869322052e4e84ffa5630b70f48f6c1d5a7d4b,0.2844918966293335,0.2767023742198944,1
feature_fusion_v2,4cam_auth/4cam_auth/canonxt_14_sub_08.tif,0,cc3bd450dc0af10edecde29dcb9abd664109bdf14b53e2cf8aa7d81199a00ab5,0.4247815012931824,0.2767023742198944,1
feature_fusion_v2,4cam_auth/4cam_auth/canonxt_14_sub_09.tif,0,4ae3c68ce590c5543bba9874f624db778852de1204303bb5607f551e6b6d3664,0.45205453038215637,0.2767023742198944,1
feature_fusion_v2,4cam_auth/4cam_auth/canonxt_17_sub_01.tif,0,021d1b8f746ae2bd28004960a8563101c16ea8ad667d606420f638a20ae5c256,0.8459341526031494,0.2767023742198944,1
feature_fusion_v2,4cam_auth/4cam_auth/canonxt_17_sub_02.tif,0,60f0f0309579b2d853e58029ee611d7b6ec356cf572287e568263afd2cbd2d49,0.5692511200904846,0.2767023742198944,1
feature_fusion_v2,4cam_auth/4cam_auth/canonxt_17_sub_03.tif,0,8aae3b65567ba21e7970188bad16764552e4d9e72620fa8fab4f8a9ed95cf1f8,0.043180886656045914,0.2767023742198944,0
feature_fusion_v2,4cam_auth/4cam_auth/canonxt_17_sub_04.tif,0,a323fb48291447bd628c52c0afd0fd55bb3c593da0e5a3ecafd0f291cf3e1ed4,0.8437221646308899,0.2767023742198944,1
feature_fusion_v2,4cam_auth/4cam_auth/canonxt_17_sub_05.tif,0,bccbe60915a1c1d828cd4ff558e4dc4c433130ee4b28fddc67dbbb24f4fcf0e3,0.6916544437408447,0.2767023742198944,1
feature_fusion_v2,4cam_auth/4cam_auth/canonxt_17_sub_06.tif,0,38938c0017ce988170bfcbb88dd2f79cd507713d045666db0ce7ae66c3b0719b,0.1504317969083786,0.2767023742198944,0
feature_fusion_v2,4cam_auth/4cam_auth/canonxt_17_sub_07.tif,0,09d943625613c5161e4687802b7fc2c50a32e941f1953b0c7be65b16d8eb89b1,0.6684603691101074,0.2767023742198944,1
feature_fusion_v2,4cam_auth/4cam_auth/canonxt_17_sub_08.tif,0,fb96ab39689ad4370717315cffe44ef36420e608fbc002b6bf4fc6dce6b7a580,0.4820157587528229,0.2767023742198944,1
feature_fusion_v2,4cam_auth/4cam_auth/canonxt_17_sub_09.tif,0,88a98e7fd30191128be75067bb0c1c5ff989b2fec1eaa7869f5a8e9b836f7985,0.25224068760871887,0.2767023742198944,0
feature_fusion_v2,4cam_auth/4cam_auth/canonxt_20_sub_01.tif,0,b2d22a8e91458811a7a4b375180a70e9cd51d938cc60c2917373f489aa353760,0.16530188918113708,0.2767023742198944,0
feature_fusion_v2,4cam_auth/4cam_auth/canonxt_20_sub_02.tif,0,1128470d275c2dddea7aa09ab94713190e474ae36c8956e0b8fbbf1b72e1a78c,0.5054401755332947,0.2767023742198944,1
feature_fusion_v2,4cam_auth/4cam_auth/canonxt_20_sub_03.tif,0,e1a565b431c7620472512ee3132155de0efb5be24aee05de9780871c5f6ad381,0.7052556276321411,0.2767023742198944,1
feature_fusion_v2,4cam_auth/4cam_auth/canonxt_20_sub_04.tif,0,0d83d4cba3c5a81b9ec96cf0d73ccad06e5fc037dfac8e72753f5f8606bee9f9,0.09396971017122269,0.2767023742198944,0
feature_fusion_v2,4cam_auth/4cam_auth/canonxt_20_sub_05.tif,0,0b6ec30c3e2ee13a68589b48b2b5576e54f8db9f78e7b34e8ad2f4e6e4f3531c,0.6700009107589722,0.2767023742198944,1
feature_fusion_v2,4cam_auth/4cam_auth/canonxt_20_sub_06.tif,0,5719e0a8f099b392abf233c15e2b1b50ec62ea8415479ab20e1af81ef911c97d,0.44812098145484924,0.2767023742198944,1
feature_fusion_v2,4cam_auth/4cam_auth/canonxt_20_sub_07.tif,0,9f8631d778fa6a290cf588fe8b971752c623163d009714e4b49d22f0fc96fe0e,0.08634916692972183,0.2767023742198944,0
feature_fusion_v2,4cam_auth/4cam_auth/canonxt_20_sub_08.tif,0,3814bc6935f504250c58818c099a793f1a3ef8dbbd928ff480d0471797a6c7c1,0.6507490277290344,0.2767023742198944,1
feature_fusion_v2,4cam_auth/4cam_auth/canonxt_20_sub_09.tif,0,76e31e6fcb2bec81a48600dd03f8ba23ffc3ced7d19a95457e52317c058f23db,0.7940273284912109,0.2767023742198944,1
feature_fusion_v2,4cam_auth/4cam_auth/canonxt_23_sub_01.tif,0,50a3a76c877c770bfbf1b22b712e2f66b1bc29e36a9b6208d2a329a2dd934071,0.21281488239765167,0.2767023742198944,0
feature_fusion_v2,4cam_auth/4cam_auth/canonxt_23_sub_02.tif,0,6782c205b388d460f10bd7ff2d2ad1891a248d33515890e466835aa31db5f016,0.15850412845611572,0.2767023742198944,0
feature_fusion_v2,4cam_auth/4cam_auth/canonxt_23_sub_03.tif,0,1a2327caf2e42605ec063bc4a82572e848bef1a1a35f4096f3cb6df3bc818c5d,0.1457163542509079,0.2767023742198944,0
feature_fusion_v2,4cam_auth/4cam_auth/canonxt_23_sub_04.tif,0,f094a23420775729add213bd2795942610963d7f94444171371591b8a5b26e4e,0.3720296621322632,0.2767023742198944,1
feature_fusion_v2,4cam_auth/4cam_auth/canonxt_23_sub_05.tif,0,ad2ee56ea65435ee656d787b4cbc0c31da7f8bd80c032bd46597063544d235ab,0.2473466694355011,0.2767023742198944,0
feature_fusion_v2,4cam_auth/4cam_auth/canonxt_23_sub_06.tif,0,535006fcff5dcdc868c16612b1fb13b9f31c0f0d2af74ed58dacb00f2c289e37,0.22934235632419586,0.2767023742198944,0
feature_fusion_v2,4cam_auth/4cam_auth/canonxt_23_sub_07.tif,0,647d51070b6ce6d4139b78ae0a4fdf9ceb5feba604ee4c10dd85087b162ccc13,0.3736233413219452,0.2767023742198944,1
feature_fusion_v2,4cam_auth/4cam_auth/canonxt_23_sub_08.tif,0,87f4b07a1c628fce92ead67355d39095b343f5b695efb020dc30646e62114205,0.06887491047382355,0.2767023742198944,0
feature_fusion_v2,4cam_auth/4cam_auth/canonxt_23_sub_09.tif,0,4efa22b3d395527c797d9b281e5ac869330b4753de2d59ec9e714a41df596192,0.08341003954410553,0.2767023742198944,0
feature_fusion_v2,4cam_auth/4cam_auth/canonxt_26_sub_01.tif,0,2c76146b85f098d170d4fb004dcc4722c06a3c95554074af5753fa1731837ca8,0.1600521206855774,0.2767023742198944,0
feature_fusion_v2,4cam_auth/4cam_auth/canonxt_26_sub_02.tif,0,4bb66532a48e352be3a1299c2020389997409f188af7a39becbe2199a75eae9b,0.7016773819923401,0.2767023742198944,1
feature_fusion_v2,4cam_auth/4cam_auth/canonxt_26_sub_03.tif,0,d855aa9b77188c32ec894b14c0a2e6204d277730890875abd9c17e7dcf3b1c2b,0.8680844306945801,0.2767023742198944,1
feature_fusion_v2,4cam_auth/4cam_auth/canonxt_26_sub_04.tif,0,aa6fbf47a37f8db33631c364f12be538bdc30ca85a183c9dc132af6a1ccd67e7,0.2729049026966095,0.2767023742198944,0
feature_fusion_v2,4cam_auth/4cam_auth/canonxt_26_sub_05.tif,0,f25885c3213456c014edc945ec84a216c09f2f90767f322b7e300e107bc42799,0.10207432508468628,0.2767023742198944,0
feature_fusion_v2,4cam_auth/4cam_auth/canonxt_26_sub_06.tif,0,84a772790032aa3e713b8fcf5ec769b005326b054977661fbb2073ecb2d23f57,0.39300963282585144,0.2767023742198944,1
feature_fusion_v2,4cam_auth/4cam_auth/canonxt_26_sub_07.tif,0,d22d65b2a477174364c86f9aa45d9b9e8e2e008035936975efcd2e48de2131ed,0.2214716076850891,0.2767023742198944,0
feature_fusion_v2,4cam_auth/4cam_auth/canonxt_26_sub_08.tif,0,9b9dc94025e182a7789ddf1c8a5c6714adb2e9a35369a1d6c29ffccd4ece4aa8,0.2679920792579651,0.2767023742198944,0
feature_fusion_v2,4cam_auth/4cam_auth/canonxt_26_sub_09.tif,0,b21a94a5a58db0a2cf438c563b4b38d36267a40fb7ad9f5631c7d8a62ff202b3,0.37768661975860596,0.2767023742198944,1
feature_fusion_v2,4cam_auth/4cam_auth/canonxt_29_sub_01.tif,0,5c45cbdb0b30e765a8471af8be88d0d1402576e30329ba86015d551f49a01c87,0.7262486815452576,0.2767023742198944,1
feature_fusion_v2,4cam_auth/4cam_auth/canonxt_29_sub_02.tif,0,836f7806fc016dd03ebdf238fe1a7a9ca7aeb9a12670cc50d02c074e80d1f367,0.32629790902137756,0.2767023742198944,1
feature_fusion_v2,4cam_auth/4cam_auth/canonxt_29_sub_03.tif,0,f15cd42e6094b42e0e6d0584cd4b380de6e1cb773f46a2a2c905b1923737a356,0.03975597769021988,0.2767023742198944,0
feature_fusion_v2,4cam_auth/4cam_auth/canonxt_29_sub_04.tif,0,1fea55c6fd32b5050801fee739e9e4396518f07b751f437a02522bedbd5d7410,0.10854972153902054,0.2767023742198944,0
feature_fusion_v2,4cam_auth/4cam_auth/canonxt_29_sub_05.tif,0,7aa11771bfb045e3bc367860e09fe8c720202b1c36a9a9cb9e880505ee390d7b,0.16877438127994537,0.2767023742198944,0
feature_fusion_v2,4cam_auth/4cam_auth/canonxt_29_sub_06.tif,0,aff48f4e3c825275d59c177db05b9be1d45fccbd9f96f118cbc4c5701fc778a0,0.1929873377084732,0.2767023742198944,0
feature_fusion_v2,4cam_auth/4cam_auth/canonxt_29_sub_07.tif,0,737ed1128cbc45180aa2b7e1fb17ef253bc7aa2630529f709fe72764f5cd107d,0.18885979056358337,0.2767023742198944,0
feature_fusion_v2,4cam_auth/4cam_auth/canonxt_29_sub_08.tif,0,f39074d479e059861c47c41ac76ef07c86d116b33748c9f93754eade356c1667,0.06123989447951317,0.2767023742198944,0
feature_fusion_v2,4cam_auth/4cam_auth/canonxt_29_sub_09.tif,0,63dc09c8523468081efd6769e1ead6af76019d2a8f17791071fc9ccdf2f12f01,0.5015552043914795,0.2767023742198944,1
feature_fusion_v2,4cam_auth/4cam_auth/canonxt_32_sub_01.tif,0,08b5d87da8ffc9d862ac53739da65241592784b4f94927c19efa9e068c27e11a,0.16956007480621338,0.2767023742198944,0
feature_fusion_v2,4cam_auth/4cam_auth/canonxt_32_sub_02.tif,0,883332cd45a9b18063a7093d5928c19d87f1f62e6ed0231a27b284e89896dcad,0.7203994989395142,0.2767023742198944,1
feature_fusion_v2,4cam_auth/4cam_auth/canonxt_32_sub_03.tif,0,bf23a04da08b697972717053c74ea0d9d4c85edb90277e5f03cbb7ea7536ebd0,0.5898591876029968,0.2767023742198944,1
feature_fusion_v2,4cam_auth/4cam_auth/canonxt_32_sub_04.tif,0,7d0180fdc9d03bf21755ddcc3b1a7f323b1b19dd2f78f7781eb84cdb17571cc7,0.6386873126029968,0.2767023742198944,1
feature_fusion_v2,4cam_auth/4cam_auth/canonxt_32_sub_05.tif,0,840f0aeda28281808f76a717666c6043c986a4998e26ae7d32e0e379d8fdd38e,0.7501453161239624,0.2767023742198944,1
feature_fusion_v2,4cam_auth/4cam_auth/canonxt_32_sub_06.tif,0,227dcf35853c33981efcaad01b49b24cb07b81469ebfa148ae35eb0db8c71eb0,0.7398409843444824,0.2767023742198944,1
feature_fusion_v2,4cam_auth/4cam_auth/canonxt_32_sub_07.tif,0,ac211e00ab7d1a73925c3a47a2813f1525dd7c321fc9eef19f3db967f45e8ecb,0.6960712671279907,0.2767023742198944,1
feature_fusion_v2,4cam_auth/4cam_auth/canonxt_32_sub_08.tif,0,102e916c97b51e8c177c21d8a20d42da3ac3b793a20b8cb1cfa70ba4a61b511f,0.10893722623586655,0.2767023742198944,0
feature_fusion_v2,4cam_auth/4cam_auth/canonxt_32_sub_09.tif,0,d280a054e61c8db6e249a186c04e9fb5a825b9b21425e3cb63c288ae6d152d8c,0.3136768937110901,0.2767023742198944,1
feature_fusion_v2,4cam_auth/4cam_auth/canonxt_35_sub_01.tif,0,fd3d17da2d9f0ad24bfbbc22fdebf8913e1fefdb342f6edff0c0edb0424e83db,0.7524093389511108,0.2767023742198944,1
feature_fusion_v2,4cam_auth/4cam_auth/canonxt_35_sub_02.tif,0,e9a1eff3b5a6032b6b0b63d8c90226e053fb4b82a39c86482a5551500768d39c,0.7766150236129761,0.2767023742198944,1
feature_fusion_v2,4cam_auth/4cam_auth/canonxt_35_sub_03.tif,0,0d4e99904a3c907e62dffc1129e758257bad7b2ff53e9db3d3408ecb170c8fd8,0.6733843088150024,0.2767023742198944,1
feature_fusion_v2,4cam_auth/4cam_auth/canonxt_35_sub_04.tif,0,267626397c94686b8fcd48b2a52970f0ec216931496684f80108cbeb1ad9cd9f,0.3278332054615021,0.2767023742198944,1
feature_fusion_v2,4cam_auth/4cam_auth/canonxt_35_sub_05.tif,0,1683630eed7aea79b0cfb56b6876f44b97d4b6a522f6c720b7271de7abc7280c,0.5721358060836792,0.2767023742198944,1
feature_fusion_v2,4cam_auth/4cam_auth/canonxt_35_sub_06.tif,0,33aa918317f9661faf8dbcc0babc1aa15e4dcd1689615b49efb188a7274ece71,0.8348793983459473,0.2767023742198944,1
feature_fusion_v2,4cam_auth/4cam_auth/canonxt_35_sub_07.tif,0,963d91d7ef2b80069081b03bd2def2ce7f3e782ac0d22302bbd6ed41a62c5964,0.8588608503341675,0.2767023742198944,1
feature_fusion_v2,4cam_auth/4cam_auth/canonxt_35_sub_08.tif,0,a775a6c20fe22e802de3086afce5fa19b72ac333be548584a43863b15846c94e,0.7323054075241089,0.2767023742198944,1
feature_fusion_v2,4cam_auth/4cam_auth/canonxt_35_sub_09.tif,0,471f7d59b177e34d390f328cb186439769779fc188a4ab8f5773b4dec5e41f8f,0.8615123629570007,0.2767023742198944,1
feature_fusion_v2,4cam_auth/4cam_auth/canonxt_38_sub_01.tif,0,ef2f004e0e0dae016d9f06f81dcd73924ebe2d1fcf134211db4f3609e4c52747,0.27829626202583313,0.2767023742198944,1
feature_fusion_v2,4cam_auth/4cam_auth/canonxt_38_sub_02.tif,0,620907f3650a1c425c021dd12cd302fc5a7afa2840b9c1ddea6b436a138eb2e1,0.35104984045028687,0.2767023742198944,1
feature_fusion_v2,4cam_auth/4cam_auth/canonxt_38_sub_03.tif,0,b27d51936b7b8dc51ef141106b938c2809cf0cfc290f7b52a9544bdd70f930a3,0.32146182656288147,0.2767023742198944,1
feature_fusion_v2,4cam_auth/4cam_auth/canonxt_38_sub_04.tif,0,ca3ac2f191ef7f32593377442509ba84a2f55518e2de9d30765cd5bd5ff7ec5f,0.1896480917930603,0.2767023742198944,0
feature_fusion_v2,4cam_auth/4cam_auth/canonxt_38_sub_05.tif,0,0ec50a42b9e47d4a0ee9cee4058b3a80ab8ada74e63c462b02b859b77f1b1974,0.41205278038978577,0.2767023742198944,1
feature_fusion_v2,4cam_auth/4cam_auth/canonxt_38_sub_06.tif,0,0cd727fdbd5483940280d378bf621ad9afd9775133f5589c1d57393910918f6e,0.09786580502986908,0.2767023742198944,0
feature_fusion_v2,4cam_auth/4cam_auth/canonxt_38_sub_07.tif,0,17dda886b5e072ea6d5bb3155f680cbc7215b70ab850c5b7fc3a831fd1eb2b70,0.21111619472503662,0.2767023742198944,0
feature_fusion_v2,4cam_auth/4cam_auth/canonxt_38_sub_08.tif,0,6b842a201e48dc4be36b467c9d53f1fe589b096a0b481c3b018d2b3244c4daca,0.41073930263519287,0.2767023742198944,1
feature_fusion_v2,4cam_auth/4cam_auth/canonxt_38_sub_09.tif,0,637127b89d8fbf2b5099e3bb66cdf56f4f2dfd1c49072c46c156b195c4500b6f,0.23252449929714203,0.2767023742198944,0
feature_fusion_v2,4cam_auth/4cam_auth/kodakdcs330_01_sub_01.tif,0,58ce9d03200a96219db3aeb923bf5bca292675ca47c16870e54db0bea9bb872f,0.7466146349906921,0.2767023742198944,1
feature_fusion_v2,4cam_auth/4cam_auth/kodakdcs330_02_sub_01.tif,0,1afc97bdd0d4efd979b94319dad7540dbe72d54cfa11cf4e4686f65fbe0f4e84,0.5924719572067261,0.2767023742198944,1
feature_fusion_v2,4cam_auth/4cam_auth/kodakdcs330_03_sub_01.tif,0,3da50fab8fd5f8f2616c8c52417cedf858e1ca39d9c56619e234371f25dfacfd,0.4560907185077667,0.2767023742198944,1
feature_fusion_v2,4cam_auth/4cam_auth/nikond70_02_sub_01.tif,0,4bcd5d8ab8a855056ac29b638eb04dbd0077bf818c627fcd2016f5a387d6d502,0.8834823966026306,0.2767023742198944,1
feature_fusion_v2,4cam_auth/4cam_auth/nikond70_02_sub_02.tif,0,22183970aaf6a9a9a7b268e5eed6a9be45abe24a92f855349ea80b627e0570c9,0.6288956999778748,0.2767023742198944,1
feature_fusion_v2,4cam_auth/4cam_auth/nikond70_02_sub_03.tif,0,4f9606a33be34251ad1d9f8c996de5a8daf20fcbea172c7a5f0603b85e01c38d,0.19459637999534607,0.2767023742198944,0
feature_fusion_v2,4cam_auth/4cam_auth/nikond70_02_sub_04.tif,0,9e05717b25d5a9ac872d47d7b72408fe9d160bc28e3ae69c289f07b773cc7ccb,0.6743409037590027,0.2767023742198944,1
feature_fusion_v2,4cam_auth/4cam_auth/nikond70_02_sub_05.tif,0,34b180abcc18c00561736879fabc00d29ad53300aa3963269df888386b8c1852,0.6803433299064636,0.2767023742198944,1
feature_fusion_v2,4cam_auth/4cam_auth/nikond70_02_sub_06.tif,0,e9385c79cd6da92c93d14a6feb133034483a6a4c26c1237cddb59c1e771e416e,0.3108007311820984,0.2767023742198944,1
feature_fusion_v2,4cam_auth/4cam_auth/nikond70_02_sub_07.tif,0,56af486b771e7d1c0e15d182215451d405aa3f804ccdb6b3e0fe69aec1d093dc,0.5086575150489807,0.2767023742198944,1
feature_fusion_v2,4cam_auth/4cam_auth/nikond70_02_sub_08.tif,0,b30519b4bb8a402abec996b03da876cb9b3267e4a4cbe575e3a25c1002ef0b37,0.19734805822372437,0.2767023742198944,0
feature_fusion_v2,4cam_auth/4cam_auth/nikond70_02_sub_09.tif,0,24cf284a11f7aecd9a8c914b67b41112f46a80531b1331956e167ea1e8ec6104,0.18011705577373505,0.2767023742198944,0
feature_fusion_v2,4cam_auth/4cam_auth/nikond70_05_sub_01.tif,0,fe3ff7b742c39bd1753816d00f58e50f110ad7cafa7e9ce94e7ce3e48ae7cba1,0.1587667167186737,0.2767023742198944,0
feature_fusion_v2,4cam_auth/4cam_auth/nikond70_05_sub_02.tif,0,48d6875f66e16f44319a05e9facc4d3afa6b8cab684c0a705e34da5e15bb097d,0.410693496465683,0.2767023742198944,1
feature_fusion_v2,4cam_auth/4cam_auth/nikond70_05_sub_03.tif,0,0356ffa2dcc9ceef4eb86868440b52bf1e0e8d430ea54001cec7de6c5c370c30,0.35295507311820984,0.2767023742198944,1
feature_fusion_v2,4cam_auth/4cam_auth/nikond70_05_sub_04.tif,0,cd3d2ded7938be70c2e2cd5c77fdc8022ad074a5e2e672a3b0e16118b1cc13ac,0.044899988919496536,0.2767023742198944,0
feature_fusion_v2,4cam_auth/4cam_auth/nikond70_05_sub_05.tif,0,ae905e86b128be418c87d65e05dcf57ecff4cf5d27f9e593bc2f352f4b9b004d,0.8016918301582336,0.2767023742198944,1
feature_fusion_v2,4cam_auth/4cam_auth/nikond70_05_sub_06.tif,0,9509a5c2f4d71874e469db943483c1ddddbc10b814db607e6cff372533012707,0.325935423374176,0.2767023742198944,1
feature_fusion_v2,4cam_auth/4cam_auth/nikond70_05_sub_07.tif,0,846026872ec53592d4b373e0460c43459be55fe872f7a3df14f0e90c3c33beec,0.06366235017776489,0.2767023742198944,0
feature_fusion_v2,4cam_auth/4cam_auth/nikond70_05_sub_08.tif,0,25bc8b22d346ea938ce63942250d6b6199c26725b2159cc6692c944da7ed31b7,0.382802277803421,0.2767023742198944,1
feature_fusion_v2,4cam_auth/4cam_auth/nikond70_05_sub_09.tif,0,db2fb6d4aa3d39f2ebb0138954ee5f4bc74fc4b708527aef361523d0dfd458d3,0.22477483749389648,0.2767023742198944,0
feature_fusion_v2,4cam_auth/4cam_auth/nikond70_08_sub_01.tif,0,0150ae5e42e89c2854c3effa116c2f79bf416c713cf32bb5ff432e2fd4954d34,0.1551341861486435,0.2767023742198944,0
feature_fusion_v2,4cam_auth/4cam_auth/nikond70_08_sub_02.tif,0,4130f4307030439a1b6ebf3f1196eacd42dd87ea9fede6e0ee33d28ea9a954ca,0.7748804688453674,0.2767023742198944,1
feature_fusion_v2,4cam_auth/4cam_auth/nikond70_08_sub_03.tif,0,6463d6a084fa69f3377f5df2a822663ec1c9a4ac5c8a8cb9c653232b74a25fdd,0.21491873264312744,0.2767023742198944,0
feature_fusion_v2,4cam_auth/4cam_auth/nikond70_08_sub_04.tif,0,34cf50f170a4fb6f53be6419e2aca35730c6366ef40e0f914283899b84156278,0.09745052456855774,0.2767023742198944,0
feature_fusion_v2,4cam_auth/4cam_auth/nikond70_08_sub_05.tif,0,9adf516aa36fa290da2526495d2d70f238c4d315a3445154d6c1d3964e97e90f,0.3184598982334137,0.2767023742198944,1
feature_fusion_v2,4cam_auth/4cam_auth/nikond70_08_sub_06.tif,0,279b66db15f09a7832233b411261d3cedeab5a4324b3dfb4e76e210c89f7126d,0.16760826110839844,0.2767023742198944,0
feature_fusion_v2,4cam_auth/4cam_auth/nikond70_08_sub_07.tif,0,636fe1a9bfd373aa9027b12106a56ce4560261094c356db5167a440c20a69f69,0.23883046209812164,0.2767023742198944,0
feature_fusion_v2,4cam_auth/4cam_auth/nikond70_08_sub_08.tif,0,7c953cf63d0fb44f7c808913feb0def860f3652c56741c319eea97e9b7b385d9,0.28334805369377136,0.2767023742198944,1
feature_fusion_v2,4cam_auth/4cam_auth/nikond70_08_sub_09.tif,0,4aa2c770f5d608cde4a84343c91ddb42cbc35981b75538cd4a74e0ec8e091bf2,0.16478323936462402,0.2767023742198944,0
feature_fusion_v2,4cam_auth/4cam_auth/nikond70_11_sub_01.tif,0,9fada6aae76b7f9b6877c857abd87fbc132a638c7924632d6f39fbd9a33d42db,0.1003677174448967,0.2767023742198944,0
feature_fusion_v2,4cam_auth/4cam_auth/nikond70_11_sub_02.tif,0,7458b4a1b8f23b52c9505b693f679bc74db2763cfa3192df7c25db0d16dce60b,0.060824472457170486,0.2767023742198944,0
feature_fusion_v2,4cam_auth/4cam_auth/nikond70_11_sub_03.tif,0,18a8e836a87a42590c0aafb73c1be9709400aa5c9ae42aef79efde9f058ff7d7,0.11050358414649963,0.2767023742198944,0
feature_fusion_v2,4cam_auth/4cam_auth/nikond70_11_sub_04.tif,0,77f34af085d608d613da946f4da46cb22b2f8cfb2dea3385c1c51c040cf069dd,0.19663433730602264,0.2767023742198944,0
feature_fusion_v2,4cam_auth/4cam_auth/nikond70_11_sub_05.tif,0,d7a7e4f290a1074c8d8a3e4a07dc9bc2e80cfddb10658e9755b7245e0d81039b,0.24982833862304688,0.2767023742198944,0
feature_fusion_v2,4cam_auth/4cam_auth/nikond70_11_sub_06.tif,0,f573e3dd43011e07424c4ad7e5a830226b2690eaaa5c16c9aeafe1f180ca7965,0.5478874444961548,0.2767023742198944,1
feature_fusion_v2,4cam_auth/4cam_auth/nikond70_11_sub_07.tif,0,16a2b71eb83be01601a4bd0bb408934bcb6ed99058304cd8be7acef5686d4ff3,0.4570849537849426,0.2767023742198944,1
feature_fusion_v2,4cam_auth/4cam_auth/nikond70_11_sub_08.tif,0,dd806e97da5e3f14283488272dbbc4fc23ba4a10fb34962f5220ab405b282696,0.4748585820198059,0.2767023742198944,1
feature_fusion_v2,4cam_auth/4cam_auth/nikond70_11_sub_09.tif,0,b1ff358ca5eae3966928080c5fc5be7f8bb1b09f097cacb1ecb7b0fb245cc69e,0.3399699032306671,0.2767023742198944,1
feature_fusion_v2,4cam_splc/4cam_splc/canong3_canonxt_sub_01.tif,1,cf907487b402219876234a991ce3a9bca201e9fd38d0a4b6d8260c32db4228ed,0.4343678057193756,0.2767023742198944,1
feature_fusion_v2,4cam_splc/4cam_splc/canong3_canonxt_sub_02.tif,1,6f6050c0634f0ea4b3d2c7c01f1b4aa4f1772159c80494ccd9cf4e7ee8e79762,0.7154366374015808,0.2767023742198944,1
feature_fusion_v2,4cam_splc/4cam_splc/canong3_canonxt_sub_03.tif,1,3d4ab29d92e080228bec597fad1fab4010b0c40dbbea110f552b4a15e7a5d087,0.6795842051506042,0.2767023742198944,1
feature_fusion_v2,4cam_splc/4cam_splc/canong3_canonxt_sub_04.tif,1,f169eef353a85306ac62293acb1ed6275e7a223a801698c7bdf9c4a081fa5d79,0.7189916372299194,0.2767023742198944,1
feature_fusion_v2,4cam_splc/4cam_splc/canong3_canonxt_sub_05.tif,1,e4c8b93332db89da4a8dbd239b8d0441bd793f4027258e505b066959ef4eb285,0.48332348465919495,0.2767023742198944,1
feature_fusion_v2,4cam_splc/4cam_splc/canong3_canonxt_sub_06.tif,1,d597340769b0051b753aa146b993977192eb15a06785895867098914da8a93ae,0.785855233669281,0.2767023742198944,1
feature_fusion_v2,4cam_splc/4cam_splc/canong3_canonxt_sub_07.tif,1,e98d695b45e303c28f0a9f6bff3de01993375e415626cf1bf56e8f9f8f535bd5,0.873364269733429,0.2767023742198944,1
feature_fusion_v2,4cam_splc/4cam_splc/canong3_canonxt_sub_08.tif,1,0b9631f3334afbecd5056874f59ca425654fc22bb22f33db6fd3fcef0214a18c,0.42309334874153137,0.2767023742198944,1
feature_fusion_v2,4cam_splc/4cam_splc/canong3_canonxt_sub_09.tif,1,50a77f77f0f4fd0aa1df04b5d5bc08e565d159505c537dd3a3155bafd99d421b,0.7822710275650024,0.2767023742198944,1
feature_fusion_v2,4cam_splc/4cam_splc/canong3_canonxt_sub_10.tif,1,4eb9cf644135e89605710a0ee440c4e8dd1488147e91ee1717ac5a3059a4e865,0.9434804320335388,0.2767023742198944,1
feature_fusion_v2,4cam_splc/4cam_splc/canong3_canonxt_sub_11.tif,1,857463adfce2047aa08fa51e10421e2e7b9f37df49a3f2d4f01d3b9416639761,0.8808918595314026,0.2767023742198944,1
feature_fusion_v2,4cam_splc/4cam_splc/canong3_canonxt_sub_12.tif,1,052ec53f6443cbedefc09e27404285646a1fe38fed0cef78f1681c5b6e852fe5,0.5734251737594604,0.2767023742198944,1
feature_fusion_v2,4cam_splc/4cam_splc/canong3_canonxt_sub_13.tif,1,e0ec4675164e5e19ff8c8fa82f82653b712d174fafe2e9de26c0559a2e6cfbda,0.21172596514225006,0.2767023742198944,0
feature_fusion_v2,4cam_splc/4cam_splc/canong3_canonxt_sub_14.tif,1,0017abdefc545f58fe2bafe8e2997e765ccc86d5b38840d75862cadb4e676f4d,0.36069047451019287,0.2767023742198944,1
feature_fusion_v2,4cam_splc/4cam_splc/canong3_canonxt_sub_15.tif,1,0e31a59c9d9e6fd04daf6a1cfaa9927474d44128816933d360581085099149a0,0.4064978361129761,0.2767023742198944,1
feature_fusion_v2,4cam_splc/4cam_splc/canong3_canonxt_sub_16.tif,1,a5c4d797659a5dfc5e5df804f47139a57b06a74e1b9f99f0a7eaa2b359271c17,0.7747794389724731,0.2767023742198944,1
feature_fusion_v2,4cam_splc/4cam_splc/canong3_canonxt_sub_17.tif,1,59dbd783000a8f6d2b7387cdb2e4b0ba1b506e2f0850fe8ec3d8831c9d39e5a5,0.6183772087097168,0.2767023742198944,1
feature_fusion_v2,4cam_splc/4cam_splc/canong3_canonxt_sub_18.tif,1,2cc3be604ecbc2e1fcac7a88c42a2d7835121e3aa75b24f28f3707a831f34ffa,0.20266269147396088,0.2767023742198944,0
feature_fusion_v2,4cam_splc/4cam_splc/canong3_canonxt_sub_19.tif,1,729201ea6675b5104b8867c4c1bde756ff09bdfb23e20c9d34927c1f861cb270,0.5479289889335632,0.2767023742198944,1
feature_fusion_v2,4cam_splc/4cam_splc/canong3_canonxt_sub_20.tif,1,b0a3a1961fb9a01edbe02827a86e791ceec32a5421b98913a0cce36fe7573f64,0.5551279187202454,0.2767023742198944,1
feature_fusion_v2,4cam_splc/4cam_splc/canong3_canonxt_sub_21.tif,1,32665f1916e5ed2dfd2d070582e5b19b009a4feca49041bbf552cd7ec79816cc,0.2217341661453247,0.2767023742198944,0
feature_fusion_v2,4cam_splc/4cam_splc/canong3_canonxt_sub_22.tif,1,65a4e0a7ca805f891bb130c4c7716d9d4ac8e72b8b9a402c76ba811284aac965,0.38523948192596436,0.2767023742198944,1
feature_fusion_v2,4cam_splc/4cam_splc/canong3_canonxt_sub_23.tif,1,5e9920d08b6b7ef148c901b26b004d32311de18783bf001ea3387d61cd802155,0.5770485401153564,0.2767023742198944,1
feature_fusion_v2,4cam_splc/4cam_splc/canong3_canonxt_sub_24.tif,1,5074fe0cf4325f5ab552f45489909d523a9a8832ef679702346d60ac826ef845,0.7921218276023865,0.2767023742198944,1
feature_fusion_v2,4cam_splc/4cam_splc/canong3_canonxt_sub_25.tif,1,76e6a69a571597535ff07b45c7b799592af43b911a75ac68164bef683e5b4a68,0.27603691816329956,0.2767023742198944,0
feature_fusion_v2,4cam_splc/4cam_splc/canong3_canonxt_sub_26.tif,1,4779a7676225da9f7ce92cda6e2bd5d926216b28c6ddf4e422c590acb5cf9409,0.6045418381690979,0.2767023742198944,1
feature_fusion_v2,4cam_splc/4cam_splc/canong3_canonxt_sub_27.tif,1,9acc02ef48e974e141681a1f9630c59fece8c39b0f4ce9c080e284c8564edee2,0.6471335887908936,0.2767023742198944,1
feature_fusion_v2,4cam_splc/4cam_splc/canong3_canonxt_sub_28.tif,1,b6035c99437c6698e0b849f53f041b3354467738fdb7272be2c67567c57a2495,0.677081286907196,0.2767023742198944,1
feature_fusion_v2,4cam_splc/4cam_splc/canong3_canonxt_sub_29.tif,1,da03d9cc0f34b347f7cc53f4368844f1cf3b7303f41dea80457ccb9bff3b6139,0.3232482671737671,0.2767023742198944,1
feature_fusion_v2,4cam_splc/4cam_splc/canong3_canonxt_sub_30.tif,1,3e6c45a0de9ed64c62439ab7a81f863d0c702ae91074a68693c1f6be83e2f2cf,0.3478741943836212,0.2767023742198944,1
feature_fusion_v2,4cam_splc/4cam_splc/canong3_kodakdcs330_sub_01.tif,1,81f9be7f66d99ec66437c882b6026149e8c6044d4b66a8d4e71db5fa2819cbcb,0.46983280777931213,0.2767023742198944,1
feature_fusion_v2,4cam_splc/4cam_splc/canong3_kodakdcs330_sub_02.tif,1,62f64d0c2369e4c6610f29b90164ecfc63b8f4684ba16c8e4d2b2e1e14f9330f,0.32623741030693054,0.2767023742198944,1
feature_fusion_v2,4cam_splc/4cam_splc/canong3_kodakdcs330_sub_03.tif,1,dc10f43e9b3f24bf64c70990f7b870021f37054f1a0317aed8661cc44ef7eb4a,0.3369293510913849,0.2767023742198944,1
feature_fusion_v2,4cam_splc/4cam_splc/canong3_kodakdcs330_sub_04.tif,1,797a2d4220d6fb0680f3c5ae73a826f0801dc30f35c01d4d63ddddebd37db0c1,0.46851614117622375,0.2767023742198944,1
feature_fusion_v2,4cam_splc/4cam_splc/canong3_kodakdcs330_sub_05.tif,1,e33c88c01f51a9180bc645a910c1a63a290f11d0d1db0da907e4d1670a3c15ea,0.7811092734336853,0.2767023742198944,1
feature_fusion_v2,4cam_splc/4cam_splc/canong3_kodakdcs330_sub_06.tif,1,e38e889a71bc23f09f8ce44ad481047fe7533380cbac9caaf2084e4e3a63f699,0.5700972080230713,0.2767023742198944,1
feature_fusion_v2,4cam_splc/4cam_splc/canong3_kodakdcs330_sub_07.tif,1,0cc51f7f6332867ee016688a633b307bbe82375f6608994da725c4f3f016c2a6,0.7001752257347107,0.2767023742198944,1
feature_fusion_v2,4cam_splc/4cam_splc/canong3_kodakdcs330_sub_08.tif,1,0d72942713f2f0a634f6e6942580ca189db66785350a517614ae30ce95259742,0.7439514994621277,0.2767023742198944,1
feature_fusion_v2,4cam_splc/4cam_splc/canong3_kodakdcs330_sub_09.tif,1,8595feb01d5b50a822d5c5180104067e35ef0a33f1d75f78b5991e37bc47893d,0.26351436972618103,0.2767023742198944,0
feature_fusion_v2,4cam_splc/4cam_splc/canong3_kodakdcs330_sub_10.tif,1,797fa6af04fd8b4af72bffb296e28b1edcad12093979618ed0d569d2922e82ed,0.9701074957847595,0.2767023742198944,1
feature_fusion_v2,4cam_splc/4cam_splc/canong3_kodakdcs330_sub_11.tif,1,9bd1034ed71b1eed3fd59bb3da950042a99c4487df2da84254e439c416fe53a9,0.4304823875427246,0.2767023742198944,1
feature_fusion_v2,4cam_splc/4cam_splc/canong3_kodakdcs330_sub_12.tif,1,8a7895b3b3a25e059e6af51e2cae3929cbb6046b268c1584b6f304f02b898039,0.8536427617073059,0.2767023742198944,1
feature_fusion_v2,4cam_splc/4cam_splc/canong3_kodakdcs330_sub_13.tif,1,127960c8e7d229774e887cd489f071c17d51cfd3edb415a09c3aa032f91a7b8c,0.5543919205665588,0.2767023742198944,1
feature_fusion_v2,4cam_splc/4cam_splc/canong3_kodakdcs330_sub_14.tif,1,51684cce38f4f6fefa858e28a7bffaab9adfcac35a62ba267df5554ed400ce45,0.6000840067863464,0.2767023742198944,1
feature_fusion_v2,4cam_splc/4cam_splc/canong3_kodakdcs330_sub_15.tif,1,c6f7d0907036c5ed940a3fcb2a18b3541266aaa4f3bbe92f27abb07fce93b001,0.8625606298446655,0.2767023742198944,1
feature_fusion_v2,4cam_splc/4cam_splc/canong3_kodakdcs330_sub_16.tif,1,0e1057bebff09ff44d0e4d7f609b8f25c101ea2c59e8c11439fb9c5d46c2ec43,0.8967558145523071,0.2767023742198944,1
feature_fusion_v2,4cam_splc/4cam_splc/canong3_kodakdcs330_sub_17.tif,1,46ad5359600093527afb145003b4f0dbc754e9b80cbd73ec0e28eedcea011bff,0.49021902680397034,0.2767023742198944,1
feature_fusion_v2,4cam_splc/4cam_splc/canong3_kodakdcs330_sub_18.tif,1,9b2a8f934a9064f0c3082b8d5b16825f91c466623ac0721c24ef952377a45790,0.4525901973247528,0.2767023742198944,1
feature_fusion_v2,4cam_splc/4cam_splc/canong3_kodakdcs330_sub_19.tif,1,b5e07e94f2c81a87bb849f60441786a2892819909027eb1f5f875a0533c46973,0.5145633816719055,0.2767023742198944,1
feature_fusion_v2,4cam_splc/4cam_splc/canong3_kodakdcs330_sub_20.tif,1,13bd4e0eaf24a4a618804b0f04dc6e7394fcbe22a447317016a0d70dc4b7793f,0.1664363592863083,0.2767023742198944,0
feature_fusion_v2,4cam_splc/4cam_splc/canong3_kodakdcs330_sub_21.tif,1,cb0f0e30147b34b5f944bcf5840fd61452d09d2909636a1f679806a63a57b2f7,0.46393200755119324,0.2767023742198944,1
feature_fusion_v2,4cam_splc/4cam_splc/canong3_kodakdcs330_sub_22.tif,1,80054c06024b448ddfab079d9f54ea1e35b03c5820d75a0e649e8a983370965f,0.43438082933425903,0.2767023742198944,1
feature_fusion_v2,4cam_splc/4cam_splc/canong3_kodakdcs330_sub_23.tif,1,617dd8750461b9e9196d4dd2c86e1d39b4a3b8fcc969c8d94724c9a6b618daa6,0.4687754809856415,0.2767023742198944,1
feature_fusion_v2,4cam_splc/4cam_splc/canong3_kodakdcs330_sub_24.tif,1,8cf93898eb64e2ff97c5aabdad427fdc866ad8402eddf0956c90f46e46e80a55,0.5394605398178101,0.2767023742198944,1
feature_fusion_v2,4cam_splc/4cam_splc/canong3_kodakdcs330_sub_25.tif,1,0e05f2c4d6feb00f43801205dc28315654051cdc339d7b7c39ad71f21deca270,0.470102459192276,0.2767023742198944,1
feature_fusion_v2,4cam_splc/4cam_splc/canong3_kodakdcs330_sub_26.tif,1,1624c442894fd3424189c8f8d8dac90a4f079e1465e81d65a5a52a5322c91478,0.3760870695114136,0.2767023742198944,1
feature_fusion_v2,4cam_splc/4cam_splc/canong3_kodakdcs330_sub_27.tif,1,875dc1dce5276e8f2b16930f22a1c5e3f2ef6a98a1e04802550896d653425638,0.33139675855636597,0.2767023742198944,1
feature_fusion_v2,4cam_splc/4cam_splc/canong3_kodakdcs330_sub_28.tif,1,faea40f83bb66a1090447f721ae9cabfd93b151b4c3fff72e1567516425b5cf6,0.4211115539073944,0.2767023742198944,1
feature_fusion_v2,4cam_splc/4cam_splc/canong3_kodakdcs330_sub_29.tif,1,502b9e556e8f7904dddc15847d31499dac17141215051300ab5fb40f5a02064e,0.5931714177131653,0.2767023742198944,1
feature_fusion_v2,4cam_splc/4cam_splc/canong3_kodakdcs330_sub_30.tif,1,c608fa85c90f743b20418e67496726d2b413aec3e674bdd7278367757787e5fa,0.3099014461040497,0.2767023742198944,1
feature_fusion_v2,4cam_splc/4cam_splc/canong3_nikond70_sub_01.tif,1,6c148808dd5c2334aad65d25cd147aff48723b68d3ffc6d1596b84f9e99f3567,0.858489453792572,0.2767023742198944,1
feature_fusion_v2,4cam_splc/4cam_splc/canong3_nikond70_sub_02.tif,1,7a8dccc35fb8309ae109ebc3d8248987271bd2aa52adcc030e636f33763e6443,0.3183247745037079,0.2767023742198944,1
feature_fusion_v2,4cam_splc/4cam_splc/canong3_nikond70_sub_03.tif,1,73a2c0f0e2d7010619c80ce5bdeac38c51160065e4a9bf1d5773c5150e6c9c94,0.7093976736068726,0.2767023742198944,1
feature_fusion_v2,4cam_splc/4cam_splc/canong3_nikond70_sub_04.tif,1,993058b7a9c9187362bb97206f60a8ab57a38eac0d426fc98fb1803db429e2ec,0.787587583065033,0.2767023742198944,1
feature_fusion_v2,4cam_splc/4cam_splc/canong3_nikond70_sub_05.tif,1,a34b9bc884af6100c951c6665d8afb63dcbf7aea84fdb16182ffa503460b16b7,0.8441910147666931,0.2767023742198944,1
feature_fusion_v2,4cam_splc/4cam_splc/canong3_nikond70_sub_06.tif,1,ae7e1ded200f317317b03673ccc0377e82dac6d013953e29ff9bcf6003f17bfb,0.7761180400848389,0.2767023742198944,1
feature_fusion_v2,4cam_splc/4cam_splc/canong3_nikond70_sub_07.tif,1,dafa36fc3d8b9a7a2c62f725f5dcb5f58fd632f2073563a6f2203f5cd77142a7,0.5042845606803894,0.2767023742198944,1
feature_fusion_v2,4cam_splc/4cam_splc/canong3_nikond70_sub_08.tif,1,468bb16a80f04ef119cdf0d84a2717f7247f27fb60688a90b185a13810cc4899,0.24325209856033325,0.2767023742198944,0
feature_fusion_v2,4cam_splc/4cam_splc/canong3_nikond70_sub_09.tif,1,2be1ef78985973c1b165fcd678d1620c8e7ec8e65fac260153c07af8f5d9558e,0.36404725909233093,0.2767023742198944,1
feature_fusion_v2,4cam_splc/4cam_splc/canong3_nikond70_sub_10.tif,1,6c0198712327fc19bfddb6e63b5f3beba2bf0b56337ac6a52c82e870c5264b2c,0.9427061080932617,0.2767023742198944,1
feature_fusion_v2,4cam_splc/4cam_splc/canong3_nikond70_sub_11.tif,1,fc9771fa88bb1cd184c302213ae30f338df66071ea74650c59588ae81757777d,0.3532027304172516,0.2767023742198944,1
feature_fusion_v2,4cam_splc/4cam_splc/canong3_nikond70_sub_12.tif,1,47413d46abd85624ed9d0fb03999e35b4752129a68e566c9683387e983233a24,0.6303509473800659,0.2767023742198944,1
feature_fusion_v2,4cam_splc/4cam_splc/canong3_nikond70_sub_13.tif,1,ce8bc41a76031721da600eb9e8ff9858cc3a68d36253897d2d5922d66ad3b887,0.20032532513141632,0.2767023742198944,0
feature_fusion_v2,4cam_splc/4cam_splc/canong3_nikond70_sub_14.tif,1,9da8d2088914911bf7c0715a90668d3791183d029539834b0fd0f45c6d868b52,0.7712048292160034,0.2767023742198944,1
feature_fusion_v2,4cam_splc/4cam_splc/canong3_nikond70_sub_15.tif,1,305166f105db18d99c651973538dcf231f09e0b4bf330247785943cbe7a9a3dc,0.8056173324584961,0.2767023742198944,1
feature_fusion_v2,4cam_splc/4cam_splc/canong3_nikond70_sub_16.tif,1,116d7fb2ee8dff72d54252055194075d5a83f53b9fd6d0e25d09fe5e59d4ada2,0.13505128026008606,0.2767023742198944,0
feature_fusion_v2,4cam_splc/4cam_splc/canong3_nikond70_sub_17.tif,1,e9b3e973d883faadd5db277745fe2747cd9b568f72894ec7f057b187a41bf549,0.5865620374679565,0.2767023742198944,1
feature_fusion_v2,4cam_splc/4cam_splc/canong3_nikond70_sub_18.tif,1,6b0fb36ce3205a14d0ed49c5d1218262ca40cf6f01da494e4f21637dcdb9fc91,0.9226153492927551,0.2767023742198944,1
feature_fusion_v2,4cam_splc/4cam_splc/canong3_nikond70_sub_19.tif,1,73a0f7a1ad5656a0c1df5ce9762411c3886bcd57ac3345b4e21fc8277a8b3bd0,0.7867388725280762,0.2767023742198944,1
feature_fusion_v2,4cam_splc/4cam_splc/canong3_nikond70_sub_20.tif,1,ee61d478502adb805a5e00c01b1a38fc70c21fc31045445bb9912946316cbd67,0.5402641296386719,0.2767023742198944,1
feature_fusion_v2,4cam_splc/4cam_splc/canong3_nikond70_sub_21.tif,1,7c5fb385e3a1a2e95c6b8e94df38f09a7b00a23c397681443b694c1aeed9de60,0.5733082294464111,0.2767023742198944,1
feature_fusion_v2,4cam_splc/4cam_splc/canong3_nikond70_sub_22.tif,1,ba07a9a94f867abad8747e99428989375f28e4dc2907036cf07cb426de94478a,0.347377210855484,0.2767023742198944,1
feature_fusion_v2,4cam_splc/4cam_splc/canong3_nikond70_sub_23.tif,1,102badb28fc5017956e73c1075852cfbc6ae7183d30b4b48be6c723f8699dc4d,0.6071800589561462,0.2767023742198944,1
feature_fusion_v2,4cam_splc/4cam_splc/canong3_nikond70_sub_24.tif,1,ec1b8503ffdb5647b61e26e62756852bc64d016e1496efe5bae8f2b18a11cb7a,0.7274002432823181,0.2767023742198944,1
feature_fusion_v2,4cam_splc/4cam_splc/canong3_nikond70_sub_25.tif,1,06640b827ee4aa37456d211f088a67643cffafbb71f5ca9bf50e7d7ada95271b,0.5533679127693176,0.2767023742198944,1
feature_fusion_v2,4cam_splc/4cam_splc/canong3_nikond70_sub_26.tif,1,b9cca0509655a79d3654d5d544a64f9aa9efb60361894ac4429c5f14241dfe00,0.25763311982154846,0.2767023742198944,0
feature_fusion_v2,4cam_splc/4cam_splc/canong3_nikond70_sub_27.tif,1,c4c76dfea0e4f3c0badb184f298aaa7b7816972a3d9fdfd8b27491dc6d6416dc,0.6610346436500549,0.2767023742198944,1
feature_fusion_v2,4cam_splc/4cam_splc/canong3_nikond70_sub_28.tif,1,0ec8ce20ac94d72ad4e412f3e7bc3f68d7805cee7baa126379a46103fff03e5c,0.4606891870498657,0.2767023742198944,1
feature_fusion_v2,4cam_splc/4cam_splc/canong3_nikond70_sub_29.tif,1,d6a0a9cf4db1613ac289803e99dedc169dbc2e840ee294984b98c61f0898f365,0.19889572262763977,0.2767023742198944,0
feature_fusion_v2,4cam_splc/4cam_splc/canong3_nikond70_sub_30.tif,1,33020d7e3e6c4376d80d86a695070f230b8b8fab1570469864107669349b7246,0.2783309817314148,0.2767023742198944,1
feature_fusion_v2,4cam_splc/4cam_splc/canonxt_kodakdcs330_sub_01.tif,1,c09914ae0dbb73382d3afc16101618634f8e458e5ee4d260c4d110308368d7b0,0.7972747683525085,0.2767023742198944,1
feature_fusion_v2,4cam_splc/4cam_splc/canonxt_kodakdcs330_sub_02.tif,1,a9dd5ce6d99d6628c5dd10b805c3d26bd38bcb69750ef9b144d570b33f838e21,0.5163857340812683,0.2767023742198944,1
feature_fusion_v2,4cam_splc/4cam_splc/canonxt_kodakdcs330_sub_03.tif,1,0c843fc70ef03614e3adc9fc8421afddb2abb7451deae750cf9ee97821a95446,0.7694351077079773,0.2767023742198944,1
feature_fusion_v2,4cam_splc/4cam_splc/canonxt_kodakdcs330_sub_04.tif,1,f4e1153f137016435cd25c3abaadbc2a072c9f33b627b391b1725eab46f17dca,0.7703180313110352,0.2767023742198944,1
feature_fusion_v2,4cam_splc/4cam_splc/canonxt_kodakdcs330_sub_05.tif,1,e6fb25dcb83e90827eed7eb57f0222211b08eb3447463fda612efde43d7e6d9d,0.8751032948493958,0.2767023742198944,1
feature_fusion_v2,4cam_splc/4cam_splc/canonxt_kodakdcs330_sub_06.tif,1,b13f3a0f070104ef5993575828957844b2c23837b71be46a66f79da73430350e,0.7312304377555847,0.2767023742198944,1
feature_fusion_v2,4cam_splc/4cam_splc/canonxt_kodakdcs330_sub_07.tif,1,3a5654f4115d060925aaec7bf56d64bd7cc8ad5461426488b125fc98bb038e66,0.9461599588394165,0.2767023742198944,1
feature_fusion_v2,4cam_splc/4cam_splc/canonxt_kodakdcs330_sub_08.tif,1,4a0ce685b8296222090cba944f7acb92f19761a64734cd61eec677de9fb15c1a,0.49711281061172485,0.2767023742198944,1
feature_fusion_v2,4cam_splc/4cam_splc/canonxt_kodakdcs330_sub_09.tif,1,dbcf555501cca23710219511a3609dc0a5f6f532f59e1744184af62f9a5873dc,0.49496474862098694,0.2767023742198944,1
feature_fusion_v2,4cam_splc/4cam_splc/canonxt_kodakdcs330_sub_10.tif,1,8627d2dd73121d8bc3e5d4a2cbc92088a122ffab2291fede60f1f7128608b976,0.24785293638706207,0.2767023742198944,0
feature_fusion_v2,4cam_splc/4cam_splc/canonxt_kodakdcs330_sub_11.tif,1,af4e0025a6250cd0e2af9feb7e40db20cd998caf0f1e349283eeb80a84800398,0.838513970375061,0.2767023742198944,1
feature_fusion_v2,4cam_splc/4cam_splc/canonxt_kodakdcs330_sub_12.tif,1,7c9f3eb4d715890d5b58d527d00b288c6c4f120a5c773abc7bed119641c88c35,0.2889859676361084,0.2767023742198944,1
feature_fusion_v2,4cam_splc/4cam_splc/canonxt_kodakdcs330_sub_13.tif,1,a0436887ca15e1f8a247dc11490b7a1e938c0b8c58979739c85c29018510a93d,0.38590481877326965,0.2767023742198944,1
feature_fusion_v2,4cam_splc/4cam_splc/canonxt_kodakdcs330_sub_14.tif,1,9cfc8bf478c876aead57b9a2ae610a8c2baa14d649059266b79cd67a6714dacd,0.7089390158653259,0.2767023742198944,1
feature_fusion_v2,4cam_splc/4cam_splc/canonxt_kodakdcs330_sub_15.tif,1,402e86dda7bbd3cbf6beb8d2831a546a05d9eb127b89eb58848d0eaab200ca27,0.745372474193573,0.2767023742198944,1
feature_fusion_v2,4cam_splc/4cam_splc/canonxt_kodakdcs330_sub_16.tif,1,f9df7e6af2d214cd9b54a2a023edac00ee712b1e44bb380d7666156264a59132,0.7606135010719299,0.2767023742198944,1
feature_fusion_v2,4cam_splc/4cam_splc/canonxt_kodakdcs330_sub_17.tif,1,7d89f0115b27ac4a98a70d4bd53e48af833f86f9afa0b6f3d37d833b276553bd,0.5325233340263367,0.2767023742198944,1
feature_fusion_v2,4cam_splc/4cam_splc/canonxt_kodakdcs330_sub_18.tif,1,8bc50a9e4103c4a84917f0254a343442308ec1a7de139461477020a6f05612d8,0.4002387523651123,0.2767023742198944,1
feature_fusion_v2,4cam_splc/4cam_splc/canonxt_kodakdcs330_sub_19.tif,1,70ccacf26ae78d3aac2f938b7ebcf49b6cce6effba9ddf69c80b0b74f57d62fd,0.7283903360366821,0.2767023742198944,1
feature_fusion_v2,4cam_splc/4cam_splc/canonxt_kodakdcs330_sub_20.tif,1,34dae8f9a31da9c2be8ca414a68031f23c9102e29a1aab013191e2e24e2ffff3,0.24810603260993958,0.2767023742198944,0
feature_fusion_v2,4cam_splc/4cam_splc/canonxt_kodakdcs330_sub_21.tif,1,80c4f64fb91198930983bc1f45de0c8bfe9439fe7af900d02f9857ab8b4cb236,0.4741867780685425,0.2767023742198944,1
feature_fusion_v2,4cam_splc/4cam_splc/canonxt_kodakdcs330_sub_22.tif,1,6593faaf224fa945737736f2ce802e905b2a6fd1bb243200739d2a4953305d39,0.3493930697441101,0.2767023742198944,1
feature_fusion_v2,4cam_splc/4cam_splc/canonxt_kodakdcs330_sub_23.tif,1,e12c20282b9ce557edec9467712e516cb985c68f1eb2e7c11f06876abc4dbd91,0.6221643090248108,0.2767023742198944,1
feature_fusion_v2,4cam_splc/4cam_splc/canonxt_kodakdcs330_sub_24.tif,1,cfa81364230a2dd4a772672ca1d0891fe9f0da1246b572d106fc9bb619ce6830,0.42424193024635315,0.2767023742198944,1
feature_fusion_v2,4cam_splc/4cam_splc/canonxt_kodakdcs330_sub_25.tif,1,c13aa770e8a9aeb6c52e25633712938e9e9f0194bf85e73425244c1fcc15f899,0.18630610406398773,0.2767023742198944,0
feature_fusion_v2,4cam_splc/4cam_splc/canonxt_kodakdcs330_sub_26.tif,1,75fc1e0ebb312d7996fa94d881912cfcd11a98bfa9501a0f34b9812e7b62bbe3,0.20739196240901947,0.2767023742198944,0
feature_fusion_v2,4cam_splc/4cam_splc/canonxt_kodakdcs330_sub_27.tif,1,36ebe73c3a4565209357360956c55810efb6c23bd6bf9867a410f42486af83a5,0.8887154459953308,0.2767023742198944,1
feature_fusion_v2,4cam_splc/4cam_splc/canonxt_kodakdcs330_sub_28.tif,1,e7f9990c6bea332decfd18739bbf25d04200c755256f8223523f74806dc462d3,0.6362742781639099,0.2767023742198944,1
feature_fusion_v2,4cam_splc/4cam_splc/canonxt_kodakdcs330_sub_29.tif,1,a79c6a191c7bbab85984c47c7ed95edd7e49f1665d65a1ab7892daa5abbde954,0.4626655578613281,0.2767023742198944,1
feature_fusion_v2,4cam_splc/4cam_splc/canonxt_kodakdcs330_sub_30.tif,1,3639892113c7825175e9506961c27237cafa8d5e367fb14a995ecaadfd324e97,0.5053213238716125,0.2767023742198944,1
feature_fusion_v2,4cam_splc/4cam_splc/nikond70_canonxt_sub_01.tif,1,c84272f28ca61e002d267b154392fdec9b91828a3124f5030a7c168d0bb3bffb,0.7733291983604431,0.2767023742198944,1
feature_fusion_v2,4cam_splc/4cam_splc/nikond70_canonxt_sub_02.tif,1,4645b7271647d2d491d93afa532a84f9591b0be503cf788b6a2c7cfb08e27836,0.6338502764701843,0.2767023742198944,1
feature_fusion_v2,4cam_splc/4cam_splc/nikond70_canonxt_sub_03.tif,1,fe2917454f16eb166df47cc91cf42762b014687a73b75ba6167ff85d18cd2c82,0.6675743460655212,0.2767023742198944,1
feature_fusion_v2,4cam_splc/4cam_splc/nikond70_canonxt_sub_04.tif,1,f0d2ead43603dfee2344d7b6310cc795490162dc7cf3441be75b8485d8fc9566,0.6968428492546082,0.2767023742198944,1
feature_fusion_v2,4cam_splc/4cam_splc/nikond70_canonxt_sub_05.tif,1,a2107e21faeb68a28b6327c2c46702f0f6e99d85f974c58918e9e27171968617,0.7990397214889526,0.2767023742198944,1
feature_fusion_v2,4cam_splc/4cam_splc/nikond70_canonxt_sub_06.tif,1,416b8d87d62b13c56c83e72aa9ce8e36e83585c68c62a5785d67ba760d3eced8,0.2062876969575882,0.2767023742198944,0
feature_fusion_v2,4cam_splc/4cam_splc/nikond70_canonxt_sub_07.tif,1,6326bfeb31f0f77297d9d6d9bab14c937186cbf0db0998b15c9f8e8a88630d73,0.6326234340667725,0.2767023742198944,1
feature_fusion_v2,4cam_splc/4cam_splc/nikond70_canonxt_sub_08.tif,1,79936c8eb10a6689ac8be9232586767a4d520a3f8e86c62c0fbb97cf2b395d34,0.29236096143722534,0.2767023742198944,1
feature_fusion_v2,4cam_splc/4cam_splc/nikond70_canonxt_sub_09.tif,1,e0492d643f6611953423ca0f21ad320c9b1540fa88cee5d553e154f51a181167,0.5455239415168762,0.2767023742198944,1
feature_fusion_v2,4cam_splc/4cam_splc/nikond70_canonxt_sub_10.tif,1,bbb42d9b058365e82e83efa9e4a0816c5f357849be62063ca9a3932af932e5c1,0.43768030405044556,0.2767023742198944,1
feature_fusion_v2,4cam_splc/4cam_splc/nikond70_canonxt_sub_11.tif,1,4ff11d63902b267d4d98a144e15be5854b1864b5f4e78386b8358b99fff85ec9,0.3335196077823639,0.2767023742198944,1
feature_fusion_v2,4cam_splc/4cam_splc/nikond70_canonxt_sub_12.tif,1,dee27c64b5e88d8824890a64bcb9f590ae76e2e4b0faab4a4d194fe609e72469,0.7695706486701965,0.2767023742198944,1
feature_fusion_v2,4cam_splc/4cam_splc/nikond70_canonxt_sub_13.tif,1,f0e7d8e4eca2fbb80c81ff4ddedff8e77364c05b080b46975e457b4abb441e23,0.14818613231182098,0.2767023742198944,0
feature_fusion_v2,4cam_splc/4cam_splc/nikond70_canonxt_sub_14.tif,1,301b82b2b9f4329c1de95cedd829da0a5c1172e8371681f5560cdca247ea2b52,0.7039554715156555,0.2767023742198944,1
feature_fusion_v2,4cam_splc/4cam_splc/nikond70_canonxt_sub_15.tif,1,1dce99d3caf801b79fdeb48f8d47bfd6b90f75ccf434ffdaeba36d4c6ba87906,0.7661516070365906,0.2767023742198944,1
feature_fusion_v2,4cam_splc/4cam_splc/nikond70_canonxt_sub_16.tif,1,b19b0112c8f77d8316721d30cab042deaa5d6cf1cad7023d99b1e231e427aad6,0.31000036001205444,0.2767023742198944,1
feature_fusion_v2,4cam_splc/4cam_splc/nikond70_canonxt_sub_17.tif,1,e64bedad1fba9c0fc708b00026a2c5d3fbe15df403a10d1082c589259e41dcdc,0.3614378869533539,0.2767023742198944,1
feature_fusion_v2,4cam_splc/4cam_splc/nikond70_canonxt_sub_18.tif,1,dffb4f9ccaa3bcda78eb6b7bc4325c73104b41f0ec96d3251ed608ad9e903374,0.1815970093011856,0.2767023742198944,0
feature_fusion_v2,4cam_splc/4cam_splc/nikond70_canonxt_sub_19.tif,1,b8020acb08ea9306e64708b418d3345b1a495819050a81346937e9d485918456,0.292859822511673,0.2767023742198944,1
feature_fusion_v2,4cam_splc/4cam_splc/nikond70_canonxt_sub_20.tif,1,1b548ff423866dfe4d683d9215d12e7febf1b4be46a76eaf4788f89f6e526b35,0.15737085044384003,0.2767023742198944,0
feature_fusion_v2,4cam_splc/4cam_splc/nikond70_canonxt_sub_21.tif,1,c9ec0014d0752fefbd8b5de73e9cc3b3e54dadbc13c85558db9ebd5ec5eab60e,0.2377973347902298,0.2767023742198944,0
feature_fusion_v2,4cam_splc/4cam_splc/nikond70_canonxt_sub_22.tif,1,dd59e8e0f38216a9a8fbbb6a1da4a9f7bb4e9739b64807e5fb5744c24eac0e19,0.18277135491371155,0.2767023742198944,0
feature_fusion_v2,4cam_splc/4cam_splc/nikond70_canonxt_sub_23.tif,1,54201888390b1398279032cc043063a25f34dec327d6d446f469949214a9b9c9,0.5371787548065186,0.2767023742198944,1
feature_fusion_v2,4cam_splc/4cam_splc/nikond70_canonxt_sub_24.tif,1,59bfca8589d6407d45cec768ad6b437664fa7d7f38667dd39ed08bced9a830be,0.641467273235321,0.2767023742198944,1
feature_fusion_v2,4cam_splc/4cam_splc/nikond70_canonxt_sub_25.tif,1,896c9490255a7181ff3267ce16867c03226ed4bc7a64f5ea0d6a48dc12fda6be,0.5993130803108215,0.2767023742198944,1
feature_fusion_v2,4cam_splc/4cam_splc/nikond70_canonxt_sub_26.tif,1,46bebf3e0446fef04880ac010935ad06e4c18de2cec1fe6b0deac6758890dc2c,0.8434480428695679,0.2767023742198944,1
feature_fusion_v2,4cam_splc/4cam_splc/nikond70_canonxt_sub_27.tif,1,1c9d46e899878686310b506527ea619acbe481e76ebbd1ca84344676b6e5e4e4,0.3570918142795563,0.2767023742198944,1
feature_fusion_v2,4cam_splc/4cam_splc/nikond70_canonxt_sub_28.tif,1,9a0eb200b6c77f71a986ec08284b75450af69a1698b405a0d2faf71a1ac61b71,0.8709082007408142,0.2767023742198944,1
feature_fusion_v2,4cam_splc/4cam_splc/nikond70_canonxt_sub_29.tif,1,dbce31d9f0b9f1086aae25b36b0cedc6c8cb006bc7408e5cfb62b47bcf728e13,0.9234259128570557,0.2767023742198944,1
feature_fusion_v2,4cam_splc/4cam_splc/nikond70_canonxt_sub_30.tif,1,3144c7e30c5141bf19f2b7113c0bd27ab8dfb3846b3468b0aa633e9888f836f1,0.27889391779899597,0.2767023742198944,1
feature_fusion_v2,4cam_splc/4cam_splc/nikond70_kodakdcs330_sub_01.tif,1,211abd64b8751bc89cbf23d004bb15fddcd316d2d2b5a94e09ee00c50d3e9c70,0.6658942103385925,0.2767023742198944,1
feature_fusion_v2,4cam_splc/4cam_splc/nikond70_kodakdcs330_sub_02.tif,1,7eaca0a943909d73ceecaf11c3a87f6b8ae9d3cebfd0354cefe6dc07fea42dd8,0.6438969373703003,0.2767023742198944,1
feature_fusion_v2,4cam_splc/4cam_splc/nikond70_kodakdcs330_sub_03.tif,1,cbceae8d330732bf15471077170259f2aced24097d3cefac93fc880d0711f108,0.8769463896751404,0.2767023742198944,1
feature_fusion_v2,4cam_splc/4cam_splc/nikond70_kodakdcs330_sub_04.tif,1,3e315e88471c5419c4fa96df5bb05b3921b4ae2994e1912110d0dcaea1381c53,0.0963040366768837,0.2767023742198944,0
feature_fusion_v2,4cam_splc/4cam_splc/nikond70_kodakdcs330_sub_05.tif,1,f8b7360eefa4ceeaf9fc4eda5a8b6395f593cf51cbdceca441ef78e2f1e5adf0,0.7951335906982422,0.2767023742198944,1
feature_fusion_v2,4cam_splc/4cam_splc/nikond70_kodakdcs330_sub_06.tif,1,5bd31f946151f1cc1d250178f1a81b1988a3b04eb09fc66c5907e9efbb033b37,0.8015812039375305,0.2767023742198944,1
feature_fusion_v2,4cam_splc/4cam_splc/nikond70_kodakdcs330_sub_07.tif,1,840dc852a97e1bd75ceb14162125f781de3040e2838f4297d83519cd052037dc,0.6254248023033142,0.2767023742198944,1
feature_fusion_v2,4cam_splc/4cam_splc/nikond70_kodakdcs330_sub_08.tif,1,0dd959148424017f80046fe601a6188f7bede5a8d384e51f912d1e8dc4fbe52b,0.8530005812644958,0.2767023742198944,1
feature_fusion_v2,4cam_splc/4cam_splc/nikond70_kodakdcs330_sub_09.tif,1,0d9dcf6238355b8f978ea9465e5f46da8f083a42f2073341aa34367b14884f24,0.5285265445709229,0.2767023742198944,1
feature_fusion_v2,4cam_splc/4cam_splc/nikond70_kodakdcs330_sub_10.tif,1,8b2db3678a9c41b758fcc26b33637c5218ab927f699d4ebd114432eaaba128c2,0.7993395328521729,0.2767023742198944,1
feature_fusion_v2,4cam_splc/4cam_splc/nikond70_kodakdcs330_sub_11.tif,1,7a6912f8069ce67c71cd08c9af05878bf60e4457817c1891b6d0569bb699119c,0.6028687357902527,0.2767023742198944,1
feature_fusion_v2,4cam_splc/4cam_splc/nikond70_kodakdcs330_sub_12.tif,1,510be1a096af8b7f4213487541e2005da2ac1e0a8f037ab1b8c464cfdcd52d9f,0.8122374415397644,0.2767023742198944,1
feature_fusion_v2,4cam_splc/4cam_splc/nikond70_kodakdcs330_sub_13.tif,1,b8c9456e49424d8e251e3bf87198cc95a68d85a7ced7cfa0732e9da7e2e7e6aa,0.4534866511821747,0.2767023742198944,1
feature_fusion_v2,4cam_splc/4cam_splc/nikond70_kodakdcs330_sub_14.tif,1,bcb548c99a81d36b9f52a5fb4cb3a0ff488497684cea255a33b67098afede4e5,0.3841530680656433,0.2767023742198944,1
feature_fusion_v2,4cam_splc/4cam_splc/nikond70_kodakdcs330_sub_15.tif,1,91c349fce8a2ddb56e4c067c7eda932bb0cb2f0193277775997bd71c0314ac26,0.711637020111084,0.2767023742198944,1
feature_fusion_v2,4cam_splc/4cam_splc/nikond70_kodakdcs330_sub_16.tif,1,552fffa466214c4e07c39ce76d78039528581243996fbd5580bd74d6261f6a50,0.888741135597229,0.2767023742198944,1
feature_fusion_v2,4cam_splc/4cam_splc/nikond70_kodakdcs330_sub_17.tif,1,d666dec5d7d87c50454b86f0ab8291ef36369ea21ee76cdfdd5f6d2325c71caf,0.6755298376083374,0.2767023742198944,1
feature_fusion_v2,4cam_splc/4cam_splc/nikond70_kodakdcs330_sub_18.tif,1,76500b7dd06d28d99e480f7afad99c95288c714046e5578935e195fdd2eccdf6,0.7222715020179749,0.2767023742198944,1
feature_fusion_v2,4cam_splc/4cam_splc/nikond70_kodakdcs330_sub_19.tif,1,c09c6e4ceeb030ea8f820e39a8dc84cdabb963f09e98d9e9314d951f3870b637,0.8838685154914856,0.2767023742198944,1
feature_fusion_v2,4cam_splc/4cam_splc/nikond70_kodakdcs330_sub_20.tif,1,bb45c1b8cd3e9cacb19c80d77013fd85fe128e09aa4d6a2cb0f797bfc6c42290,0.2887251675128937,0.2767023742198944,1
feature_fusion_v2,4cam_splc/4cam_splc/nikond70_kodakdcs330_sub_21.tif,1,313a06624e819fc462df2ca8eec21b554b1da7960835cd1260837ca145b599df,0.7361307740211487,0.2767023742198944,1
feature_fusion_v2,4cam_splc/4cam_splc/nikond70_kodakdcs330_sub_22.tif,1,377c1733f37d678a2a99034848f396199859546d9081836f9dc58b2e51264100,0.34695786237716675,0.2767023742198944,1
feature_fusion_v2,4cam_splc/4cam_splc/nikond70_kodakdcs330_sub_23.tif,1,84f0774e135a72aed9364b18aa76662e76c2c4c9d47234d5c6963c243b0f92eb,0.5572102069854736,0.2767023742198944,1
feature_fusion_v2,4cam_splc/4cam_splc/nikond70_kodakdcs330_sub_24.tif,1,eb30327dfcd90123b085529af154793fb3d5591f734a9056349fdc3b4bb39dc8,0.4883192181587219,0.2767023742198944,1
feature_fusion_v2,4cam_splc/4cam_splc/nikond70_kodakdcs330_sub_25.tif,1,73510ccf6c342f9609f94532cc53f5960a10fa885d9380af8a4491386d60125e,0.6194013953208923,0.2767023742198944,1
feature_fusion_v2,4cam_splc/4cam_splc/nikond70_kodakdcs330_sub_26.tif,1,5ab71cda3dbf5a10f8e187947739dfa2a01a6b4fe6544a8c58272fa6f4379032,0.38055455684661865,0.2767023742198944,1
feature_fusion_v2,4cam_splc/4cam_splc/nikond70_kodakdcs330_sub_27.tif,1,60ca8a65b225e10cb1a52d2c00ddf987c9c6a83195666b325c473a923b94f856,0.4286831319332123,0.2767023742198944,1
feature_fusion_v2,4cam_splc/4cam_splc/nikond70_kodakdcs330_sub_28.tif,1,d64fdee2cac84ed2e9c74697641432c5a32640106c5c0815dfdb6ec466cc3306,0.5113623738288879,0.2767023742198944,1
feature_fusion_v2,4cam_splc/4cam_splc/nikond70_kodakdcs330_sub_29.tif,1,a553528feb7827e06cbb6dc5e3c3d5a9f33d35dee02f18f945c374107e4ce826,0.39580708742141724,0.2767023742198944,1
feature_fusion_v2,4cam_splc/4cam_splc/nikond70_kodakdcs330_sub_30.tif,1,379f63a43ad0216e05df496d93612ecac557aa9c038130bf139bb09db25b3b7d,0.6121864318847656,0.2767023742198944,1
